version 2
JvmtiExport can_access_local_variables 0
JvmtiExport can_hotswap_or_post_breakpoint 0
JvmtiExport can_post_on_exceptions 0
# 571 ciObject found
instanceKlass org/sonar/python/types/protobuf/SymbolsProtos$FunctionSymbol$Builder
ciInstanceKlass java/lang/Cloneable 1 0 7 100 1 100 1 1 1
instanceKlass  @bci org/sonar/python/types/InferredTypes lambda$anyOrUnknownClassType$1 (Lorg/sonar/plugins/python/api/symbols/Symbol;)Z 11 <appendix> argL0 ; # org/sonar/python/types/InferredTypes$$Lambda+0x0000013c9c5fe6d8
instanceKlass  @bci org/sonar/python/types/InferredTypes fromTypeshedProtobuf (Lorg/sonar/python/types/protobuf/SymbolsProtos$Type;)Lorg/sonar/plugins/python/api/types/InferredType; 187 <appendix> argL0 ; # org/sonar/python/types/InferredTypes$$Lambda+0x0000013c9c5fe4b8
instanceKlass  @bci org/sonar/python/types/InferredTypes fromTypeshedProtobuf (Lorg/sonar/python/types/protobuf/SymbolsProtos$Type;)Lorg/sonar/plugins/python/api/types/InferredType; 179 <appendix> argL0 ; # org/sonar/python/types/InferredTypes$$Lambda+0x0000013c9c5fe278
instanceKlass  @bci org/sonar/python/types/InferredTypes fromTypeshedProtobuf (Lorg/sonar/python/types/protobuf/SymbolsProtos$Type;)Lorg/sonar/plugins/python/api/types/InferredType; 171 <appendix> argL0 ; # org/sonar/python/types/InferredTypes$$Lambda+0x0000013c9c5fe038
instanceKlass  @bci org/sonar/python/types/InferredTypes fromTypeshedProtobuf (Lorg/sonar/python/types/protobuf/SymbolsProtos$Type;)Lorg/sonar/plugins/python/api/types/InferredType; 163 <appendix> argL0 ; # org/sonar/python/types/InferredTypes$$Lambda+0x0000013c9c5fddf8
instanceKlass  @bci org/sonar/python/types/InferredTypes lambda$filterTypeVar$4 (Ljava/lang/String;)Z 14 <appendix> member <vmtarget> ; # org/sonar/python/types/InferredTypes$$Lambda+0x0000013c9c5fdba0
instanceKlass  @bci org/sonar/python/types/InferredTypes filterTypeVar (Lorg/sonar/python/types/protobuf/SymbolsProtos$Type;)Z 34 <appendix> argL0 ; # org/sonar/python/types/InferredTypes$$Lambda+0x0000013c9c5fd950
instanceKlass  @bci org/sonar/python/types/InferredTypes filterTypeVar (Lorg/sonar/python/types/protobuf/SymbolsProtos$Type;)Z 23 <appendix> argL0 ; # org/sonar/python/types/InferredTypes$$Lambda+0x0000013c9c5fd700
instanceKlass  @bci org/sonar/python/types/InferredTypes filterTypeVar (Lorg/sonar/python/types/protobuf/SymbolsProtos$Type;)Z 15 <appendix> argL0 ; # org/sonar/python/types/InferredTypes$$Lambda+0x0000013c9c5fd4c0
instanceKlass  @bci org/sonar/python/types/InferredTypes filterTypeVar (Lorg/sonar/python/types/protobuf/SymbolsProtos$Type;)Z 4 <appendix> argL0 ; # org/sonar/python/types/InferredTypes$$Lambda+0x0000013c9c5fd270
instanceKlass  @bci org/sonar/python/types/InferredTypes fromTypeshedProtobuf (Lorg/sonar/python/types/protobuf/SymbolsProtos$Type;)Lorg/sonar/plugins/python/api/types/InferredType; 155 <appendix> argL0 ; # org/sonar/python/types/InferredTypes$$Lambda+0x0000013c9c5fd020
instanceKlass  @bci org/sonar/python/types/InferredTypes fromTypeshedProtobuf (Lorg/sonar/python/types/protobuf/SymbolsProtos$Type;)Lorg/sonar/plugins/python/api/types/InferredType; 125 <appendix> argL0 ; # org/sonar/python/types/InferredTypes$$Lambda+0x0000013c9c5fcde0
instanceKlass org/sonar/python/types/InferredTypes$1
instanceKlass  @bci org/sonar/python/tree/CallExpressionImpl getType (Lorg/sonar/plugins/python/api/symbols/Symbol;)Lorg/sonar/plugins/python/api/types/InferredType; 111 <appendix> argL0 ; # org/sonar/python/tree/CallExpressionImpl$$Lambda+0x0000013c9c5fc998
instanceKlass  @bci org/sonar/python/types/FlowSensitiveTypeInference$IsInstanceVisitor getFirstArgumentSymbol (Lorg/sonar/plugins/python/api/tree/CallExpression;)Lorg/sonar/plugins/python/api/symbols/Symbol; 93 <appendix> argL0 ; # org/sonar/python/types/FlowSensitiveTypeInference$IsInstanceVisitor$$Lambda+0x0000013c9c5fc748
instanceKlass org/sonar/python/tree/ComprehensionExpressionImpl$1
instanceKlass java/util/stream/ReduceOps$6ReducingSink
instanceKlass  @bci java/util/stream/IntPipeline max ()Ljava/util/OptionalInt; 1 <appendix> argL0 ; # java/util/stream/IntPipeline$$Lambda+0x0000013c9c277d30
instanceKlass java/util/function/IntBinaryOperator
instanceKlass  @bci org/sonar/python/types/TypeShed disambiguateWithLatestPythonSymbol (Ljava/util/Set;)Lorg/sonar/plugins/python/api/symbols/Symbol; 46 <appendix> argL0 ; # org/sonar/python/types/TypeShed$$Lambda+0x0000013c9c5fc320
instanceKlass  @bci org/sonar/python/types/TypeShed disambiguateSymbolsWithSameName (Ljava/lang/String;Ljava/util/Set;Ljava/lang/String;)Lorg/sonar/plugins/python/api/symbols/Symbol; 55 <appendix> argL0 ; # org/sonar/python/types/TypeShed$$Lambda+0x0000013c9c5fc0e0
instanceKlass  @bci org/sonar/python/types/TypeShed disambiguateSymbolsWithSameName (Ljava/lang/String;Ljava/util/Set;Ljava/lang/String;)Lorg/sonar/plugins/python/api/symbols/Symbol; 45 <appendix> argL0 ; # org/sonar/python/types/TypeShed$$Lambda+0x0000013c9c5fbea0
instanceKlass com/google/protobuf/GeneratedMessage$CachedDescriptorRetriever
instanceKlass  @bci org/sonar/python/tree/StringLiteralImpl type ()Lorg/sonar/plugins/python/api/types/InferredType; 51 <appendix> argL0 ; # org/sonar/python/tree/StringLiteralImpl$$Lambda+0x0000013c9c5fb7d8
instanceKlass  @bci org/sonar/python/cfg/ControlFlowGraphBuilder buildForStatement (Lorg/sonar/plugins/python/api/tree/ForStatement;Lorg/sonar/python/cfg/PythonCfgBlock;)Lorg/sonar/python/cfg/PythonCfgBlock; 37 <appendix> member <vmtarget> ; # org/sonar/python/cfg/ControlFlowGraphBuilder$$Lambda+0x0000013c9c5fb5a0
instanceKlass org/sonar/python/cfg/ControlFlowGraphBuilder$Loop
instanceKlass  @bci org/sonar/python/cfg/ControlFlowGraphBuilder buildLoop (Lorg/sonar/plugins/python/api/tree/Tree;Ljava/util/List;Lorg/sonar/plugins/python/api/tree/StatementList;Lorg/sonar/plugins/python/api/tree/ElseClause;Lorg/sonar/python/cfg/PythonCfgBlock;)Lorg/sonar/python/cfg/PythonCfgBlock; 50 <appendix> member <vmtarget> ; # org/sonar/python/cfg/ControlFlowGraphBuilder$$Lambda+0x0000013c9c5fb368
instanceKlass  @bci org/sonar/python/types/InferredTypes anyOrUnknownClassType (Lorg/sonar/plugins/python/api/symbols/Symbol;)Lorg/sonar/plugins/python/api/types/InferredType; 58 <appendix> argL0 ; # org/sonar/python/types/InferredTypes$$Lambda+0x0000013c9c5fb148
instanceKlass  @bci org/sonar/python/types/InferredTypes anyOrUnknownClassType (Lorg/sonar/plugins/python/api/symbols/Symbol;)Lorg/sonar/plugins/python/api/types/InferredType; 50 <appendix> argL0 ; # org/sonar/python/types/InferredTypes$$Lambda+0x0000013c9c5faf08
instanceKlass  @bci org/sonar/python/types/InferredTypes anyOrUnknownClassType (Lorg/sonar/plugins/python/api/symbols/Symbol;)Lorg/sonar/plugins/python/api/types/InferredType; 42 <appendix> member <vmtarget> ; # org/sonar/python/types/InferredTypes$$Lambda+0x0000013c9c5facc0
instanceKlass  @bci org/sonar/python/types/InferredTypes anyOrUnknownClassType (Lorg/sonar/plugins/python/api/symbols/Symbol;)Lorg/sonar/plugins/python/api/types/InferredType; 27 <appendix> member <vmtarget> ; # org/sonar/python/types/InferredTypes$$Lambda+0x0000013c9c5faa68
instanceKlass  @bci org/sonar/python/types/InferredTypes anyOrUnknownClassType (Lorg/sonar/plugins/python/api/symbols/Symbol;)Lorg/sonar/plugins/python/api/types/InferredType; 12 <appendix> argL0 ; # org/sonar/python/types/InferredTypes$$Lambda+0x0000013c9c5fa818
instanceKlass  @bci org/sonar/python/types/InferredTypes anyOrUnknownClassType (Lorg/sonar/plugins/python/api/symbols/Symbol;)Lorg/sonar/plugins/python/api/types/InferredType; 4 <appendix> argL0 ; # org/sonar/python/types/InferredTypes$$Lambda+0x0000013c9c5fa5c8
instanceKlass  @bci org/sonar/python/types/InferredTypes union (Ljava/util/stream/Stream;)Lorg/sonar/plugins/python/api/types/InferredType; 1 <appendix> argL0 ; # org/sonar/python/types/InferredTypes$$Lambda+0x0000013c9c5fa380
instanceKlass  @bci org/sonar/python/types/FlowSensitiveTypeInference updateProgramState (Lorg/sonar/plugins/python/api/tree/Tree;Lorg/sonar/python/cfg/fixpoint/ProgramState;)V 58 <appendix> member <vmtarget> ; # org/sonar/python/types/FlowSensitiveTypeInference$$Lambda+0x0000013c9c5fa148
instanceKlass  @bci org/sonar/python/types/FlowSensitiveTypeInference handleAssignment (Lorg/sonar/plugins/python/api/tree/Statement;Lorg/sonar/python/types/TypeInferenceProgramState;)V 18 <appendix> member <vmtarget> ; # org/sonar/python/types/FlowSensitiveTypeInference$$Lambda+0x0000013c9c5f9f10
instanceKlass  @bci org/sonar/python/types/TypeInference$NameVisitor visitName (Lorg/sonar/plugins/python/api/tree/Name;)V 10 <appendix> member <vmtarget> ; # org/sonar/python/types/TypeInference$NameVisitor$$Lambda+0x0000013c9c5f9cd8
instanceKlass  @bci org/sonar/python/types/RuntimeType typeClassMembersFQN ()Ljava/util/Set; 22 <appendix> argL0 ; # org/sonar/python/types/RuntimeType$$Lambda+0x0000013c9c5f9280
instanceKlass  @bci org/sonar/python/types/RuntimeType typeClassSuperClassesFQN ()Ljava/util/Set; 22 <appendix> argL0 ; # org/sonar/python/types/RuntimeType$$Lambda+0x0000013c9c5f9040
instanceKlass  @bci org/sonar/python/semantic/ClassSymbolImpl superClasses ()Ljava/util/List; 27 <appendix> member <vmtarget> ; # org/sonar/python/semantic/ClassSymbolImpl$$Lambda+0x0000013c9c5f8e08
instanceKlass  @bci org/sonar/python/semantic/ClassSymbolImpl superClasses ()Ljava/util/List; 16 <appendix> argL0 ; # org/sonar/python/semantic/ClassSymbolImpl$$Lambda+0x0000013c9c5f8bc8
instanceKlass org/sonar/python/types/UnionType
instanceKlass  @bci org/sonar/python/types/TypeInference$Propagation areDependenciesReady (Ljava/util/Set;)Z 32 <appendix> argL0 ; # org/sonar/python/types/TypeInference$Propagation$$Lambda+0x0000013c9c5f86b0
instanceKlass  @bci org/sonar/python/types/TypeInference$Propagation areDependenciesReady (Ljava/util/Set;)Z 22 <appendix> argL0 ; # org/sonar/python/types/TypeInference$Propagation$$Lambda+0x0000013c9c5f8470
instanceKlass  @bci org/sonar/python/types/TypeInference lambda$processPropagations$12 (Ljava/util/Set;Ljava/util/Set;Lorg/sonar/plugins/python/api/symbols/Symbol;Ljava/util/Set;)V 12 <appendix> member <vmtarget> ; # org/sonar/python/types/TypeInference$$Lambda+0x0000013c9c5f8238
instanceKlass  @bci org/sonar/python/types/TypeInference processPropagations (Ljava/util/Set;)V 88 <appendix> member <vmtarget> ; # org/sonar/python/types/TypeInference$$Lambda+0x0000013c9c5f8000
instanceKlass  @bci org/sonar/python/types/TypeInference processAssignment (Lorg/sonar/plugins/python/api/tree/Statement;Lorg/sonar/plugins/python/api/tree/Expression;Lorg/sonar/plugins/python/api/tree/Expression;)V 78 <appendix> argL0 ; # org/sonar/python/types/TypeInference$$Lambda+0x0000013c9c5f7ba8
instanceKlass  @bci org/sonar/python/types/TypeInference visitAssignmentStatement (Lorg/sonar/plugins/python/api/tree/AssignmentStatement;)V 41 <appendix> argL0 ; # org/sonar/python/types/TypeInference$$Lambda+0x0000013c9c5f7968
instanceKlass  @bci org/sonar/python/types/TypeInference visitAssignmentStatement (Lorg/sonar/plugins/python/api/tree/AssignmentStatement;)V 16 <appendix> argL0 ; # org/sonar/python/types/TypeInference$$Lambda+0x0000013c9c5f7718
instanceKlass  @bci org/sonar/python/types/TypeInferenceProgramState join (Lorg/sonar/python/cfg/fixpoint/ProgramState;)Lorg/sonar/python/cfg/fixpoint/ProgramState; 32 <appendix> member <vmtarget> ; # org/sonar/python/types/TypeInferenceProgramState$$Lambda+0x0000013c9c5f74e0
instanceKlass  @bci org/sonar/python/types/TypeInferenceProgramState join (Lorg/sonar/python/cfg/fixpoint/ProgramState;)Lorg/sonar/python/cfg/fixpoint/ProgramState; 17 <appendix> member <vmtarget> ; # org/sonar/python/types/TypeInferenceProgramState$$Lambda+0x0000013c9c5f72a8
instanceKlass  @bci org/sonar/python/types/FlowSensitiveTypeInference$1 visitQualifiedExpression (Lorg/sonar/plugins/python/api/tree/QualifiedExpression;)V 24 <appendix> argL0 ; # org/sonar/python/types/FlowSensitiveTypeInference$1$$Lambda+0x0000013c9c5f7078
instanceKlass  @bci org/sonar/python/types/FlowSensitiveTypeInference$1 visitName (Lorg/sonar/plugins/python/api/tree/Name;)V 14 <appendix> member <vmtarget> ; # org/sonar/python/types/FlowSensitiveTypeInference$1$$Lambda+0x0000013c9c5f6e40
instanceKlass org/sonar/python/types/TypeInferenceProgramState
instanceKlass  @bci org/sonar/python/types/TypeInference lambda$flowSensitiveTypeInference$10 (Ljava/util/List;)Ljava/util/Map; 21 <appendix> argL0 ; # org/sonar/python/types/TypeInference$$Lambda+0x0000013c9c5f5748
instanceKlass  @bci org/sonar/python/types/TypeInference lambda$flowSensitiveTypeInference$10 (Ljava/util/List;)Ljava/util/Map; 16 <appendix> argL0 ; # org/sonar/python/types/TypeInference$$Lambda+0x0000013c9c5f5508
instanceKlass  @bci org/sonar/python/types/TypeInference lambda$flowSensitiveTypeInference$10 (Ljava/util/List;)Ljava/util/Map; 6 <appendix> argL0 ; # org/sonar/python/types/TypeInference$$Lambda+0x0000013c9c5f52b8
instanceKlass  @bci org/sonar/python/types/TypeInference flowSensitiveTypeInference (Lorg/sonar/plugins/python/api/cfg/ControlFlowGraph;Ljava/util/Set;Lorg/sonar/plugins/python/api/tree/Tree;)V 24 <appendix> argL0 ; # org/sonar/python/types/TypeInference$$Lambda+0x0000013c9c5f5078
instanceKlass  @bci org/sonar/python/types/TypeInference flowSensitiveTypeInference (Lorg/sonar/plugins/python/api/cfg/ControlFlowGraph;Ljava/util/Set;Lorg/sonar/plugins/python/api/tree/Tree;)V 16 <appendix> argL0 ; # org/sonar/python/types/TypeInference$$Lambda+0x0000013c9c5f4e38
instanceKlass  @bci org/sonar/python/types/TypeInference flowSensitiveTypeInference (Lorg/sonar/plugins/python/api/cfg/ControlFlowGraph;Ljava/util/Set;Lorg/sonar/plugins/python/api/tree/Tree;)V 8 <appendix> argL0 ; # org/sonar/python/types/TypeInference$$Lambda+0x0000013c9c5f4bf8
instanceKlass  @bci org/sonar/python/types/TypeInference getTrackedVars (Ljava/util/Set;Ljava/util/Set;)Ljava/util/Set; 82 <appendix> argL0 ; # org/sonar/python/types/TypeInference$$Lambda+0x0000013c9c5f49a8
instanceKlass  @bci org/sonar/python/types/TypeInference getTrackedVars (Ljava/util/Set;Ljava/util/Set;)Ljava/util/Set; 58 <appendix> member <vmtarget> ; # org/sonar/python/types/TypeInference$$Lambda+0x0000013c9c5f4750
instanceKlass  @bci org/sonar/python/types/TypeInference getTrackedVars (Ljava/util/Set;Ljava/util/Set;)Ljava/util/Set; 47 <appendix> argL0 ; # org/sonar/python/types/TypeInference$$Lambda+0x0000013c9c5f4500
instanceKlass  @bci org/sonar/python/types/TypeInference inferTypesAndMemberAccessSymbols (Lorg/sonar/plugins/python/api/tree/Tree;Lorg/sonar/plugins/python/api/tree/StatementList;Ljava/util/Set;Ljava/util/Set;Ljava/util/function/Supplier;)V 42 <appendix> argL0 ; # org/sonar/python/types/TypeInference$$Lambda+0x0000013c9c5f38b0
instanceKlass  @bci org/sonar/python/types/TypeInference inferTypesAndMemberAccessSymbols (Lorg/sonar/plugins/python/api/tree/Tree;Lorg/sonar/plugins/python/api/tree/StatementList;Ljava/util/Set;Ljava/util/Set;Ljava/util/function/Supplier;)V 32 <appendix> argL0 ; # org/sonar/python/types/TypeInference$$Lambda+0x0000013c9c5f3448
instanceKlass org/sonar/python/types/TypeInference$Propagation
instanceKlass  @bci org/sonar/python/types/TypeInference inferTypesAndMemberAccessSymbols (Lorg/sonar/plugins/python/api/tree/FunctionDef;Lorg/sonar/plugins/python/api/PythonFile;)V 57 <appendix> member <vmtarget> ; # org/sonar/python/types/TypeInference$$Lambda+0x0000013c9c5f2dd0
instanceKlass  @bci org/sonar/python/types/TypeInference inferTypesAndMemberAccessSymbols (Lorg/sonar/plugins/python/api/tree/FunctionDef;Lorg/sonar/plugins/python/api/PythonFile;)V 19 <appendix> argL0 ; # org/sonar/python/types/TypeInference$$Lambda+0x0000013c9c5f2b90
instanceKlass  @bci org/sonar/python/types/TypeInference inferTypesAndMemberAccessSymbols (Lorg/sonar/plugins/python/api/tree/FunctionDef;Lorg/sonar/plugins/python/api/PythonFile;)V 9 <appendix> argL0 ; # org/sonar/python/types/TypeInference$$Lambda+0x0000013c9c5f2940
instanceKlass  @bci org/sonar/python/semantic/SymbolTableBuilder$ThirdPhaseVisitor visitQualifiedExpression (Lorg/sonar/plugins/python/api/tree/QualifiedExpression;)V 48 <appendix> member <vmtarget> ; # org/sonar/python/semantic/SymbolTableBuilder$ThirdPhaseVisitor$$Lambda+0x0000013c9c5f16c8
instanceKlass  @bci org/sonar/python/semantic/SymbolTableBuilder$ThirdPhaseVisitor visitQualifiedExpression (Lorg/sonar/plugins/python/api/tree/QualifiedExpression;)V 38 <appendix> member <vmtarget> ; # org/sonar/python/semantic/SymbolTableBuilder$ThirdPhaseVisitor$$Lambda+0x0000013c9c5f1480
instanceKlass  @bci org/sonar/python/semantic/SymbolTableBuilder$ThirdPhaseVisitor visitQualifiedExpression (Lorg/sonar/plugins/python/api/tree/QualifiedExpression;)V 29 <appendix> member <vmtarget> ; # org/sonar/python/semantic/SymbolTableBuilder$ThirdPhaseVisitor$$Lambda+0x0000013c9c5f1238
instanceKlass  @bci org/sonar/python/semantic/SymbolTableBuilder$ThirdPhaseVisitor visitQualifiedExpression (Lorg/sonar/plugins/python/api/tree/QualifiedExpression;)V 14 <appendix> argL0 ; # org/sonar/python/semantic/SymbolTableBuilder$ThirdPhaseVisitor$$Lambda+0x0000013c9c5f0fe8
instanceKlass  @bci org/sonar/python/semantic/FunctionSymbolImpl annotatedTypeName (Lorg/sonar/plugins/python/api/tree/TypeAnnotation;)Ljava/lang/String; 20 <appendix> argL0 ; # org/sonar/python/semantic/FunctionSymbolImpl$$Lambda+0x0000013c9c5f0da8
instanceKlass  @bci org/sonar/python/semantic/FunctionSymbolImpl annotatedTypeName (Lorg/sonar/plugins/python/api/tree/TypeAnnotation;)Ljava/lang/String; 12 <appendix> argL0 ; # org/sonar/python/semantic/FunctionSymbolImpl$$Lambda+0x0000013c9c5f0b68
instanceKlass  @bci org/sonar/python/semantic/FunctionSymbolImpl annotatedTypeName (Lorg/sonar/plugins/python/api/tree/TypeAnnotation;)Ljava/lang/String; 4 <appendix> argL0 ; # org/sonar/python/semantic/FunctionSymbolImpl$$Lambda+0x0000013c9c5f0928
instanceKlass org/sonar/python/semantic/FunctionSymbolImpl$ParameterType
instanceKlass  @bci org/sonar/python/semantic/FunctionSymbolImpl lambda$createParameterNames$4 (Lorg/sonar/plugins/python/api/tree/AnyParameter;)Z 31 <appendix> member <vmtarget> ; # org/sonar/python/semantic/FunctionSymbolImpl$$Lambda+0x0000013c9c5f06d0
instanceKlass  @bci org/sonar/python/semantic/FunctionSymbolImpl lambda$createParameterNames$4 (Lorg/sonar/plugins/python/api/tree/AnyParameter;)Z 20 <appendix> argL0 ; # org/sonar/python/semantic/FunctionSymbolImpl$$Lambda+0x0000013c9c5f0490
instanceKlass  @bci org/sonar/python/semantic/FunctionSymbolImpl lambda$createParameterNames$4 (Lorg/sonar/plugins/python/api/tree/AnyParameter;)Z 12 <appendix> argL0 ; # org/sonar/python/semantic/FunctionSymbolImpl$$Lambda+0x0000013c9c5f0250
instanceKlass  @bci org/sonar/python/semantic/FunctionSymbolImpl lambda$createParameterNames$4 (Lorg/sonar/plugins/python/api/tree/AnyParameter;)Z 4 <appendix> argL0 ; # org/sonar/python/semantic/FunctionSymbolImpl$$Lambda+0x0000013c9c5f0000
instanceKlass  @bci org/sonar/python/semantic/FunctionSymbolImpl createParameterNames (Ljava/util/List;Ljava/lang/String;)V 15 <appendix> argL0 ; # org/sonar/python/semantic/FunctionSymbolImpl$$Lambda+0x0000013c9c5efb98
instanceKlass  @bci org/sonar/python/semantic/SymbolTableBuilder addSymbolsToTree (Lorg/sonar/python/tree/FileInputImpl;)V 316 <appendix> member <vmtarget> ; # org/sonar/python/semantic/SymbolTableBuilder$$Lambda+0x0000013c9c5ef140
instanceKlass  @bci org/sonar/python/semantic/SymbolTableBuilder addSymbolsToTree (Lorg/sonar/python/tree/FileInputImpl;)V 300 <appendix> member <vmtarget> ; # org/sonar/python/semantic/SymbolTableBuilder$$Lambda+0x0000013c9c5eeee8
instanceKlass  @bci org/sonar/python/semantic/SymbolTableBuilder addSymbolsToTree (Lorg/sonar/python/tree/FileInputImpl;)V 406 <appendix> member <vmtarget> ; # org/sonar/python/semantic/SymbolTableBuilder$$Lambda+0x0000013c9c5eecb0
instanceKlass  @bci org/sonar/python/semantic/SymbolTableBuilder createAmbiguousSymbols ()V 135 <appendix> argL0 ; # org/sonar/python/semantic/SymbolTableBuilder$$Lambda+0x0000013c9c5eea60
instanceKlass  @bci org/sonar/python/semantic/SymbolTableBuilder createAmbiguousSymbols ()V 207 <appendix> member <vmtarget> ; # org/sonar/python/semantic/SymbolTableBuilder$$Lambda+0x0000013c9c5ee828
instanceKlass org/sonar/python/semantic/SymbolTableBuilder$SymbolToUpdate
instanceKlass  @bci org/sonar/python/semantic/SymbolTableBuilder createAmbiguousSymbols ()V 100 <appendix> argL0 ; # org/sonar/python/semantic/SymbolTableBuilder$$Lambda+0x0000013c9c5ee3c8
instanceKlass  @bci org/sonar/python/semantic/SymbolTableBuilder$SecondPhaseVisitor addSymbolUsage (Lorg/sonar/plugins/python/api/tree/Name;)V 45 <appendix> member <vmtarget> ; # org/sonar/python/semantic/SymbolTableBuilder$SecondPhaseVisitor$$Lambda+0x0000013c9c5ee170
instanceKlass  @bci org/sonar/python/semantic/SymbolTableBuilder$FirstPhaseVisitor visitNonlocalStatement (Lorg/sonar/plugins/python/api/tree/NonlocalStatement;)V 22 <appendix> member <vmtarget> ; # org/sonar/python/semantic/SymbolTableBuilder$FirstPhaseVisitor$$Lambda+0x0000013c9c5ed6f8
instanceKlass  @bci org/sonar/python/semantic/SymbolTableBuilder$FirstPhaseVisitor visitNonlocalStatement (Lorg/sonar/plugins/python/api/tree/NonlocalStatement;)V 11 <appendix> argL0 ; # org/sonar/python/semantic/SymbolTableBuilder$FirstPhaseVisitor$$Lambda+0x0000013c9c5ed4b8
instanceKlass  @bci org/sonar/python/semantic/SymbolTableBuilder$FirstPhaseVisitor scopeQualifiedName ()Ljava/lang/String; 80 <appendix> argL0 ; # org/sonar/python/semantic/SymbolTableBuilder$FirstPhaseVisitor$$Lambda+0x0000013c9c5ed278
instanceKlass  @bci org/sonar/python/semantic/SymbolTableBuilder$FirstPhaseVisitor visitWithItem (Lorg/sonar/plugins/python/api/tree/WithItem;)V 10 <appendix> member <vmtarget> ; # org/sonar/python/semantic/SymbolTableBuilder$FirstPhaseVisitor$$Lambda+0x0000013c9c5ed040
instanceKlass  @bci org/sonar/python/semantic/SymbolTableBuilder$FirstPhaseVisitor addCompDeclarationParam (Lorg/sonar/plugins/python/api/tree/Tree;)V 5 <appendix> member <vmtarget> ; # org/sonar/python/semantic/SymbolTableBuilder$FirstPhaseVisitor$$Lambda+0x0000013c9c5ece08
instanceKlass  @bci org/sonar/python/semantic/SymbolTableBuilder$FirstPhaseVisitor lambda$createLoopVariables$7 (Lorg/sonar/plugins/python/api/tree/Expression;)V 5 <appendix> member <vmtarget> ; # org/sonar/python/semantic/SymbolTableBuilder$FirstPhaseVisitor$$Lambda+0x0000013c9c5ecbd0
instanceKlass  @bci org/sonar/python/semantic/SymbolTableBuilder$FirstPhaseVisitor createLoopVariables (Lorg/sonar/plugins/python/api/tree/ForStatement;)V 7 <appendix> member <vmtarget> ; # org/sonar/python/semantic/SymbolTableBuilder$FirstPhaseVisitor$$Lambda+0x0000013c9c5ec998
instanceKlass  @bci org/sonar/python/semantic/SymbolTableBuilder$FirstPhaseVisitor visitGlobalStatement (Lorg/sonar/plugins/python/api/tree/GlobalStatement;)V 7 <appendix> member <vmtarget> ; # org/sonar/python/semantic/SymbolTableBuilder$FirstPhaseVisitor$$Lambda+0x0000013c9c5ec760
instanceKlass  @bci org/sonar/python/semantic/SymbolTableBuilder$FirstPhaseVisitor visitExceptClause (Lorg/sonar/plugins/python/api/tree/ExceptClause;)V 10 <appendix> member <vmtarget> ; # org/sonar/python/semantic/SymbolTableBuilder$FirstPhaseVisitor$$Lambda+0x0000013c9c5ec528
instanceKlass  @bci org/sonar/python/semantic/SymbolTableBuilder$FirstPhaseVisitor lambda$visitAssignmentStatement$15 (Lorg/sonar/plugins/python/api/tree/Expression;)V 5 <appendix> member <vmtarget> ; # org/sonar/python/semantic/SymbolTableBuilder$FirstPhaseVisitor$$Lambda+0x0000013c9c5ec2f0
instanceKlass  @bci org/sonar/python/semantic/SymbolTableBuilder$FirstPhaseVisitor visitAssignmentStatement (Lorg/sonar/plugins/python/api/tree/AssignmentStatement;)V 21 <appendix> member <vmtarget> ; # org/sonar/python/semantic/SymbolTableBuilder$FirstPhaseVisitor$$Lambda+0x0000013c9c5ec0b8
instanceKlass  @bci org/sonar/python/semantic/SymbolTableBuilder$FirstPhaseVisitor createParameters (Lorg/sonar/plugins/python/api/tree/FunctionLike;)V 184 <appendix> member <vmtarget> ; # org/sonar/python/semantic/SymbolTableBuilder$FirstPhaseVisitor$$Lambda+0x0000013c9c5ebe80
instanceKlass  @bci org/sonar/python/semantic/SymbolTableBuilder$FirstPhaseVisitor createParameters (Lorg/sonar/plugins/python/api/tree/FunctionLike;)V 173 <appendix> member <vmtarget> ; # org/sonar/python/semantic/SymbolTableBuilder$FirstPhaseVisitor$$Lambda+0x0000013c9c5ebc38
instanceKlass  @bci org/sonar/python/semantic/SymbolTableBuilder$FirstPhaseVisitor createParameters (Lorg/sonar/plugins/python/api/tree/FunctionLike;)V 155 <appendix> argL0 ; # org/sonar/python/semantic/SymbolTableBuilder$FirstPhaseVisitor$$Lambda+0x0000013c9c5eb9e8
instanceKlass  @bci org/sonar/python/semantic/SymbolTableBuilder$FirstPhaseVisitor createParameters (Lorg/sonar/plugins/python/api/tree/FunctionLike;)V 134 <appendix> member <vmtarget> ; # org/sonar/python/semantic/SymbolTableBuilder$FirstPhaseVisitor$$Lambda+0x0000013c9c5eb7b0
instanceKlass  @bci org/sonar/python/semantic/SymbolTableBuilder$FirstPhaseVisitor createParameters (Lorg/sonar/plugins/python/api/tree/FunctionLike;)V 123 <appendix> argL0 ; # org/sonar/python/semantic/SymbolTableBuilder$FirstPhaseVisitor$$Lambda+0x0000013c9c5eb560
instanceKlass  @bci org/sonar/python/semantic/SymbolTableBuilder$FirstPhaseVisitor createParameters (Lorg/sonar/plugins/python/api/tree/FunctionLike;)V 113 <appendix> argL0 ; # org/sonar/python/semantic/SymbolTableBuilder$FirstPhaseVisitor$$Lambda+0x0000013c9c5eb320
instanceKlass  @bci org/sonar/python/semantic/SymbolTableBuilder$FirstPhaseVisitor createTypeParameters (Lorg/sonar/plugins/python/api/tree/TypeParams;)V 26 <appendix> member <vmtarget> ; # org/sonar/python/semantic/SymbolTableBuilder$FirstPhaseVisitor$$Lambda+0x0000013c9c5eb0e8
instanceKlass  @bci org/sonar/python/semantic/SymbolTableBuilder$FirstPhaseVisitor createTypeParameters (Lorg/sonar/plugins/python/api/tree/TypeParams;)V 15 <appendix> argL0 ; # org/sonar/python/semantic/SymbolTableBuilder$FirstPhaseVisitor$$Lambda+0x0000013c9c5eaea8
instanceKlass  @bci org/sonar/python/semantic/SymbolTableBuilder$FirstPhaseVisitor createTypeParameters (Lorg/sonar/plugins/python/api/tree/TypeParams;)V 4 <appendix> argL0 ; # org/sonar/python/semantic/SymbolTableBuilder$FirstPhaseVisitor$$Lambda+0x0000013c9c5eac68
instanceKlass  @bci org/sonar/python/semantic/Scope addFunctionSymbol (Lorg/sonar/plugins/python/api/tree/FunctionDef;Ljava/lang/String;)V 67 <appendix> member <vmtarget> ; # org/sonar/python/semantic/Scope$$Lambda+0x0000013c9c5eaa30
instanceKlass  @bci org/sonar/python/semantic/FunctionSymbolImpl <init> (Lorg/sonar/plugins/python/api/tree/FunctionDef;Ljava/lang/String;Lorg/sonar/plugins/python/api/PythonFile;)V 135 <appendix> argL0 ; # org/sonar/python/semantic/FunctionSymbolImpl$$Lambda+0x0000013c9c5ea5e0
instanceKlass  @bci org/sonar/python/types/TypeShed symbolWithFQN (Ljava/lang/String;Ljava/lang/String;)Lorg/sonar/plugins/python/api/symbols/Symbol; 17 <appendix> member <vmtarget> ; # org/sonar/python/types/TypeShed$$Lambda+0x0000013c9c5ea388
instanceKlass  @bci org/sonar/python/semantic/SymbolTableBuilder$FirstPhaseVisitor lambda$createImportedNames$4 (Ljava/lang/String;Ljava/util/List;Lorg/sonar/plugins/python/api/tree/AliasedName;)V 156 <appendix> argL0 ; # org/sonar/python/semantic/SymbolTableBuilder$FirstPhaseVisitor$$Lambda+0x0000013c9c5ea148
instanceKlass  @bci org/sonar/python/semantic/Scope createSymbolsFromWildcardImport (Ljava/util/Set;Lorg/sonar/plugins/python/api/tree/ImportFrom;)V 3 <appendix> member <vmtarget> ; # org/sonar/python/semantic/Scope$$Lambda+0x0000013c9c5e9f10
instanceKlass  @bci org/sonar/python/semantic/SymbolTableBuilder$FirstPhaseVisitor visitImportFrom (Lorg/sonar/plugins/python/api/tree/ImportFrom;)V 125 <appendix> member <vmtarget> ; # org/sonar/python/semantic/SymbolTableBuilder$FirstPhaseVisitor$$Lambda+0x0000013c9c5e9cc8
instanceKlass  @bci org/sonar/python/semantic/SymbolTableBuilder$FirstPhaseVisitor visitImportFrom (Lorg/sonar/plugins/python/api/tree/ImportFrom;)V 22 <appendix> argL0 ; # org/sonar/python/semantic/SymbolTableBuilder$FirstPhaseVisitor$$Lambda+0x0000013c9c5e9a88
instanceKlass org/sonar/python/semantic/UsageImpl
instanceKlass  @bci org/sonar/python/semantic/Scope copySymbol (Ljava/lang/String;Lorg/sonar/plugins/python/api/symbols/Symbol;Ljava/util/Set;)Lorg/sonar/plugins/python/api/symbols/Symbol; 89 <appendix> member <vmtarget> ; # org/sonar/python/semantic/Scope$$Lambda+0x0000013c9c5e93f8
instanceKlass  @bci org/sonar/python/semantic/Scope copyClassSymbol (Ljava/lang/String;Lorg/sonar/python/semantic/ClassSymbolImpl;Ljava/util/Set;)Lorg/sonar/python/semantic/ClassSymbolImpl; 166 <appendix> argL0 ; # org/sonar/python/semantic/Scope$$Lambda+0x0000013c9c5e91b8
instanceKlass org/sonar/python/semantic/Scope$1
instanceKlass  @bci org/sonar/python/semantic/Scope lambda$addModuleSymbol$4 (Ljava/util/Collection;Ljava/lang/String;Lorg/sonar/plugins/python/api/symbols/Symbol;)Lorg/sonar/plugins/python/api/symbols/Symbol; 3 <appendix> member <vmtarget> ; # org/sonar/python/semantic/Scope$$Lambda+0x0000013c9c5e8d78
instanceKlass  @bci org/sonar/python/semantic/Scope addModuleSymbol (Lorg/sonar/plugins/python/api/tree/Name;Ljava/lang/String;)V 176 <appendix> member <vmtarget> ; # org/sonar/python/semantic/Scope$$Lambda+0x0000013c9c5e8b40
instanceKlass  @bci org/sonar/python/types/TypeShed symbolsFromProtobufDescriptors (Ljava/util/Set;Ljava/lang/String;Ljava/lang/String;ZLjava/util/Set;)Ljava/util/Set; 220 <appendix> member <vmtarget> ; # org/sonar/python/types/TypeShed$$Lambda+0x0000013c9c5e8908
instanceKlass  @bci org/sonar/python/semantic/SymbolTableBuilder$FirstPhaseVisitor createImportedNames (Ljava/util/List;Ljava/lang/String;Ljava/util/List;)V 4 <appendix> member <vmtarget> ; # org/sonar/python/semantic/SymbolTableBuilder$FirstPhaseVisitor$$Lambda+0x0000013c9c5e86d0
instanceKlass  @bci org/sonar/python/semantic/AmbiguousSymbolImpl copyWithoutUsages ()Lorg/sonar/python/semantic/AmbiguousSymbolImpl; 26 <appendix> argL0 ; # org/sonar/python/semantic/AmbiguousSymbolImpl$$Lambda+0x0000013c9c5e8490
instanceKlass  @bci org/sonar/python/semantic/AmbiguousSymbolImpl copyWithoutUsages ()Lorg/sonar/python/semantic/AmbiguousSymbolImpl; 16 <appendix> member <vmtarget> ; # org/sonar/python/semantic/AmbiguousSymbolImpl$$Lambda+0x0000013c9c5e8248
instanceKlass  @bci org/sonar/python/semantic/ClassSymbolImpl copyWithoutUsages ()Lorg/sonar/python/semantic/ClassSymbolImpl; 155 <appendix> argL0 ; # org/sonar/python/semantic/ClassSymbolImpl$$Lambda+0x0000013c9c5e7dc0
instanceKlass  @bci org/sonar/python/semantic/ClassSymbolImpl membersByName ()Ljava/util/Map; 27 <appendix> argL0 ; # org/sonar/python/semantic/ClassSymbolImpl$$Lambda+0x0000013c9c5e8000
instanceKlass  @bci org/sonar/python/semantic/ClassSymbolImpl membersByName ()Ljava/util/Map; 22 <appendix> argL0 ; # org/sonar/python/semantic/ClassSymbolImpl$$Lambda+0x0000013c9c5e7b80
instanceKlass  @bci org/sonar/python/semantic/ClassSymbolImpl membersByName ()Ljava/util/Map; 17 <appendix> argL0 ; # org/sonar/python/semantic/ClassSymbolImpl$$Lambda+0x0000013c9c5e7940
instanceKlass org/sonar/python/semantic/Scope
instanceKlass  @bci org/sonar/plugins/python/api/PythonVisitorContext$Builder build ()Lorg/sonar/plugins/python/api/PythonVisitorContext; 4 <appendix> argL0 ; # org/sonar/plugins/python/api/PythonVisitorContext$Builder$$Lambda+0x0000013c9c5e5900
instanceKlass  @bci org/sonar/python/project/config/ProjectConfigurationBuilder build ()Lorg/sonar/plugins/python/api/project/configuration/ProjectConfiguration; 32 <appendix> argL0 ; # org/sonar/python/project/config/ProjectConfigurationBuilder$$Lambda+0x0000013c9c5e56c0
instanceKlass  @bci org/sonar/python/project/config/ProjectConfigurationBuilder build ()Lorg/sonar/plugins/python/api/project/configuration/ProjectConfiguration; 22 <appendix> argL0 ; # org/sonar/python/project/config/ProjectConfigurationBuilder$$Lambda+0x0000013c9c5e5270
instanceKlass org/sonar/plugins/python/api/PythonVisitorContext$Builder
instanceKlass  @bci org/sonar/plugins/python/PythonTestFileClassifier isTestFrameworkImport (Lorg/sonar/plugins/python/api/tree/Statement;)Z 86 <appendix> member <vmtarget> ; # org/sonar/plugins/python/PythonTestFileClassifier$$Lambda+0x0000013c9c5e4b98
instanceKlass  @bci org/sonar/plugins/python/PythonTestFileClassifier moduleNames (Lorg/sonar/plugins/python/api/tree/DottedName;)Ljava/util/List; 19 <appendix> argL0 ; # org/sonar/plugins/python/PythonTestFileClassifier$$Lambda+0x0000013c9c5e4958
instanceKlass  @bci org/sonar/plugins/python/PythonTestFileClassifier isTestFrameworkImport (Lorg/sonar/plugins/python/api/tree/Statement;)Z 23 <appendix> argL0 ; # org/sonar/plugins/python/PythonTestFileClassifier$$Lambda+0x0000013c9c5e4708
instanceKlass  @bci org/sonarsource/analyzer/commons/appsec/TestFileClassifier looksLikeTestFile (Lorg/sonar/api/batch/fs/InputFile;Lorg/sonarsource/analyzer/commons/appsec/TestFileClassifier$Context;)Z 24 <appendix> member <vmtarget> ; # org/sonarsource/analyzer/commons/appsec/TestFileClassifier$$Lambda+0x0000013c9c5e44b0
instanceKlass org/sonar/plugins/python/PythonTestFileClassifier$PythonContext
instanceKlass  @bci org/sonar/plugins/python/PythonScanner <init> (Lorg/sonar/api/batch/sensor/SensorContext;Lorg/sonar/plugins/python/PythonChecks;Lorg/sonar/api/measures/FileLinesContextFactory;Lorg/sonar/api/issue/NoSonarFilter;Ljava/util/function/Supplier;Lorg/sonar/plugins/python/indexer/PythonIndexer;Lorg/sonar/plugins/python/api/PythonFileConsumer;Lorg/sonar/plugins/python/nosonar/NoSonarLineInfoCollector;Lorg/sonar/plugins/python/warnings/AnalysisWarningsWrapper;)V 333 <appendix> member <vmtarget> ; # org/sonar/plugins/python/PythonScanner$$Lambda+0x0000013c9c5e4068
instanceKlass  @bci org/sonar/plugins/python/PythonScanner <init> (Lorg/sonar/api/batch/sensor/SensorContext;Lorg/sonar/plugins/python/PythonChecks;Lorg/sonar/api/measures/FileLinesContextFactory;Lorg/sonar/api/issue/NoSonarFilter;Ljava/util/function/Supplier;Lorg/sonar/plugins/python/indexer/PythonIndexer;Lorg/sonar/plugins/python/api/PythonFileConsumer;Lorg/sonar/plugins/python/nosonar/NoSonarLineInfoCollector;Lorg/sonar/plugins/python/warnings/AnalysisWarningsWrapper;)V 319 <appendix> member <vmtarget> ; # org/sonar/plugins/python/PythonScanner$$Lambda+0x0000013c9c5e3e30
instanceKlass org/sonar/plugins/python/telemetry/collectors/ImportsTelemetryCollector
instanceKlass org/sonar/plugins/python/telemetry/collectors/TestFileTelemetryCollector
instanceKlass org/sonar/plugins/python/telemetry/collectors/TypeInferenceTelemetryCollector
instanceKlass org/sonar/plugins/python/MeasuresRepository
instanceKlass org/sonar/plugins/python/IssuesRepository
instanceKlass org/sonar/plugins/python/PythonHighlighter
instanceKlass org/sonar/plugins/python/NewSymbolsCollector
instanceKlass org/sonar/plugins/python/cpd/PythonCpdAnalyzer
instanceKlass com/google/protobuf/Writer
instanceKlass com/google/protobuf/ByteOutput
instanceKlass org/sonar/python/types/protobuf/DescriptorsProtos$ClassDescriptorOrBuilder
instanceKlass org/sonar/python/types/protobuf/DescriptorsProtos$AmbiguousDescriptorOrBuilder
instanceKlass org/sonar/python/types/protobuf/DescriptorsProtos$VarDescriptorOrBuilder
instanceKlass  @bci org/sonar/python/index/DescriptorsToProtobuf toProtobuf (Lorg/sonar/python/index/FunctionDescriptor;)Lorg/sonar/python/types/protobuf/DescriptorsProtos$FunctionDescriptor; 26 <appendix> argL0 ; # org/sonar/python/index/DescriptorsToProtobuf$$Lambda+0x0000013c9c5db1e0
instanceKlass org/sonar/python/types/protobuf/DescriptorsProtos$ParameterDescriptorOrBuilder
instanceKlass org/sonar/python/types/protobuf/DescriptorsProtos$LocationInFileOrBuilder
instanceKlass org/sonar/python/types/protobuf/DescriptorsProtos$FunctionDescriptorOrBuilder
instanceKlass org/sonar/python/index/DescriptorsToProtobuf$1
instanceKlass org/sonar/python/types/protobuf/DescriptorsProtos
instanceKlass org/sonar/python/types/protobuf/DescriptorsProtos$DescriptorListOrBuilder
instanceKlass org/sonar/python/types/protobuf/DescriptorsProtos$ModuleDescriptorOrBuilder
instanceKlass org/sonar/python/index/DescriptorsToProtobuf
instanceKlass com/google/protobuf/ByteOutput
instanceKlass java/util/zip/Deflater$DeflaterZStreamRef
instanceKlass java/util/zip/Deflater
instanceKlass  @bci org/sonar/plugins/python/MultiFileProgressReport logFinishTime ()V 22 <adapter> ; # java/lang/invoke/LambdaForm$MH+0x0000013c9c5d2c00
instanceKlass  @bci org/sonar/plugins/python/MultiFileProgressReport logFinishTime ()V 22 <appendix> form vmentry <vmtarget> ; # java/lang/invoke/LambdaForm$MH+0x0000013c9c5d2800
# instanceKlass java/lang/invoke/LambdaForm$MH+0x0000013c9c5d2400
instanceKlass  @bci org/sonar/plugins/python/MultiFileProgressReport logFinishTime ()V 22 <appendix> form names 6 function resolvedHandle form vmentry <vmtarget> ; # java/lang/invoke/LambdaForm$DMH+0x0000013c9c5d2000
instanceKlass  @bci org/sonar/plugins/python/MultiFileProgressReport logFinishTime ()V 22 <appendix> argL3 form vmentry <vmtarget> ; # java/lang/invoke/LambdaForm$MH+0x0000013c9c5d1c00
# instanceKlass java/lang/invoke/LambdaForm$MH+0x0000013c9c5d1800
# instanceKlass java/lang/invoke/LambdaForm$MH+0x0000013c9c5d1400
# instanceKlass java/lang/invoke/LambdaForm$MH+0x0000013c9c5d1000
instanceKlass  @bci org/sonar/plugins/python/MultiFileProgressReport run ()V 110 <adapter> ; # java/lang/invoke/LambdaForm$MH+0x0000013c9c5d0c00
# instanceKlass java/lang/invoke/LambdaForm$DMH+0x0000013c9c5d0800
instanceKlass  @bci org/sonar/plugins/python/MultiFileProgressReport run ()V 110 <appendix> form vmentry <vmtarget> ; # java/lang/invoke/LambdaForm$MH+0x0000013c9c5d0400
# instanceKlass java/lang/invoke/LambdaForm$MH+0x0000013c9c5d0000
instanceKlass  @bci org/sonar/plugins/python/MultiFileProgressReport run ()V 110 <appendix> form names 9 function resolvedHandle form vmentry <vmtarget> ; # java/lang/invoke/LambdaForm$DMH+0x0000013c9c5cfc00
instanceKlass  @bci org/sonar/plugins/python/MultiFileProgressReport run ()V 110 <appendix> argL3 form vmentry <vmtarget> ; # java/lang/invoke/LambdaForm$MH+0x0000013c9c5cf800
# instanceKlass java/lang/invoke/LambdaForm$MH+0x0000013c9c5cf400
# instanceKlass java/lang/invoke/LambdaForm$MH+0x0000013c9c5cf000
# instanceKlass java/lang/invoke/LambdaForm$MH+0x0000013c9c5cec00
# instanceKlass java/lang/invoke/LambdaForm$MH+0x0000013c9c5ce800
# instanceKlass java/lang/invoke/LambdaForm$MH+0x0000013c9c5ce400
# instanceKlass java/lang/invoke/LambdaForm$MH+0x0000013c9c5ce000
instanceKlass  @bci org/sonar/plugins/python/MultiFileProgressReport run ()V 110 <appendix> form names 13 function resolvedHandle form vmentry <vmtarget> ; # java/lang/invoke/LambdaForm$DMH+0x0000013c9c5cdc00
instanceKlass  @bci org/sonar/plugins/python/MultiFileProgressReport run ()V 110 <appendix> argL1 form vmentry <vmtarget> ; # java/lang/invoke/LambdaForm$MH+0x0000013c9c5cd800
# instanceKlass java/lang/invoke/LambdaForm$MH+0x0000013c9c5cd400
instanceKlass  @bci org/sonar/plugins/python/MultiFileProgressReport run ()V 110 <appendix> argL1 argL0 form vmentry <vmtarget> ; # java/lang/invoke/LambdaForm$MH+0x0000013c9c5cd000
# instanceKlass java/lang/invoke/LambdaForm$MH+0x0000013c9c5ccc00
# instanceKlass java/lang/invoke/LambdaForm$MH+0x0000013c9c5cc800
# instanceKlass java/lang/invoke/LambdaForm$MH+0x0000013c9c5cc400
# instanceKlass java/lang/invoke/LambdaForm$MH+0x0000013c9c5cc000
instanceKlass  @bci org/sonar/python/types/v2/LazyType notifyConsumers (Lorg/sonar/plugins/python/api/types/v2/PythonType;)V 21 <appendix> member <vmtarget> ; # org/sonar/python/types/v2/LazyType$$Lambda+0x0000013c9c5caa08
instanceKlass  @bci org/sonar/python/semantic/ProjectLevelSymbolTable lambda$addModuleToGlobalSymbolsByFQN$9 (Ljava/util/Map;Ljava/lang/String;Lorg/sonar/python/index/Descriptor;)V 3 <appendix> argL0 ; # org/sonar/python/semantic/ProjectLevelSymbolTable$$Lambda+0x0000013c9c5c9fb8
instanceKlass  @bci org/sonar/python/semantic/ProjectLevelSymbolTable addModuleToGlobalSymbolsByFQN (Ljava/util/Set;)V 48 <appendix> member <vmtarget> ; # org/sonar/python/semantic/ProjectLevelSymbolTable$$Lambda+0x0000013c9c5c9d80
instanceKlass  @bci org/sonar/python/semantic/ProjectLevelSymbolTable addModuleToGlobalSymbolsByFQN (Ljava/util/Set;)V 29 <appendix> argL0 ; # org/sonar/python/semantic/ProjectLevelSymbolTable$$Lambda+0x0000013c9c5c9b38
instanceKlass  @bci org/sonar/python/semantic/ProjectLevelSymbolTable addModuleToGlobalSymbolsByFQN (Ljava/util/Set;)V 21 <appendix> argL0 ; # org/sonar/python/semantic/ProjectLevelSymbolTable$$Lambda+0x0000013c9c5c98f8
instanceKlass  @bci org/sonar/python/semantic/ProjectLevelSymbolTable addModuleToGlobalSymbolsByFQN (Ljava/util/Set;)V 11 <appendix> argL0 ; # org/sonar/python/semantic/ProjectLevelSymbolTable$$Lambda+0x0000013c9c5c96a8
instanceKlass  @bci java/util/stream/Collectors toConcurrentMap (Ljava/util/function/Function;Ljava/util/function/Function;Ljava/util/function/BinaryOperator;Ljava/util/function/Supplier;)Ljava/util/stream/Collector; 3 <appendix> member <vmtarget> ; # java/util/stream/Collectors$$Lambda+0x0000013c9c2769e0
instanceKlass  @bci java/util/stream/Collectors toConcurrentMap (Ljava/util/function/Function;Ljava/util/function/Function;Ljava/util/function/BinaryOperator;)Ljava/util/stream/Collector; 3 <appendix> argL0 ; # java/util/stream/Collectors$$Lambda+0x0000013c9c2767c0
instanceKlass  @bci org/sonar/python/semantic/ProjectLevelSymbolTable globalDescriptorsByFQN ()Ljava/util/Map; 50 <appendix> argL0 ; # org/sonar/python/semantic/ProjectLevelSymbolTable$$Lambda+0x0000013c9c5c9460
instanceKlass  @bci org/sonar/python/semantic/ProjectLevelSymbolTable globalDescriptorsByFQN ()Ljava/util/Map; 42 <appendix> argL0 ; # org/sonar/python/semantic/ProjectLevelSymbolTable$$Lambda+0x0000013c9c5c9220
instanceKlass  @bci org/sonar/python/semantic/ProjectLevelSymbolTable globalDescriptorsByFQN ()Ljava/util/Map; 32 <appendix> argL0 ; # org/sonar/python/semantic/ProjectLevelSymbolTable$$Lambda+0x0000013c9c5c8fd0
instanceKlass  @bci org/sonar/python/semantic/ProjectLevelSymbolTable globalDescriptorsByFQN ()Ljava/util/Map; 22 <appendix> argL0 ; # org/sonar/python/semantic/ProjectLevelSymbolTable$$Lambda+0x0000013c9c5c8d90
instanceKlass  @bci org/sonar/python/semantic/ProjectLevelSymbolTable addModule (Lorg/sonar/plugins/python/api/tree/FileInput;Ljava/lang/String;Lorg/sonar/plugins/python/api/PythonFile;)V 156 <appendix> argL0 ; # org/sonar/python/semantic/ProjectLevelSymbolTable$$Lambda+0x0000013c9c5c8b60
instanceKlass  @bci org/sonar/python/semantic/ProjectLevelSymbolTable lambda$addModule$3 (Ljava/lang/String;Ljava/util/Map$Entry;)Z 46 <appendix> argL0 ; # org/sonar/python/semantic/ProjectLevelSymbolTable$$Lambda+0x0000013c9c5c8910
instanceKlass  @bci org/sonar/python/semantic/v2/converter/PythonTypeToDescriptorConverter convert (Lorg/sonar/plugins/python/api/types/v2/FunctionType;)Lorg/sonar/python/index/Descriptor; 54 <appendix> argL0 ; # org/sonar/python/semantic/v2/converter/PythonTypeToDescriptorConverter$$Lambda+0x0000013c9c5c86c0
instanceKlass  @bci org/sonar/python/semantic/v2/converter/PythonTypeToDescriptorConverter convert (Lorg/sonar/plugins/python/api/types/v2/FunctionType;)Lorg/sonar/python/index/Descriptor; 44 <appendix> argL0 ; # org/sonar/python/semantic/v2/converter/PythonTypeToDescriptorConverter$$Lambda+0x0000013c9c5c8480
instanceKlass  @bci org/sonar/python/semantic/v2/converter/PythonTypeToDescriptorConverter convert (Lorg/sonar/plugins/python/api/types/v2/FunctionType;)Lorg/sonar/python/index/Descriptor; 34 <appendix> argL0 ; # org/sonar/python/semantic/v2/converter/PythonTypeToDescriptorConverter$$Lambda+0x0000013c9c5c8240
instanceKlass  @bci org/sonar/python/semantic/v2/converter/PythonTypeToDescriptorConverter convert (Lorg/sonar/plugins/python/api/types/v2/FunctionType;)Lorg/sonar/python/index/Descriptor; 9 <appendix> argL0 ; # org/sonar/python/semantic/v2/converter/PythonTypeToDescriptorConverter$$Lambda+0x0000013c9c5c8000
instanceKlass  @bci org/sonar/python/semantic/v2/converter/PythonTypeToDescriptorConverter usagesContainAssignment (Ljava/util/List;)Z 6 <appendix> argL0 ; # org/sonar/python/semantic/v2/converter/PythonTypeToDescriptorConverter$$Lambda+0x0000013c9c5c7d90
instanceKlass  @bci org/sonar/python/semantic/v2/converter/PythonTypeToDescriptorConverter convert (Ljava/lang/String;Lorg/sonar/plugins/python/api/symbols/v2/SymbolV2;Ljava/util/Set;)Lorg/sonar/python/index/Descriptor; 18 <appendix> argL0 ; # org/sonar/python/semantic/v2/converter/PythonTypeToDescriptorConverter$$Lambda+0x0000013c9c5c7b50
instanceKlass  @bci org/sonar/python/semantic/v2/converter/PythonTypeToDescriptorConverter convert (Ljava/lang/String;Lorg/sonar/plugins/python/api/symbols/v2/SymbolV2;Ljava/util/Set;)Lorg/sonar/python/index/Descriptor; 8 <appendix> member <vmtarget> ; # org/sonar/python/semantic/v2/converter/PythonTypeToDescriptorConverter$$Lambda+0x0000013c9c5c7908
instanceKlass  @bci org/sonar/python/semantic/ProjectLevelSymbolTable isNotMissingType (Ljava/util/Set;)Z 22 <appendix> member <vmtarget> ; # org/sonar/python/semantic/ProjectLevelSymbolTable$$Lambda+0x0000013c9c5c76b0
instanceKlass  @bci org/sonar/python/semantic/ProjectLevelSymbolTable addModule (Lorg/sonar/plugins/python/api/tree/FileInput;Ljava/lang/String;Lorg/sonar/plugins/python/api/PythonFile;)V 125 <appendix> argL0 ; # org/sonar/python/semantic/ProjectLevelSymbolTable$$Lambda+0x0000013c9c5c7470
instanceKlass  @bci org/sonar/python/semantic/ProjectLevelSymbolTable addModule (Lorg/sonar/plugins/python/api/tree/FileInput;Ljava/lang/String;Lorg/sonar/plugins/python/api/PythonFile;)V 115 <appendix> member <vmtarget> ; # org/sonar/python/semantic/ProjectLevelSymbolTable$$Lambda+0x0000013c9c5c7218
instanceKlass  @bci org/sonar/python/semantic/ProjectLevelSymbolTable addModule (Lorg/sonar/plugins/python/api/tree/FileInput;Ljava/lang/String;Lorg/sonar/plugins/python/api/PythonFile;)V 103 <appendix> member <vmtarget> ; # org/sonar/python/semantic/ProjectLevelSymbolTable$$Lambda+0x0000013c9c5c6fd0
instanceKlass  @bci org/sonar/python/semantic/ProjectLevelSymbolTable addModule (Lorg/sonar/plugins/python/api/tree/FileInput;Ljava/lang/String;Lorg/sonar/plugins/python/api/PythonFile;)V 90 <appendix> argL0 ; # org/sonar/python/semantic/ProjectLevelSymbolTable$$Lambda+0x0000013c9c5c6d80
instanceKlass  @bci org/sonar/python/cfg/fixpoint/ForwardAnalysis compute (Lorg/sonar/plugins/python/api/cfg/ControlFlowGraph;)Lorg/sonar/python/cfg/fixpoint/ProgramState; 97 <appendix> member <vmtarget> ; # org/sonar/python/cfg/fixpoint/ForwardAnalysis$$Lambda+0x0000013c9c5c6b48
instanceKlass  @bci org/sonar/python/cfg/fixpoint/ForwardAnalysis$ProgramStateAtBlock propagate ()Z 41 <appendix> member <vmtarget> ; # org/sonar/python/cfg/fixpoint/ForwardAnalysis$ProgramStateAtBlock$$Lambda+0x0000013c9c5c6910
instanceKlass  @bci org/sonar/python/semantic/v2/types/TypeInferenceProgramState join (Lorg/sonar/python/cfg/fixpoint/ProgramState;)Lorg/sonar/python/cfg/fixpoint/ProgramState; 32 <appendix> member <vmtarget> ; # org/sonar/python/semantic/v2/types/TypeInferenceProgramState$$Lambda+0x0000013c9c5c66d8
instanceKlass  @bci org/sonar/python/semantic/v2/types/TypeInferenceProgramState join (Lorg/sonar/python/cfg/fixpoint/ProgramState;)Lorg/sonar/python/cfg/fixpoint/ProgramState; 17 <appendix> member <vmtarget> ; # org/sonar/python/semantic/v2/types/TypeInferenceProgramState$$Lambda+0x0000013c9c5c64a0
instanceKlass  @bci org/sonar/python/cfg/fixpoint/ForwardAnalysis$ProgramStateAtBlock propagate ()Z 10 <appendix> member <vmtarget> ; # org/sonar/python/cfg/fixpoint/ForwardAnalysis$ProgramStateAtBlock$$Lambda+0x0000013c9c5c6268
instanceKlass  @bci java/util/ArrayDeque copyElements (Ljava/util/Collection;)V 2 <appendix> member <vmtarget> ; # java/util/ArrayDeque$$Lambda+0x0000013c9c276310
instanceKlass  @bci org/sonar/python/semantic/v2/types/FlowSensitiveTypeInference updateProgramState (Lorg/sonar/plugins/python/api/tree/Tree;Lorg/sonar/python/cfg/fixpoint/ProgramState;)V 46 <appendix> member <vmtarget> ; # org/sonar/python/semantic/v2/types/FlowSensitiveTypeInference$$Lambda+0x0000013c9c5c6030
instanceKlass  @bci org/sonar/python/semantic/v2/types/FlowSensitiveTypeInference handleAssignment (Lorg/sonar/plugins/python/api/tree/Statement;Lorg/sonar/python/semantic/v2/types/TypeInferenceProgramState;)V 18 <appendix> member <vmtarget> ; # org/sonar/python/semantic/v2/types/FlowSensitiveTypeInference$$Lambda+0x0000013c9c5c5df8
instanceKlass  @bci org/sonar/python/types/v2/TypeUtils toUnionType ()Ljava/util/stream/Collector; 3 <appendix> argL0 ; # org/sonar/python/types/v2/TypeUtils$$Lambda+0x0000013c9c5c5bb8
instanceKlass  @bci org/sonar/python/semantic/v2/types/ProgramStateTypeInferenceVisitor visitName (Lorg/sonar/plugins/python/api/tree/Name;)V 11 <appendix> member <vmtarget> ; # org/sonar/python/semantic/v2/types/ProgramStateTypeInferenceVisitor$$Lambda+0x0000013c9c5c5980
instanceKlass  @bci org/sonar/python/semantic/v2/types/FlowSensitiveTypeInference lambda$handleDefinitions$8 (Lorg/sonar/python/semantic/v2/types/TypeInferenceProgramState;Ljava/util/Set;)V 3 <appendix> member <vmtarget> ; # org/sonar/python/semantic/v2/types/FlowSensitiveTypeInference$$Lambda+0x0000013c9c5c5748
instanceKlass  @bci org/sonar/python/semantic/v2/types/FlowSensitiveTypeInference handleDefinitions (Lorg/sonar/plugins/python/api/tree/Statement;Lorg/sonar/python/semantic/v2/types/TypeInferenceProgramState;)V 18 <appendix> member <vmtarget> ; # org/sonar/python/semantic/v2/types/FlowSensitiveTypeInference$$Lambda+0x0000013c9c5c5510
instanceKlass java/util/LinkedList$ListItr
instanceKlass  @bci org/sonar/python/cfg/fixpoint/ForwardAnalysis$ProgramStateAtBlock <init> (Lorg/sonar/python/cfg/fixpoint/ForwardAnalysis;Lorg/sonar/plugins/python/api/cfg/CfgBlock;Lorg/sonar/python/cfg/fixpoint/ProgramState;)V 40 <appendix> member <vmtarget> ; # org/sonar/python/cfg/fixpoint/ForwardAnalysis$ProgramStateAtBlock$$Lambda+0x0000013c9c5c4298
instanceKlass org/sonar/python/cfg/fixpoint/ForwardAnalysis$ProgramStateAtBlock
instanceKlass  @bci org/sonar/python/cfg/fixpoint/ForwardAnalysis compute (Lorg/sonar/plugins/python/api/cfg/ControlFlowGraph;)Lorg/sonar/python/cfg/fixpoint/ProgramState; 13 <appendix> member <vmtarget> ; # org/sonar/python/cfg/fixpoint/ForwardAnalysis$$Lambda+0x0000013c9c5c3e50
instanceKlass org/sonar/python/semantic/v2/types/TypeInferenceProgramState
instanceKlass org/sonar/python/cfg/fixpoint/ProgramState
instanceKlass org/sonar/python/cfg/fixpoint/ForwardAnalysis
instanceKlass  @bci org/sonar/python/semantic/v2/TypeInferenceV2 lambda$flowSensitiveTypeInference$4 (Lorg/sonar/plugins/python/api/symbols/v2/SymbolV2;)Z 11 <appendix> argL0 ; # org/sonar/python/semantic/v2/TypeInferenceV2$$Lambda+0x0000013c9c5c2b28
instanceKlass  @bci org/sonar/python/semantic/v2/TypeInferenceV2 flowSensitiveTypeInference (Lorg/sonar/plugins/python/api/cfg/ControlFlowGraph;Ljava/util/Set;Lorg/sonar/python/semantic/v2/types/PropagationVisitor;)Ljava/util/Map; 21 <appendix> argL0 ; # org/sonar/python/semantic/v2/TypeInferenceV2$$Lambda+0x0000013c9c5c28e8
instanceKlass  @bci org/sonar/python/semantic/v2/TypeInferenceV2 flowSensitiveTypeInference (Lorg/sonar/plugins/python/api/cfg/ControlFlowGraph;Ljava/util/Set;Lorg/sonar/python/semantic/v2/types/PropagationVisitor;)Ljava/util/Map; 16 <appendix> argL0 ; # org/sonar/python/semantic/v2/TypeInferenceV2$$Lambda+0x0000013c9c5c26a8
instanceKlass  @bci org/sonar/python/semantic/v2/TypeInferenceV2 flowSensitiveTypeInference (Lorg/sonar/plugins/python/api/cfg/ControlFlowGraph;Ljava/util/Set;Lorg/sonar/python/semantic/v2/types/PropagationVisitor;)Ljava/util/Map; 6 <appendix> argL0 ; # org/sonar/python/semantic/v2/TypeInferenceV2$$Lambda+0x0000013c9c5c2458
instanceKlass  @bci org/sonar/python/semantic/v2/TypeInferenceV2 getTrackedVars (Ljava/util/Set;Ljava/util/Set;)Ljava/util/Set; 82 <appendix> argL0 ; # org/sonar/python/semantic/v2/TypeInferenceV2$$Lambda+0x0000013c9c5c2208
instanceKlass  @bci org/sonar/python/semantic/v2/TypeInferenceV2 getTrackedVars (Ljava/util/Set;Ljava/util/Set;)Ljava/util/Set; 58 <appendix> member <vmtarget> ; # org/sonar/python/semantic/v2/TypeInferenceV2$$Lambda+0x0000013c9c5c1fb0
instanceKlass  @bci org/sonar/python/semantic/v2/TypeInferenceV2 getTrackedVars (Ljava/util/Set;Ljava/util/Set;)Ljava/util/Set; 47 <appendix> argL0 ; # org/sonar/python/semantic/v2/TypeInferenceV2$$Lambda+0x0000013c9c5c1d60
instanceKlass  @bci org/sonar/python/cfg/ControlFlowGraphBuilder buildFuncDefStatement (Lorg/sonar/plugins/python/api/tree/FunctionDef;Lorg/sonar/python/cfg/PythonCfgBlock;)Lorg/sonar/python/cfg/PythonCfgBlock; 17 <appendix> member <vmtarget> ; # org/sonar/python/cfg/ControlFlowGraphBuilder$$Lambda+0x0000013c9c5c1308
instanceKlass org/sonar/python/cfg/ControlFlowGraphBuilder$1
instanceKlass org/sonar/plugins/python/api/cfg/CfgBranchingBlock
instanceKlass org/sonar/python/cfg/PythonCfgBlock
instanceKlass org/sonar/python/cfg/ControlFlowGraphBuilder
instanceKlass  @bci org/sonar/python/semantic/v2/TypeInferenceV2 inferTypesAndMemberAccessSymbols (Lorg/sonar/plugins/python/api/tree/Tree;Lorg/sonar/plugins/python/api/tree/StatementList;Ljava/util/Set;Ljava/util/Set;Ljava/util/function/Supplier;)Ljava/util/Map; 42 <appendix> argL0 ; # org/sonar/python/semantic/v2/TypeInferenceV2$$Lambda+0x0000013c9c5c0000
instanceKlass  @bci org/sonar/python/semantic/v2/TypeInferenceV2 inferTypesAndMemberAccessSymbols (Lorg/sonar/plugins/python/api/tree/Tree;Lorg/sonar/plugins/python/api/tree/StatementList;Ljava/util/Set;Ljava/util/Set;Ljava/util/function/Supplier;)Ljava/util/Map; 32 <appendix> argL0 ; # org/sonar/python/semantic/v2/TypeInferenceV2$$Lambda+0x0000013c9c5bac98
instanceKlass  @bci org/sonar/python/semantic/v2/types/PropagationVisitor lambda$visitForStatement$13 (Lorg/sonar/plugins/python/api/tree/Expression;Lorg/sonar/plugins/python/api/tree/ForStatement;Lorg/sonar/python/tree/NameImpl;)V 38 <appendix> argL0 ; # org/sonar/python/semantic/v2/types/PropagationVisitor$$Lambda+0x0000013c9c5baa58
instanceKlass  @bci org/sonar/python/semantic/v2/types/PropagationVisitor lambda$visitForStatement$14 (Lorg/sonar/plugins/python/api/tree/ForStatement;Lorg/sonar/plugins/python/api/tree/Expression;)V 51 <appendix> member <vmtarget> ; # org/sonar/python/semantic/v2/types/PropagationVisitor$$Lambda+0x0000013c9c5bbdc0
instanceKlass  @bci org/sonar/python/semantic/v2/types/PropagationVisitor lambda$visitForStatement$14 (Lorg/sonar/plugins/python/api/tree/ForStatement;Lorg/sonar/plugins/python/api/tree/Expression;)V 40 <appendix> member <vmtarget> ; # org/sonar/python/semantic/v2/types/PropagationVisitor$$Lambda+0x0000013c9c5bbb78
instanceKlass  @bci org/sonar/python/semantic/v2/types/PropagationVisitor lambda$visitForStatement$14 (Lorg/sonar/plugins/python/api/tree/ForStatement;Lorg/sonar/plugins/python/api/tree/Expression;)V 24 <appendix> member <vmtarget> ; # org/sonar/python/semantic/v2/types/PropagationVisitor$$Lambda+0x0000013c9c5bb920
instanceKlass  @bci org/sonar/python/semantic/v2/types/PropagationVisitor visitForStatement (Lorg/sonar/plugins/python/api/tree/ForStatement;)V 58 <appendix> member <vmtarget> ; # org/sonar/python/semantic/v2/types/PropagationVisitor$$Lambda+0x0000013c9c5bb6e8
instanceKlass  @bci org/sonar/python/semantic/v2/types/PropagationVisitor processAssignment (Lorg/sonar/plugins/python/api/tree/Statement;Lorg/sonar/plugins/python/api/tree/Expression;Lorg/sonar/plugins/python/api/tree/Expression;)V 61 <appendix> argL0 ; # org/sonar/python/semantic/v2/types/PropagationVisitor$$Lambda+0x0000013c9c5bb4a8
instanceKlass  @bci org/sonar/python/semantic/v2/types/PropagationVisitor visitAssignmentStatement (Lorg/sonar/plugins/python/api/tree/AssignmentStatement;)V 41 <appendix> argL0 ; # org/sonar/python/semantic/v2/types/PropagationVisitor$$Lambda+0x0000013c9c5bfdb8
instanceKlass  @bci org/sonar/python/semantic/v2/types/PropagationVisitor visitAssignmentStatement (Lorg/sonar/plugins/python/api/tree/AssignmentStatement;)V 16 <appendix> argL0 ; # org/sonar/python/semantic/v2/types/PropagationVisitor$$Lambda+0x0000013c9c5bb000
instanceKlass  @bci org/sonar/python/semantic/v2/types/PropagationVisitor visitFunctionDef (Lorg/sonar/plugins/python/api/tree/FunctionDef;)V 66 <appendix> argL0 ; # org/sonar/python/semantic/v2/types/PropagationVisitor$$Lambda+0x0000013c9c5bfb78
instanceKlass  @bci org/sonar/python/semantic/v2/types/PropagationVisitor visitFunctionDef (Lorg/sonar/plugins/python/api/tree/FunctionDef;)V 40 <appendix> argL0 ; # org/sonar/python/semantic/v2/types/PropagationVisitor$$Lambda+0x0000013c9c5bf938
instanceKlass  @bci org/sonar/python/semantic/v2/types/PropagationVisitor lambda$visitParameter$5 (Lorg/sonar/plugins/python/api/tree/Name;)V 31 <appendix> argL0 ; # org/sonar/python/semantic/v2/types/PropagationVisitor$$Lambda+0x0000013c9c5bf6f8
instanceKlass  @bci org/sonar/python/semantic/v2/types/PropagationVisitor visitParameter (Lorg/sonar/plugins/python/api/tree/Parameter;)V 10 <appendix> member <vmtarget> ; # org/sonar/python/semantic/v2/types/PropagationVisitor$$Lambda+0x0000013c9c5bf270
instanceKlass  @bci org/sonar/python/semantic/v2/types/PropagationVisitor visitImportFrom (Lorg/sonar/plugins/python/api/tree/ImportFrom;)V 13 <appendix> member <vmtarget> ; # org/sonar/python/semantic/v2/types/PropagationVisitor$$Lambda+0x0000013c9c5bf038
instanceKlass  @bci org/sonar/python/semantic/v2/types/PropagationVisitor propagateToName (Lorg/sonar/plugins/python/api/tree/Statement;Lorg/sonar/plugins/python/api/tree/Name;)V 53 <appendix> argL0 ; # org/sonar/python/semantic/v2/types/PropagationVisitor$$Lambda+0x0000013c9c5bedf8
instanceKlass  @bci org/sonar/python/semantic/v2/types/PropagationVisitor propagateToName (Lorg/sonar/plugins/python/api/tree/Statement;Lorg/sonar/plugins/python/api/tree/Name;)V 27 <appendix> argL0 ; # org/sonar/python/semantic/v2/types/PropagationVisitor$$Lambda+0x0000013c9c5bebb8
instanceKlass org/sonar/python/semantic/v2/types/Propagation
instanceKlass  @bci org/sonar/python/semantic/v2/types/PropagationVisitor visitImportName (Lorg/sonar/plugins/python/api/tree/ImportName;)V 13 <appendix> member <vmtarget> ; # org/sonar/python/semantic/v2/types/PropagationVisitor$$Lambda+0x0000013c9c5be4d8
instanceKlass  @bci org/sonar/python/semantic/v2/TypeInferenceV2 inferTypesAndMemberAccessSymbols (Lorg/sonar/plugins/python/api/tree/FileInput;)Ljava/util/Map; 33 <appendix> member <vmtarget> ; # org/sonar/python/semantic/v2/TypeInferenceV2$$Lambda+0x0000013c9c5bda70
instanceKlass org/sonar/plugins/python/api/cfg/ControlFlowGraph
instanceKlass  @bci org/sonar/python/semantic/v2/SymbolTable getSymbolsByRootTree (Lorg/sonar/plugins/python/api/tree/Tree;)Ljava/util/Set; 40 <appendix> argL0 ; # org/sonar/python/semantic/v2/SymbolTable$$Lambda+0x0000013c9c5bd628
instanceKlass  @bci org/sonar/python/semantic/v2/SymbolTable getSymbolsByRootTree (Lorg/sonar/plugins/python/api/tree/Tree;)Ljava/util/Set; 32 <appendix> argL0 ; # org/sonar/python/semantic/v2/SymbolTable$$Lambda+0x0000013c9c5bd3e8
instanceKlass  @bci org/sonar/python/semantic/v2/SymbolTable getSymbolsByRootTree (Lorg/sonar/plugins/python/api/tree/Tree;)Ljava/util/Set; 24 <appendix> argL0 ; # org/sonar/python/semantic/v2/SymbolTable$$Lambda+0x0000013c9c5bd1a8
instanceKlass  @bci org/sonar/python/semantic/v2/SymbolTable getSymbolsByRootTree (Lorg/sonar/plugins/python/api/tree/Tree;)Ljava/util/Set; 16 <appendix> argL0 ; # org/sonar/python/semantic/v2/SymbolTable$$Lambda+0x0000013c9c5bcf68
instanceKlass  @bci org/sonar/plugins/python/api/types/v2/ObjectType resolveMember (Ljava/lang/String;)Ljava/util/Optional; 37 <appendix> member <vmtarget> ; # org/sonar/plugins/python/api/types/v2/ObjectType$$Lambda+0x0000013c9c5bcd40
instanceKlass  @bci org/sonar/plugins/python/api/types/v2/ObjectType resolveMember (Ljava/lang/String;)Ljava/util/Optional; 20 <appendix> argL0 ; # org/sonar/plugins/python/api/types/v2/ObjectType$$Lambda+0x0000013c9c5bcb00
instanceKlass  @bci org/sonar/plugins/python/api/types/v2/ObjectType resolveMember (Ljava/lang/String;)Ljava/util/Optional; 10 <appendix> member <vmtarget> ; # org/sonar/plugins/python/api/types/v2/ObjectType$$Lambda+0x0000013c9c5bc8a8
instanceKlass org/sonar/python/semantic/v2/types/TrivialTypeInferenceVisitor$1
instanceKlass  @bci org/sonar/python/semantic/v2/types/TrivialTypeInferenceVisitor visitListLiteral (Lorg/sonar/plugins/python/api/tree/ListLiteral;)V 36 <appendix> argL0 ; # org/sonar/python/semantic/v2/types/TrivialTypeInferenceVisitor$$Lambda+0x0000013c9c5bc460
instanceKlass  @bci org/sonar/plugins/python/api/types/v2/FullyQualifiedNameHelper getFullyQualifiedName (Lorg/sonar/plugins/python/api/types/v2/PythonType;)Ljava/util/Optional; 11 <appendix> argL2 form vmentry <vmtarget> ; # java/lang/invoke/LambdaForm$MH+0x0000013c9c5ba400
instanceKlass java/lang/invoke/MethodHandleImpl$CountingWrapper$1
instanceKlass  @bci org/sonar/python/semantic/v2/types/TrivialTypeInferenceVisitor visitTuple (Lorg/sonar/plugins/python/api/tree/Tuple;)V 16 <appendix> argL0 ; # org/sonar/python/semantic/v2/types/TrivialTypeInferenceVisitor$$Lambda+0x0000013c9c5bc000
instanceKlass  @bci org/sonar/python/semantic/v2/types/typecalculator/QualifiedExpressionCalculator unresolvedMemberType (Lorg/sonar/plugins/python/api/types/v2/PythonType;Ljava/lang/String;)Lorg/sonar/plugins/python/api/types/v2/PythonType; 5 <appendix> member <vmtarget> ; # org/sonar/python/semantic/v2/types/typecalculator/QualifiedExpressionCalculator$$Lambda+0x0000013c9c5b3ce0
instanceKlass  @bci org/sonar/plugins/python/api/types/v2/FullyQualifiedNameHelper getFullyQualifiedName (Lorg/sonar/plugins/python/api/types/v2/PythonType;)Ljava/util/Optional; 11 <adapter> ; # java/lang/invoke/LambdaForm$MH+0x0000013c9c5ba000
instanceKlass  @bci org/sonar/plugins/python/api/types/v2/FullyQualifiedNameHelper getFullyQualifiedName (Lorg/sonar/plugins/python/api/types/v2/PythonType;)Ljava/util/Optional; 11 <appendix> form vmentry <vmtarget> ; # java/lang/invoke/LambdaForm$MH+0x0000013c9c5b9c00
instanceKlass  @bci org/sonar/plugins/python/api/types/v2/FullyQualifiedNameHelper getFullyQualifiedName (Lorg/sonar/plugins/python/api/types/v2/PythonType;)Ljava/util/Optional; 11 <appendix> argL4 form vmentry <vmtarget> ; # java/lang/invoke/LambdaForm$MH+0x0000013c9c5b9800
# instanceKlass java/lang/invoke/LambdaForm$MH+0x0000013c9c5b9400
# instanceKlass java/lang/invoke/LambdaForm$MH+0x0000013c9c5b9000
instanceKlass  @bci org/sonar/plugins/python/api/types/v2/FullyQualifiedNameHelper getFullyQualifiedName (Lorg/sonar/plugins/python/api/types/v2/PythonType;)Ljava/util/Optional; 11 <appendix> argL1 form vmentry <vmtarget> ; # java/lang/invoke/LambdaForm$MH+0x0000013c9c5b8c00
instanceKlass  @bci org/sonar/plugins/python/api/types/v2/FullyQualifiedNameHelper getFullyQualifiedName (Lorg/sonar/plugins/python/api/types/v2/PythonType;)Ljava/util/Optional; 11 <appendix> form names 9 function resolvedHandle form vmentry <vmtarget> ; # java/lang/invoke/LambdaForm$DMH+0x0000013c9c5b8800
# instanceKlass java/lang/invoke/LambdaForm$MH+0x0000013c9c5b8400
instanceKlass  @bci org/sonar/plugins/python/api/types/v2/FullyQualifiedNameHelper getFullyQualifiedName (Lorg/sonar/plugins/python/api/types/v2/PythonType;)Ljava/util/Optional; 11 <appendix> argL0 form vmentry <vmtarget> ; # java/lang/invoke/LambdaForm$MH+0x0000013c9c5b8000
# instanceKlass java/lang/invoke/LambdaForm$MH+0x0000013c9c5b7c00
# instanceKlass java/lang/invoke/LambdaForm$DMH+0x0000013c9c5b7800
instanceKlass java/lang/invoke/MethodHandleImpl$TableSwitchCacheKey
# instanceKlass java/lang/invoke/LambdaForm$MH+0x0000013c9c5b7400
# instanceKlass java/lang/invoke/LambdaForm$MH+0x0000013c9c5b7000
# instanceKlass java/lang/invoke/LambdaForm$MH+0x0000013c9c5b6c00
# instanceKlass java/lang/invoke/LambdaForm$MH+0x0000013c9c5b6800
# instanceKlass java/lang/invoke/LambdaForm$MH+0x0000013c9c5b6400
# instanceKlass java/lang/invoke/LambdaForm$MH+0x0000013c9c5b6000
instanceKlass java/util/ReverseOrderListView
# instanceKlass java/lang/invoke/LambdaForm$MH+0x0000013c9c5b5c00
instanceKlass  @bci java/lang/runtime/SwitchBootstraps typeSwitch (Ljava/lang/invoke/MethodHandles$Lookup;Ljava/lang/String;Ljava/lang/invoke/MethodType;[Ljava/lang/Object;)Ljava/lang/invoke/CallSite; 90 <appendix> argL0 ; # java/lang/runtime/SwitchBootstraps$$Lambda+0x0000013c9c274b88
# instanceKlass java/lang/invoke/LambdaForm$DMH+0x0000013c9c5b5800
# instanceKlass java/lang/invoke/LambdaForm$DMH+0x0000013c9c5b5400
instanceKlass java/lang/runtime/SwitchBootstraps$EnumMap
# instanceKlass java/lang/invoke/LambdaForm$DMH+0x0000013c9c5b5000
# instanceKlass java/lang/invoke/LambdaForm$DMH+0x0000013c9c5b4c00
# instanceKlass java/lang/invoke/LambdaForm$DMH+0x0000013c9c5b4800
instanceKlass java/lang/runtime/SwitchBootstraps$ResolvedEnumLabel
# instanceKlass java/lang/invoke/LambdaForm$MH+0x0000013c9c5b4400
# instanceKlass java/lang/invoke/LambdaForm$DMH+0x0000013c9c5b4000
instanceKlass java/lang/runtime/SwitchBootstraps
instanceKlass org/sonar/plugins/python/api/types/v2/FullyQualifiedNameHelper
instanceKlass  @bci org/sonar/python/semantic/v2/types/typecalculator/QualifiedExpressionCalculator calculate (Lorg/sonar/plugins/python/api/tree/QualifiedExpression;)Lorg/sonar/plugins/python/api/types/v2/PythonType; 43 <appendix> member <vmtarget> ; # org/sonar/python/semantic/v2/types/typecalculator/QualifiedExpressionCalculator$$Lambda+0x0000013c9c5b38b0
instanceKlass  @bci org/sonar/python/semantic/v2/types/typecalculator/QualifiedExpressionCalculator calculate (Lorg/sonar/plugins/python/api/tree/QualifiedExpression;)Lorg/sonar/plugins/python/api/types/v2/PythonType; 33 <appendix> member <vmtarget> ; # org/sonar/python/semantic/v2/types/typecalculator/QualifiedExpressionCalculator$$Lambda+0x0000013c9c5b3668
instanceKlass  @bci org/sonar/python/semantic/v2/types/typecalculator/QualifiedExpressionCalculator calculate (Lorg/sonar/plugins/python/api/tree/QualifiedExpression;)Lorg/sonar/plugins/python/api/types/v2/PythonType; 24 <appendix> member <vmtarget> ; # org/sonar/python/semantic/v2/types/typecalculator/QualifiedExpressionCalculator$$Lambda+0x0000013c9c5b3420
instanceKlass org/sonar/python/semantic/v2/types/typecalculator/QualifiedExpressionCalculator
instanceKlass  @bci org/sonar/python/semantic/v2/types/TrivialTypeInferenceVisitor visitAssignmentStatement (Lorg/sonar/plugins/python/api/tree/AssignmentStatement;)V 26 <appendix> member <vmtarget> ; # org/sonar/python/semantic/v2/types/TrivialTypeInferenceVisitor$$Lambda+0x0000013c9c5b2fd0
instanceKlass  @bci org/sonar/python/semantic/v2/types/TrivialTypeInferenceVisitor getFirstAssignmentName (Lorg/sonar/plugins/python/api/tree/AssignmentStatement;)Ljava/util/Optional; 76 <appendix> member <vmtarget> ; # org/sonar/python/semantic/v2/types/TrivialTypeInferenceVisitor$$Lambda+0x0000013c9c5b2d88
instanceKlass  @bci org/sonar/python/semantic/v2/types/TrivialTypeInferenceVisitor getFirstAssignmentName (Lorg/sonar/plugins/python/api/tree/AssignmentStatement;)Ljava/util/Optional; 60 <appendix> member <vmtarget> ; # org/sonar/python/semantic/v2/types/TrivialTypeInferenceVisitor$$Lambda+0x0000013c9c5b2b30
instanceKlass  @bci org/sonar/python/semantic/v2/types/TrivialTypeInferenceVisitor getFirstAssignmentName (Lorg/sonar/plugins/python/api/tree/AssignmentStatement;)Ljava/util/Optional; 44 <appendix> argL0 ; # org/sonar/python/semantic/v2/types/TrivialTypeInferenceVisitor$$Lambda+0x0000013c9c5b28f0
instanceKlass  @bci org/sonar/python/semantic/v2/types/TrivialTypeInferenceVisitor getFirstAssignmentName (Lorg/sonar/plugins/python/api/tree/AssignmentStatement;)Ljava/util/Optional; 36 <appendix> argL0 ; # org/sonar/python/semantic/v2/types/TrivialTypeInferenceVisitor$$Lambda+0x0000013c9c5b26a0
instanceKlass  @bci org/sonar/python/semantic/v2/types/TrivialTypeInferenceVisitor getFirstAssignmentName (Lorg/sonar/plugins/python/api/tree/AssignmentStatement;)Ljava/util/Optional; 28 <appendix> argL0 ; # org/sonar/python/semantic/v2/types/TrivialTypeInferenceVisitor$$Lambda+0x0000013c9c5b2460
instanceKlass  @bci org/sonar/python/semantic/v2/types/TrivialTypeInferenceVisitor getFirstAssignmentName (Lorg/sonar/plugins/python/api/tree/AssignmentStatement;)Ljava/util/Optional; 20 <appendix> argL0 ; # org/sonar/python/semantic/v2/types/TrivialTypeInferenceVisitor$$Lambda+0x0000013c9c5b2220
instanceKlass  @bci org/sonar/python/semantic/v2/types/TrivialTypeInferenceVisitor getFirstAssignmentName (Lorg/sonar/plugins/python/api/tree/AssignmentStatement;)Ljava/util/Optional; 12 <appendix> argL0 ; # org/sonar/python/semantic/v2/types/TrivialTypeInferenceVisitor$$Lambda+0x0000013c9c5b1fd0
instanceKlass  @bci org/sonar/python/semantic/v2/types/TrivialTypeInferenceVisitor getFirstAssignmentName (Lorg/sonar/plugins/python/api/tree/AssignmentStatement;)Ljava/util/Optional; 4 <appendix> argL0 ; # org/sonar/python/semantic/v2/types/TrivialTypeInferenceVisitor$$Lambda+0x0000013c9c5b1d90
instanceKlass org/sonar/python/types/v2/TypeCheckBuilder$IsSameAsTypePredicate
instanceKlass org/sonar/python/types/v2/TypeCheckBuilder$TypePredicate
instanceKlass  @bci org/sonar/plugins/python/api/types/v2/ModuleType resolveMember (Ljava/lang/String;)Ljava/util/Optional; 26 <appendix> member <vmtarget> ; # org/sonar/plugins/python/api/types/v2/ModuleType$$Lambda+0x0000013c9c5b12f8
instanceKlass  @bci org/sonar/plugins/python/api/types/v2/ModuleType resolveMember (Ljava/lang/String;)Ljava/util/Optional; 16 <appendix> argL0 ; # org/sonar/plugins/python/api/types/v2/ModuleType$$Lambda+0x0000013c9c5b10b8
instanceKlass  @bci org/sonar/python/semantic/v2/typetable/ProjectLevelTypeTable getType (Ljava/util/List;)Lorg/sonar/plugins/python/api/types/v2/PythonType; 40 <appendix> member <vmtarget> ; # org/sonar/python/semantic/v2/typetable/ProjectLevelTypeTable$$Lambda+0x0000013c9c5b0e90
instanceKlass org/sonar/python/types/v2/matchers/TypePredicateUtils
instanceKlass org/sonar/python/semantic/v2/types/typecalculator/CallReturnTypeCalculator
instanceKlass  @bci org/sonar/python/semantic/v2/types/TrivialTypeInferenceVisitor visitFunctionDef (Lorg/sonar/plugins/python/api/tree/FunctionDef;)V 64 <appendix> member <vmtarget> ; # org/sonar/python/semantic/v2/types/TrivialTypeInferenceVisitor$$Lambda+0x0000013c9c5b0648
instanceKlass org/sonar/plugins/python/api/TokenLocation
instanceKlass  @bci org/sonar/python/semantic/v2/FunctionTypeBuilder getParameterType (Lorg/sonar/plugins/python/api/tree/Parameter;Lorg/sonar/python/semantic/v2/typetable/TypeTable;)Lorg/sonar/python/semantic/v2/FunctionTypeBuilder$ParameterType; 22 <appendix> argL0 ; # org/sonar/python/semantic/v2/FunctionTypeBuilder$$Lambda+0x0000013c9c5ac400
instanceKlass  @bci org/sonar/python/semantic/v2/FunctionTypeBuilder lambda$createParameterNames$5 (Lorg/sonar/plugins/python/api/tree/AnyParameter;)Z 31 <appendix> member <vmtarget> ; # org/sonar/python/semantic/v2/FunctionTypeBuilder$$Lambda+0x0000013c9c5acc80
instanceKlass  @bci org/sonar/python/semantic/v2/FunctionTypeBuilder lambda$createParameterNames$5 (Lorg/sonar/plugins/python/api/tree/AnyParameter;)Z 20 <appendix> argL0 ; # org/sonar/python/semantic/v2/FunctionTypeBuilder$$Lambda+0x0000013c9c5aca40
instanceKlass  @bci org/sonar/python/semantic/v2/FunctionTypeBuilder lambda$createParameterNames$5 (Lorg/sonar/plugins/python/api/tree/AnyParameter;)Z 12 <appendix> argL0 ; # org/sonar/python/semantic/v2/FunctionTypeBuilder$$Lambda+0x0000013c9c5ac800
instanceKlass  @bci org/sonar/python/semantic/v2/FunctionTypeBuilder lambda$createParameterNames$5 (Lorg/sonar/plugins/python/api/tree/AnyParameter;)Z 4 <appendix> argL0 ; # org/sonar/python/semantic/v2/FunctionTypeBuilder$$Lambda+0x0000013c9c5adbd8
instanceKlass  @bci org/sonar/python/semantic/v2/FunctionTypeBuilder createParameterNames (Ljava/util/List;Ljava/lang/String;Lorg/sonar/python/semantic/v2/typetable/TypeTable;)V 17 <appendix> argL0 ; # org/sonar/python/semantic/v2/FunctionTypeBuilder$$Lambda+0x0000013c9c5ad988
instanceKlass org/sonar/python/semantic/v2/FunctionTypeBuilder$ParameterState
instanceKlass  @bci org/sonar/python/semantic/v2/FunctionTypeBuilder fromFunctionDef (Lorg/sonar/plugins/python/api/tree/FunctionDef;Ljava/lang/String;Ljava/lang/String;Lorg/sonar/python/semantic/v2/typetable/TypeTable;)Lorg/sonar/python/semantic/v2/FunctionTypeBuilder; 115 <appendix> argL0 ; # org/sonar/python/semantic/v2/FunctionTypeBuilder$$Lambda+0x0000013c9c5ad748
instanceKlass  @bci org/sonar/python/semantic/v2/FunctionTypeBuilder fromFunctionDef (Lorg/sonar/plugins/python/api/tree/FunctionDef;Ljava/lang/String;Ljava/lang/String;Lorg/sonar/python/semantic/v2/typetable/TypeTable;)Lorg/sonar/python/semantic/v2/FunctionTypeBuilder; 105 <appendix> argL0 ; # org/sonar/python/semantic/v2/FunctionTypeBuilder$$Lambda+0x0000013c9c5ad508
instanceKlass  @bci org/sonar/python/semantic/v2/FunctionTypeBuilder fromFunctionDef (Lorg/sonar/plugins/python/api/tree/FunctionDef;Ljava/lang/String;Ljava/lang/String;Lorg/sonar/python/semantic/v2/typetable/TypeTable;)Lorg/sonar/python/semantic/v2/FunctionTypeBuilder; 95 <appendix> argL0 ; # org/sonar/python/semantic/v2/FunctionTypeBuilder$$Lambda+0x0000013c9c5ad2c8
instanceKlass org/sonar/python/types/v2/SpecialFormType
instanceKlass  @bci org/sonar/python/tree/TreeUtils lambda$toStreamInstanceOfMapper$17 (Ljava/lang/Class;Lorg/sonar/plugins/python/api/tree/Tree;)Ljava/util/stream/Stream; 5 <appendix> argL0 ; # org/sonar/python/tree/TreeUtils$$Lambda+0x0000013c9c5afb90
instanceKlass  @bci org/sonar/python/tree/TreeUtils toOptionalInstanceOf (Ljava/lang/Class;Lorg/sonar/plugins/python/api/tree/Tree;)Ljava/util/Optional; 24 <appendix> member <vmtarget> ; # org/sonar/python/tree/TreeUtils$$Lambda+0x0000013c9c5af948
instanceKlass  @bci org/sonar/python/tree/TreeUtils toOptionalInstanceOf (Ljava/lang/Class;Lorg/sonar/plugins/python/api/tree/Tree;)Ljava/util/Optional; 10 <appendix> member <vmtarget> ; # org/sonar/python/tree/TreeUtils$$Lambda+0x0000013c9c5af6f0
instanceKlass  @bci org/sonar/python/semantic/v2/types/TrivialTypeInferenceVisitor visitName (Lorg/sonar/plugins/python/api/tree/Name;)V 230 <appendix> member <vmtarget> ; # org/sonar/python/semantic/v2/types/TrivialTypeInferenceVisitor$$Lambda+0x0000013c9c5af498
instanceKlass  @bci org/sonar/python/semantic/v2/types/TrivialTypeInferenceVisitor visitName (Lorg/sonar/plugins/python/api/tree/Name;)V 218 <appendix> argL0 ; # org/sonar/python/semantic/v2/types/TrivialTypeInferenceVisitor$$Lambda+0x0000013c9c5af258
instanceKlass  @bci org/sonar/python/tree/TreeUtils toStreamInstanceOfMapper (Ljava/lang/Class;)Ljava/util/function/Function; 1 <appendix> member <vmtarget> ; # org/sonar/python/tree/TreeUtils$$Lambda+0x0000013c9c5af010
instanceKlass  @bci org/sonar/python/semantic/v2/types/TrivialTypeInferenceVisitor visitName (Lorg/sonar/plugins/python/api/tree/Name;)V 197 <appendix> argL0 ; # org/sonar/python/semantic/v2/types/TrivialTypeInferenceVisitor$$Lambda+0x0000013c9c5aedd0
instanceKlass  @bci org/sonar/python/semantic/v2/types/TrivialTypeInferenceVisitor visitName (Lorg/sonar/plugins/python/api/tree/Name;)V 163 <appendix> argL0 ; # org/sonar/python/semantic/v2/types/TrivialTypeInferenceVisitor$$Lambda+0x0000013c9c5aeb80
instanceKlass  @bci org/sonar/python/semantic/v2/types/TrivialTypeInferenceVisitor visitName (Lorg/sonar/plugins/python/api/tree/Name;)V 140 <appendix> argL0 ; # org/sonar/python/semantic/v2/types/TrivialTypeInferenceVisitor$$Lambda+0x0000013c9c5ae930
instanceKlass  @bci org/sonar/python/semantic/v2/types/TrivialTypeInferenceVisitor visitName (Lorg/sonar/plugins/python/api/tree/Name;)V 101 <appendix> argL0 ; # org/sonar/python/semantic/v2/types/TrivialTypeInferenceVisitor$$Lambda+0x0000013c9c5ae6e0
instanceKlass  @bci org/sonar/python/semantic/v2/types/TrivialTypeInferenceVisitor visitParameter (Lorg/sonar/plugins/python/api/tree/Parameter;)V 45 <appendix> member <vmtarget> ; # org/sonar/python/semantic/v2/types/TrivialTypeInferenceVisitor$$Lambda+0x0000013c9c5ae498
instanceKlass  @bci org/sonar/python/semantic/v2/types/TrivialTypeInferenceVisitor visitParameter (Lorg/sonar/plugins/python/api/tree/Parameter;)V 35 <appendix> argL0 ; # org/sonar/python/semantic/v2/types/TrivialTypeInferenceVisitor$$Lambda+0x0000013c9c5ae258
instanceKlass  @bci org/sonar/python/tree/TreeUtils firstAncestorOfClass (Lorg/sonar/plugins/python/api/tree/Tree;Ljava/lang/Class;)Lorg/sonar/plugins/python/api/tree/Tree; 7 <appendix> member <vmtarget> ; # org/sonar/python/tree/TreeUtils$$Lambda+0x0000013c9c5ae000
instanceKlass  @bci org/sonar/python/semantic/ProjectLevelSymbolTable hasModuleWithPrefix (Ljava/lang/String;)Z 22 <appendix> member <vmtarget> ; # org/sonar/python/semantic/ProjectLevelSymbolTable$$Lambda+0x0000013c9c5abcf8
instanceKlass  @bci org/sonar/python/semantic/v2/types/TrivialTypeInferenceVisitor lambda$setTypeToImportFromStatement$10 (Ljava/util/List;Lorg/sonar/plugins/python/api/types/v2/PythonType;Lorg/sonar/plugins/python/api/tree/AliasedName;Lorg/sonar/plugins/python/api/tree/Name;)V 51 <appendix> member <vmtarget> ; # org/sonar/python/semantic/v2/types/TrivialTypeInferenceVisitor$$Lambda+0x0000013c9c5abad0
instanceKlass  @bci org/sonar/python/semantic/v2/types/TrivialTypeInferenceVisitor setTypeToImportFromStatement (Lorg/sonar/plugins/python/api/tree/ImportFrom;Ljava/util/List;)V 73 <appendix> member <vmtarget> ; # org/sonar/python/semantic/v2/types/TrivialTypeInferenceVisitor$$Lambda+0x0000013c9c5ab898
instanceKlass  @bci org/sonar/plugins/python/api/types/v2/ObjectType equals (Ljava/lang/Object;)Z 63 <appendix> argL0 ; # org/sonar/plugins/python/api/types/v2/ObjectType$$Lambda+0x0000013c9c5ab658
instanceKlass  @bci org/sonar/plugins/python/api/types/v2/ObjectType equals (Ljava/lang/Object;)Z 38 <appendix> argL0 ; # org/sonar/plugins/python/api/types/v2/ObjectType$$Lambda+0x0000013c9c5ab418
instanceKlass  @bci org/sonar/python/semantic/v2/converter/ParameterConverter getTypeFromFqn (Lorg/sonar/python/semantic/v2/converter/ConversionContext;Lorg/sonar/python/index/FunctionDescriptor$Parameter;)Ljava/util/Optional; 8 <appendix> member <vmtarget> ; # org/sonar/python/semantic/v2/converter/ParameterConverter$$Lambda+0x0000013c9c5ab1d0
instanceKlass  @bci org/sonar/python/semantic/v2/types/TrivialTypeInferenceVisitor getFromImportModuleFqn (Lorg/sonar/plugins/python/api/tree/ImportFrom;)Ljava/util/List; 9 <appendix> argL0 ; # org/sonar/python/semantic/v2/types/TrivialTypeInferenceVisitor$$Lambda+0x0000013c9c5aaf90
instanceKlass  @bci org/sonar/python/semantic/v2/SymbolsModuleTypeProvider convertModuleType (Ljava/util/List;Lorg/sonar/plugins/python/api/types/v2/ModuleType;)Lorg/sonar/plugins/python/api/types/v2/PythonType; 50 <appendix> member <vmtarget> ; # org/sonar/python/semantic/v2/SymbolsModuleTypeProvider$$Lambda+0x0000013c9c5aad68
instanceKlass  @bci org/sonar/python/semantic/v2/SymbolsModuleTypeProvider addTypingAliases (Ljava/lang/String;Ljava/util/Map;)V 18 <appendix> member <vmtarget> ; # org/sonar/python/semantic/v2/SymbolsModuleTypeProvider$$Lambda+0x0000013c9c5aab30
instanceKlass org/sonar/python/semantic/v2/dynamicstubs/DynamicStubsProvider
instanceKlass  @bci org/sonar/python/semantic/v2/SymbolsModuleTypeProvider createModuleTypeFromTypeShed (Ljava/lang/String;Ljava/lang/String;Lorg/sonar/plugins/python/api/types/v2/ModuleType;)Ljava/util/Optional; 42 <appendix> member <vmtarget> ; # org/sonar/python/semantic/v2/SymbolsModuleTypeProvider$$Lambda+0x0000013c9c5aa6e0
instanceKlass  @bci org/sonar/python/semantic/v2/SymbolsModuleTypeProvider createModuleTypeFromTypeShed (Ljava/lang/String;Ljava/lang/String;Lorg/sonar/plugins/python/api/types/v2/ModuleType;)Ljava/util/Optional; 30 <appendix> argL0 ; # org/sonar/python/semantic/v2/SymbolsModuleTypeProvider$$Lambda+0x0000013c9c5aa490
instanceKlass  @bci org/sonar/python/semantic/v2/typeshed/TypeShedDescriptorsProvider searchTypeShedForModule (Ljava/lang/String;)Ljava/util/Map; 59 <appendix> member <vmtarget> ; # org/sonar/python/semantic/v2/typeshed/TypeShedDescriptorsProvider$$Lambda+0x0000013c9c5aa268
instanceKlass org/sonar/python/index/AliasDescriptor
instanceKlass  @bci org/sonar/python/semantic/v2/typeshed/TypeShedDescriptorsProvider searchTypeShedForModule (Ljava/lang/String;)Ljava/util/Map; 39 <appendix> argL0 ; # org/sonar/python/semantic/v2/typeshed/TypeShedDescriptorsProvider$$Lambda+0x0000013c9c5a9dc0
instanceKlass  @bci org/sonar/python/semantic/v2/typeshed/TypeShedDescriptorsProvider searchTypeShedForModule (Ljava/lang/String;)Ljava/util/Map; 29 <appendix> member <vmtarget> ; # org/sonar/python/semantic/v2/typeshed/TypeShedDescriptorsProvider$$Lambda+0x0000013c9c5a9b78
instanceKlass  @bci org/sonar/python/semantic/v2/typeshed/TypeShedDescriptorsProvider descriptorsForModule (Ljava/lang/String;)Ljava/util/Map; 55 <appendix> member <vmtarget> ; # org/sonar/python/semantic/v2/typeshed/TypeShedDescriptorsProvider$$Lambda+0x0000013c9c5a9930
instanceKlass  @bci org/sonar/python/semantic/v2/typeshed/TypeShedDescriptorsProvider descriptorsForModule (Ljava/lang/String;)Ljava/util/Map; 5 <appendix> argL0 ; # org/sonar/python/semantic/v2/typeshed/TypeShedDescriptorsProvider$$Lambda+0x0000013c9c5a96f0
instanceKlass  @bci org/sonar/python/semantic/v2/SymbolsModuleTypeProvider convertModuleType (Ljava/util/List;Lorg/sonar/plugins/python/api/types/v2/ModuleType;)Lorg/sonar/plugins/python/api/types/v2/PythonType; 37 <appendix> member <vmtarget> ; # org/sonar/python/semantic/v2/SymbolsModuleTypeProvider$$Lambda+0x0000013c9c5a94c8
instanceKlass  @bci org/sonar/python/semantic/v2/typetable/ProjectLevelTypeTable createOrResolveSubModule (Ljava/util/List;Lorg/sonar/plugins/python/api/types/v2/ModuleType;)Lorg/sonar/plugins/python/api/types/v2/PythonType; 35 <appendix> member <vmtarget> ; # org/sonar/python/semantic/v2/typetable/ProjectLevelTypeTable$$Lambda+0x0000013c9c5a92a0
instanceKlass  @bci org/sonar/plugins/python/api/types/v2/ModuleType resolveSubmodule (Ljava/lang/String;)Ljava/util/Optional; 16 <appendix> argL0 ; # org/sonar/plugins/python/api/types/v2/ModuleType$$Lambda+0x0000013c9c5a9060
instanceKlass  @bci org/sonar/python/semantic/v2/typetable/ProjectLevelTypeTable getModuleType (Ljava/util/List;)Lorg/sonar/plugins/python/api/types/v2/PythonType; 28 <appendix> member <vmtarget> ; # org/sonar/python/semantic/v2/typetable/ProjectLevelTypeTable$$Lambda+0x0000013c9c5a8e38
instanceKlass  @cpi org/sonar/python/semantic/v2/typetable/ProjectLevelTypeTable 226 form vmentry <vmtarget> ; # java/lang/invoke/LambdaForm$DMH+0x0000013c9c5ac000
instanceKlass  @bci org/sonar/python/semantic/v2/types/TrivialTypeInferenceVisitor dottedNameToPartFqn (Lorg/sonar/plugins/python/api/tree/DottedName;)Ljava/util/List; 11 <appendix> argL0 ; # org/sonar/python/semantic/v2/types/TrivialTypeInferenceVisitor$$Lambda+0x0000013c9c5a8bf8
instanceKlass  @bci org/sonar/python/semantic/v2/types/TrivialTypeInferenceVisitor visitImportName (Lorg/sonar/plugins/python/api/tree/ImportName;)V 7 <appendix> member <vmtarget> ; # org/sonar/python/semantic/v2/types/TrivialTypeInferenceVisitor$$Lambda+0x0000013c9c5a89c0
instanceKlass  @bci org/sonar/plugins/python/api/types/v2/UnknownType$UnresolvedImportType resolveMember (Ljava/lang/String;)Ljava/util/Optional; 18 <appendix> argL0 ; # org/sonar/plugins/python/api/types/v2/UnknownType$UnresolvedImportType$$Lambda+0x0000013c9c5a8770
instanceKlass  @bci org/sonar/python/tree/StringLiteralImpl isBytes ()Z 21 <appendix> argL0 ; # org/sonar/python/tree/StringLiteralImpl$$Lambda+0x0000013c9c5a8520
instanceKlass  @bci org/sonar/python/tree/StringLiteralImpl isTemplate ()Z 21 <appendix> argL0 ; # org/sonar/python/tree/StringLiteralImpl$$Lambda+0x0000013c9c5a82d0
instanceKlass  @bci org/sonar/python/semantic/v2/types/TrivialTypeInferenceVisitor inTypeScope (Lorg/sonar/plugins/python/api/types/v2/PythonType;Ljava/lang/Runnable;)V 24 <appendix> member <vmtarget> ; # org/sonar/python/semantic/v2/types/TrivialTypeInferenceVisitor$$Lambda+0x0000013c9c5a7da0
instanceKlass  @bci org/sonar/python/semantic/v2/types/TrivialTypeInferenceVisitor inTypeScope (Lorg/sonar/plugins/python/api/types/v2/PythonType;Ljava/lang/Runnable;)V 15 <appendix> argL0 ; # org/sonar/python/semantic/v2/types/TrivialTypeInferenceVisitor$$Lambda+0x0000013c9c5a7b60
instanceKlass  @bci org/sonar/python/semantic/v2/types/TrivialTypeInferenceVisitor visitFileInput (Lorg/sonar/plugins/python/api/tree/FileInput;)V 16 <appendix> member <vmtarget> ; # org/sonar/python/semantic/v2/types/TrivialTypeInferenceVisitor$$Lambda+0x0000013c9c5a7728
instanceKlass org/sonar/python/semantic/v2/types/typecalculator/AwaitedTypeCalculator
instanceKlass org/sonar/python/types/v2/matchers/TypePredicateContext
instanceKlass org/sonar/python/types/v2/TypeChecker
instanceKlass org/sonar/python/semantic/v2/types/TypeInferenceMatcher
instanceKlass org/sonar/python/semantic/v2/types/TypeInferenceMatchers
instanceKlass org/sonar/python/semantic/v2/typetable/BasicTypeTable
instanceKlass org/sonar/python/semantic/v2/TypeInferenceV2
instanceKlass  @bci org/sonar/python/semantic/v2/ReadUsagesVisitor addSymbolUsage (Lorg/sonar/plugins/python/api/tree/Name;)V 40 <appendix> member <vmtarget> ; # org/sonar/python/semantic/v2/ReadUsagesVisitor$$Lambda+0x0000013c9c5a5770
instanceKlass  @bci org/sonar/python/semantic/v2/WriteUsagesVisitor visitNonlocalStatement (Lorg/sonar/plugins/python/api/tree/NonlocalStatement;)V 7 <appendix> member <vmtarget> ; # org/sonar/python/semantic/v2/WriteUsagesVisitor$$Lambda+0x0000013c9c5a4ce8
instanceKlass  @bci org/sonar/python/semantic/v2/WriteUsagesVisitor visitWithItem (Lorg/sonar/plugins/python/api/tree/WithItem;)V 10 <appendix> member <vmtarget> ; # org/sonar/python/semantic/v2/WriteUsagesVisitor$$Lambda+0x0000013c9c5a4ab0
instanceKlass  @bci org/sonar/python/semantic/v2/WriteUsagesVisitor addCompDeclarationParam (Lorg/sonar/plugins/python/api/tree/Tree;)V 5 <appendix> member <vmtarget> ; # org/sonar/python/semantic/v2/WriteUsagesVisitor$$Lambda+0x0000013c9c5a4878
instanceKlass  @bci org/sonar/python/semantic/v2/WriteUsagesVisitor lambda$createLoopVariables$10 (Lorg/sonar/plugins/python/api/tree/Expression;)V 5 <appendix> member <vmtarget> ; # org/sonar/python/semantic/v2/WriteUsagesVisitor$$Lambda+0x0000013c9c5a4640
instanceKlass  @bci org/sonar/python/semantic/v2/WriteUsagesVisitor createLoopVariables (Lorg/sonar/plugins/python/api/tree/ForStatement;)V 7 <appendix> member <vmtarget> ; # org/sonar/python/semantic/v2/WriteUsagesVisitor$$Lambda+0x0000013c9c5a4408
instanceKlass  @bci org/sonar/python/semantic/v2/WriteUsagesVisitor visitGlobalStatement (Lorg/sonar/plugins/python/api/tree/GlobalStatement;)V 7 <appendix> member <vmtarget> ; # org/sonar/python/semantic/v2/WriteUsagesVisitor$$Lambda+0x0000013c9c5a41d0
instanceKlass  @bci org/sonar/python/semantic/v2/WriteUsagesVisitor visitExceptClause (Lorg/sonar/plugins/python/api/tree/ExceptClause;)V 10 <appendix> member <vmtarget> ; # org/sonar/python/semantic/v2/WriteUsagesVisitor$$Lambda+0x0000013c9c5a3f98
instanceKlass  @bci org/sonar/python/semantic/v2/WriteUsagesVisitor visitAssignmentStatement (Lorg/sonar/plugins/python/api/tree/AssignmentStatement;)V 30 <appendix> member <vmtarget> ; # org/sonar/python/semantic/v2/WriteUsagesVisitor$$Lambda+0x0000013c9c5a3d60
instanceKlass  @bci org/sonar/python/semantic/v2/WriteUsagesVisitor visitAssignmentStatement (Lorg/sonar/plugins/python/api/tree/AssignmentStatement;)V 19 <appendix> argL0 ; # org/sonar/python/semantic/v2/WriteUsagesVisitor$$Lambda+0x0000013c9c5a3b20
instanceKlass  @bci org/sonar/python/semantic/v2/WriteUsagesVisitor visitAssignmentStatement (Lorg/sonar/plugins/python/api/tree/AssignmentStatement;)V 9 <appendix> argL0 ; # org/sonar/python/semantic/v2/WriteUsagesVisitor$$Lambda+0x0000013c9c5a38e0
instanceKlass  @bci org/sonar/python/semantic/SymbolUtils assignmentsLhs (Lorg/sonar/plugins/python/api/tree/AssignmentStatement;)Ljava/util/List; 21 <appendix> argL0 ; # org/sonar/python/semantic/SymbolUtils$$Lambda+0x0000013c9c5a36a0
instanceKlass  @bci org/sonar/python/semantic/SymbolUtils assignmentsLhs (Lorg/sonar/plugins/python/api/tree/AssignmentStatement;)Ljava/util/List; 11 <appendix> argL0 ; # org/sonar/python/semantic/SymbolUtils$$Lambda+0x0000013c9c5a3460
instanceKlass  @bci org/sonar/python/semantic/v2/WriteUsagesVisitor createParameters (Lorg/sonar/plugins/python/api/tree/FunctionLike;)V 183 <appendix> member <vmtarget> ; # org/sonar/python/semantic/v2/WriteUsagesVisitor$$Lambda+0x0000013c9c5a3228
instanceKlass  @bci org/sonar/python/semantic/v2/WriteUsagesVisitor createParameters (Lorg/sonar/plugins/python/api/tree/FunctionLike;)V 172 <appendix> member <vmtarget> ; # org/sonar/python/semantic/v2/WriteUsagesVisitor$$Lambda+0x0000013c9c5a2fe0
instanceKlass  @bci org/sonar/python/semantic/v2/WriteUsagesVisitor createParameters (Lorg/sonar/plugins/python/api/tree/FunctionLike;)V 155 <appendix> argL0 ; # org/sonar/python/semantic/v2/WriteUsagesVisitor$$Lambda+0x0000013c9c5a2d90
instanceKlass  @bci org/sonar/python/semantic/v2/WriteUsagesVisitor createParameters (Lorg/sonar/plugins/python/api/tree/FunctionLike;)V 134 <appendix> member <vmtarget> ; # org/sonar/python/semantic/v2/WriteUsagesVisitor$$Lambda+0x0000013c9c5a2b58
instanceKlass  @bci org/sonar/python/semantic/v2/WriteUsagesVisitor createParameters (Lorg/sonar/plugins/python/api/tree/FunctionLike;)V 123 <appendix> argL0 ; # org/sonar/python/semantic/v2/WriteUsagesVisitor$$Lambda+0x0000013c9c5a2908
instanceKlass  @bci org/sonar/python/semantic/v2/WriteUsagesVisitor createParameters (Lorg/sonar/plugins/python/api/tree/FunctionLike;)V 113 <appendix> argL0 ; # org/sonar/python/semantic/v2/WriteUsagesVisitor$$Lambda+0x0000013c9c5a26c8
instanceKlass  @bci org/sonar/python/tree/ParameterListImpl nonTuple ()Ljava/util/List; 33 <appendix> member <vmtarget> ; # org/sonar/python/tree/ParameterListImpl$$Lambda+0x0000013c9c5a2480
instanceKlass  @bci org/sonar/python/tree/ParameterListImpl nonTuple ()Ljava/util/List; 16 <appendix> member <vmtarget> ; # org/sonar/python/tree/ParameterListImpl$$Lambda+0x0000013c9c5a2228
instanceKlass  @bci org/sonar/python/semantic/v2/WriteUsagesVisitor createTypeParameters (Lorg/sonar/plugins/python/api/tree/TypeParams;)V 26 <appendix> member <vmtarget> ; # org/sonar/python/semantic/v2/WriteUsagesVisitor$$Lambda+0x0000013c9c5a1ff0
instanceKlass  @bci org/sonar/python/semantic/v2/WriteUsagesVisitor createTypeParameters (Lorg/sonar/plugins/python/api/tree/TypeParams;)V 15 <appendix> argL0 ; # org/sonar/python/semantic/v2/WriteUsagesVisitor$$Lambda+0x0000013c9c5a1db0
instanceKlass  @bci org/sonar/python/semantic/v2/WriteUsagesVisitor createTypeParameters (Lorg/sonar/plugins/python/api/tree/TypeParams;)V 4 <appendix> argL0 ; # org/sonar/python/semantic/v2/WriteUsagesVisitor$$Lambda+0x0000013c9c5a1b70
instanceKlass  @bci org/sonar/python/semantic/v2/WriteUsagesVisitor visitImportFrom (Lorg/sonar/plugins/python/api/tree/ImportFrom;)V 22 <appendix> argL0 ; # org/sonar/python/semantic/v2/WriteUsagesVisitor$$Lambda+0x0000013c9c5a1930
instanceKlass org/sonar/plugins/python/api/symbols/v2/UsageV2
instanceKlass org/sonar/python/semantic/v2/SymbolV2Impl
instanceKlass org/sonar/plugins/python/api/symbols/v2/SymbolV2
instanceKlass  @bci org/sonar/python/semantic/v2/WriteUsagesVisitor createImportedNames (Ljava/util/List;Ljava/lang/String;Ljava/util/List;)V 4 <appendix> member <vmtarget> ; # org/sonar/python/semantic/v2/WriteUsagesVisitor$$Lambda+0x0000013c9c59fc40
instanceKlass org/sonar/python/semantic/v2/ScopeV2
instanceKlass org/sonar/plugins/python/SonarQubePythonFile
instanceKlass org/sonar/plugins/python/api/PythonFile
instanceKlass  @bci org/sonar/python/tree/FormatSpecifierImpl formatExpressions ()Ljava/util/List; 33 <appendix> member <vmtarget> ; # org/sonar/python/tree/FormatSpecifierImpl$$Lambda+0x0000013c9c59e8a8
instanceKlass  @bci org/sonar/python/tree/FormatSpecifierImpl formatExpressions ()Ljava/util/List; 16 <appendix> member <vmtarget> ; # org/sonar/python/tree/FormatSpecifierImpl$$Lambda+0x0000013c9c59e650
instanceKlass  @bci org/sonar/python/tree/StringElementImpl formattedExpressions ()Ljava/util/List; 33 <appendix> member <vmtarget> ; # org/sonar/python/tree/StringElementImpl$$Lambda+0x0000013c9c59e408
instanceKlass  @bci org/sonar/python/tree/StringElementImpl formattedExpressions ()Ljava/util/List; 16 <appendix> member <vmtarget> ; # org/sonar/python/tree/StringElementImpl$$Lambda+0x0000013c9c59e1b0
instanceKlass  @bci org/sonar/python/tree/TreeUtils firstAncestorOfKind (Lorg/sonar/plugins/python/api/tree/Tree;[Lorg/sonar/plugins/python/api/tree/Tree$Kind;)Lorg/sonar/plugins/python/api/tree/Tree; 2 <appendix> member <vmtarget> ; # org/sonar/python/tree/TreeUtils$$Lambda+0x0000013c9c59df58
instanceKlass  @bci org/sonar/python/tree/BreakStatementImpl computeChildren ()Ljava/util/List; 37 <appendix> argL0 ; # org/sonar/python/tree/BreakStatementImpl$$Lambda+0x0000013c9c59d4f0
instanceKlass  @bci org/sonar/python/tree/BreakStatementImpl computeChildren ()Ljava/util/List; 27 <appendix> argL0 ; # org/sonar/python/tree/BreakStatementImpl$$Lambda+0x0000013c9c59d2b0
instanceKlass  @bci org/sonar/python/tree/LambdaExpressionImpl computeChildren ()Ljava/util/List; 35 <appendix> argL0 ; # org/sonar/python/tree/LambdaExpressionImpl$$Lambda+0x0000013c9c59d060
instanceKlass  @bci org/sonar/python/tree/ConditionalExpressionImpl computeChildren ()Ljava/util/List; 42 <appendix> argL0 ; # org/sonar/python/tree/ConditionalExpressionImpl$$Lambda+0x0000013c9c59ce10
instanceKlass  @bci org/sonar/python/tree/NonlocalStatementImpl computeChildren ()Ljava/util/List; 44 <appendix> argL0 ; # org/sonar/python/tree/NonlocalStatementImpl$$Lambda+0x0000013c9c59cbc0
instanceKlass  @bci org/sonar/python/tree/NonlocalStatementImpl computeChildren ()Ljava/util/List; 34 <appendix> argL0 ; # org/sonar/python/tree/NonlocalStatementImpl$$Lambda+0x0000013c9c59c980
instanceKlass  @bci org/sonar/python/tree/ContinueStatementImpl computeChildren ()Ljava/util/List; 37 <appendix> argL0 ; # org/sonar/python/tree/ContinueStatementImpl$$Lambda+0x0000013c9c59c730
instanceKlass  @bci org/sonar/python/tree/ContinueStatementImpl computeChildren ()Ljava/util/List; 27 <appendix> argL0 ; # org/sonar/python/tree/ContinueStatementImpl$$Lambda+0x0000013c9c59c4f0
instanceKlass  @bci org/sonar/python/tree/CompoundAssignmentStatementImpl computeChildren ()Ljava/util/List; 58 <appendix> argL0 ; # org/sonar/python/tree/CompoundAssignmentStatementImpl$$Lambda+0x0000013c9c59c2a0
instanceKlass  @bci org/sonar/python/tree/CompoundAssignmentStatementImpl computeChildren ()Ljava/util/List; 48 <appendix> argL0 ; # org/sonar/python/tree/CompoundAssignmentStatementImpl$$Lambda+0x0000013c9c59c060
instanceKlass  @bci org/sonar/python/tree/WithStatementImpl$WithItemImpl computeChildren ()Ljava/util/List; 28 <appendix> argL0 ; # org/sonar/python/tree/WithStatementImpl$WithItemImpl$$Lambda+0x0000013c9c59be10
instanceKlass  @bci org/sonar/python/tree/WithStatementImpl computeChildren ()Ljava/util/List; 179 <appendix> argL0 ; # org/sonar/python/tree/WithStatementImpl$$Lambda+0x0000013c9c59bbc0
instanceKlass  @bci org/sonar/python/tree/UnaryExpressionImpl computeChildren ()Ljava/util/List; 21 <appendix> argL0 ; # org/sonar/python/tree/UnaryExpressionImpl$$Lambda+0x0000013c9c59b970
instanceKlass  @bci org/sonar/python/tree/ComprehensionIfImpl computeChildren ()Ljava/util/List; 28 <appendix> argL0 ; # org/sonar/python/tree/ComprehensionIfImpl$$Lambda+0x0000013c9c59b720
instanceKlass  @bci org/sonar/python/tree/SliceItemImpl computeChildren ()Ljava/util/List; 42 <appendix> argL0 ; # org/sonar/python/tree/SliceItemImpl$$Lambda+0x0000013c9c59b4d0
instanceKlass  @bci org/sonar/python/tree/SliceExpressionImpl computeChildren ()Ljava/util/List; 35 <appendix> argL0 ; # org/sonar/python/tree/SliceExpressionImpl$$Lambda+0x0000013c9c59b280
instanceKlass  @bci org/sonar/python/tree/ComprehensionForImpl computeChildren ()Ljava/util/List; 50 <appendix> argL0 ; # org/sonar/python/tree/ComprehensionForImpl$$Lambda+0x0000013c9c59b030
instanceKlass  @bci org/sonar/python/tree/ComprehensionExpressionImpl computeChildren ()Ljava/util/List; 35 <appendix> argL0 ; # org/sonar/python/tree/ComprehensionExpressionImpl$$Lambda+0x0000013c9c59ade0
instanceKlass  @bci org/sonar/python/tree/IsExpressionImpl computeChildren ()Ljava/util/List; 35 <appendix> argL0 ; # org/sonar/python/tree/IsExpressionImpl$$Lambda+0x0000013c9c59ab90
instanceKlass  @bci org/sonar/python/tree/ForStatementImpl computeChildren ()Ljava/util/List; 136 <appendix> argL0 ; # org/sonar/python/tree/ForStatementImpl$$Lambda+0x0000013c9c59a940
instanceKlass  @bci org/sonar/python/tree/ForStatementImpl computeChildren ()Ljava/util/List; 126 <appendix> argL0 ; # org/sonar/python/tree/ForStatementImpl$$Lambda+0x0000013c9c59a700
instanceKlass  @bci org/sonar/python/tree/GlobalStatementImpl computeChildren ()Ljava/util/List; 44 <appendix> argL0 ; # org/sonar/python/tree/GlobalStatementImpl$$Lambda+0x0000013c9c59a4b0
instanceKlass  @bci org/sonar/python/tree/GlobalStatementImpl computeChildren ()Ljava/util/List; 34 <appendix> argL0 ; # org/sonar/python/tree/GlobalStatementImpl$$Lambda+0x0000013c9c59a270
instanceKlass  @bci org/sonar/python/tree/ExceptClauseImpl computeChildren ()Ljava/util/List; 90 <appendix> argL0 ; # org/sonar/python/tree/ExceptClauseImpl$$Lambda+0x0000013c9c59a020
instanceKlass  @bci org/sonar/python/tree/InExpressionImpl computeChildren ()Ljava/util/List; 35 <appendix> argL0 ; # org/sonar/python/tree/InExpressionImpl$$Lambda+0x0000013c9c599dd0
instanceKlass  @bci org/sonar/python/tree/TryStatementImpl computeChildren ()Ljava/util/List; 101 <appendix> argL0 ; # org/sonar/python/tree/TryStatementImpl$$Lambda+0x0000013c9c599b80
instanceKlass  @bci org/sonar/python/tree/TryStatementImpl computeChildren ()Ljava/util/List; 91 <appendix> argL0 ; # org/sonar/python/tree/TryStatementImpl$$Lambda+0x0000013c9c599940
instanceKlass  @bci org/sonar/python/tree/ElseClauseImpl computeChildren ()Ljava/util/List; 50 <appendix> argL0 ; # org/sonar/python/tree/ElseClauseImpl$$Lambda+0x0000013c9c5996f0
instanceKlass  @bci org/sonar/python/tree/RegularArgumentImpl computeChildren ()Ljava/util/List; 28 <appendix> argL0 ; # org/sonar/python/tree/RegularArgumentImpl$$Lambda+0x0000013c9c5994a0
instanceKlass  @bci org/sonar/python/tree/CallExpressionImpl computeChildren ()Ljava/util/List; 35 <appendix> argL0 ; # org/sonar/python/tree/CallExpressionImpl$$Lambda+0x0000013c9c599250
instanceKlass  @bci org/sonar/python/tree/IfStatementImpl computeChildren ()Ljava/util/List; 95 <appendix> argL0 ; # org/sonar/python/tree/IfStatementImpl$$Lambda+0x0000013c9c599000
instanceKlass  @bci org/sonar/python/tree/IfStatementImpl computeChildren ()Ljava/util/List; 85 <appendix> argL0 ; # org/sonar/python/tree/IfStatementImpl$$Lambda+0x0000013c9c598dc0
instanceKlass  @bci org/sonar/python/tree/ParameterImpl computeChildren ()Ljava/util/List; 42 <appendix> argL0 ; # org/sonar/python/tree/ParameterImpl$$Lambda+0x0000013c9c598b70
instanceKlass  @bci org/sonar/python/tree/FunctionDefImpl computeChildren ()Ljava/util/List; 133 <appendix> argL0 ; # org/sonar/python/tree/FunctionDefImpl$$Lambda+0x0000013c9c598920
instanceKlass  @bci org/sonar/python/tree/FunctionDefImpl computeChildren ()Ljava/util/List; 123 <appendix> argL0 ; # org/sonar/python/tree/FunctionDefImpl$$Lambda+0x0000013c9c5986e0
instanceKlass  @bci org/sonar/python/tree/ImportFromImpl computeChildren ()Ljava/util/List; 86 <appendix> argL0 ; # org/sonar/python/tree/ImportFromImpl$$Lambda+0x0000013c9c598490
instanceKlass  @bci org/sonar/python/tree/ImportFromImpl computeChildren ()Ljava/util/List; 76 <appendix> argL0 ; # org/sonar/python/tree/ImportFromImpl$$Lambda+0x0000013c9c598250
instanceKlass  @bci org/sonar/python/tree/AliasedNameImpl computeChildren ()Ljava/util/List; 28 <appendix> argL0 ; # org/sonar/python/tree/AliasedNameImpl$$Lambda+0x0000013c9c598000
instanceKlass  @bci org/sonar/python/tree/ImportNameImpl computeChildren ()Ljava/util/List; 44 <appendix> argL0 ; # org/sonar/python/tree/ImportNameImpl$$Lambda+0x0000013c9c597c18
instanceKlass  @bci org/sonar/python/tree/ImportNameImpl computeChildren ()Ljava/util/List; 34 <appendix> argL0 ; # org/sonar/python/tree/ImportNameImpl$$Lambda+0x0000013c9c5979d8
instanceKlass  @bci org/sonar/python/tree/StatementListImpl computeChildren ()Ljava/util/List; 17 <appendix> argL0 ; # org/sonar/python/tree/StatementListImpl$$Lambda+0x0000013c9c597788
instanceKlass  @bci org/sonar/python/tree/StatementListImpl computeChildren ()Ljava/util/List; 7 <appendix> argL0 ; # org/sonar/python/tree/StatementListImpl$$Lambda+0x0000013c9c597548
instanceKlass  @bci org/sonar/python/tree/FileInputImpl computeChildren ()Ljava/util/List; 21 <appendix> argL0 ; # org/sonar/python/tree/FileInputImpl$$Lambda+0x0000013c9c5972f8
instanceKlass  @bci org/sonar/python/tree/SubscriptionExpressionImpl computeChildren ()Ljava/util/List; 35 <appendix> argL0 ; # org/sonar/python/tree/SubscriptionExpressionImpl$$Lambda+0x0000013c9c596dc0
instanceKlass  @bci org/sonar/python/tree/PythonTreeMaker lambdaExpression (Lcom/sonar/sslr/api/AstNode;)Lorg/sonar/plugins/python/api/tree/LambdaExpression; 143 <appendix> argL0 ; # org/sonar/python/tree/PythonTreeMaker$$Lambda+0x0000013c9c596898
instanceKlass  @bci org/sonar/python/tree/PythonTreeMaker lambdaExpression (Lcom/sonar/sslr/api/AstNode;)Lorg/sonar/plugins/python/api/tree/LambdaExpression; 133 <appendix> member <vmtarget> ; # org/sonar/python/tree/PythonTreeMaker$$Lambda+0x0000013c9c596650
instanceKlass  @bci org/sonar/python/tree/PythonTreeMaker nonlocalStatement (Lorg/sonar/python/tree/StatementWithSeparator;)Lorg/sonar/plugins/python/api/tree/NonlocalStatement; 53 <appendix> member <vmtarget> ; # org/sonar/python/tree/PythonTreeMaker$$Lambda+0x0000013c9c5955b0
instanceKlass  @bci org/sonar/python/tree/PythonTreeMaker parenthesized (Lcom/sonar/sslr/api/AstNode;)Lorg/sonar/plugins/python/api/tree/Expression; 221 <appendix> argL0 ; # org/sonar/python/tree/PythonTreeMaker$$Lambda+0x0000013c9c594fd8
instanceKlass  @bci org/sonar/python/tree/PythonTreeMaker withItems (Ljava/util/List;)Ljava/util/List; 7 <appendix> member <vmtarget> ; # org/sonar/python/tree/PythonTreeMaker$$Lambda+0x0000013c9c594048
instanceKlass  @bci org/sonar/python/tree/BinaryExpressionImpl computeChildren ()Ljava/util/List; 28 <appendix> argL0 ; # org/sonar/python/tree/BinaryExpressionImpl$$Lambda+0x0000013c9c5933d0
instanceKlass  @bci org/sonar/python/tree/FormattedExpressionImpl computeChildren ()Ljava/util/List; 58 <appendix> argL0 ; # org/sonar/python/tree/FormattedExpressionImpl$$Lambda+0x0000013c9c593180
instanceKlass  @bci org/sonar/python/tree/StringElementImpl computeChildren ()Ljava/util/List; 47 <appendix> argL0 ; # org/sonar/python/tree/StringElementImpl$$Lambda+0x0000013c9c592f30
instanceKlass org/sonar/python/tree/TreeUtils
instanceKlass  @bci org/sonar/python/tree/PythonTreeMaker formattedExpression (Lcom/sonar/sslr/api/AstNode;)Lorg/sonar/python/tree/FormattedExpressionImpl; 179 <appendix> member <vmtarget> ; # org/sonar/python/tree/PythonTreeMaker$$Lambda+0x0000013c9c58fdd8
instanceKlass  @bci org/sonar/python/tree/PythonTreeMaker formattedExpression (Lcom/sonar/sslr/api/AstNode;)Lorg/sonar/python/tree/FormattedExpressionImpl; 162 <appendix> member <vmtarget> ; # org/sonar/python/tree/PythonTreeMaker$$Lambda+0x0000013c9c5928d8
instanceKlass  @bci org/sonar/python/tree/PythonTreeMaker getConversionNode (Lcom/sonar/sslr/api/AstNode;)Ljava/util/Optional; 17 <appendix> argL0 ; # org/sonar/python/tree/PythonTreeMaker$$Lambda+0x0000013c9c592688
instanceKlass  @bci org/sonar/python/tree/PythonTreeMaker getFStringMiddles (Lcom/sonar/sslr/api/AstNode;)Ljava/util/List; 36 <appendix> argL0 ; # org/sonar/python/tree/PythonTreeMaker$$Lambda+0x0000013c9c592438
instanceKlass  @bci org/sonar/python/tree/PythonTreeMaker getFStringMiddles (Lcom/sonar/sslr/api/AstNode;)Ljava/util/List; 26 <appendix> member <vmtarget> ; # org/sonar/python/tree/PythonTreeMaker$$Lambda+0x0000013c9c5921f0
instanceKlass  @bci org/sonar/python/tree/ExpressionStatementImpl computeChildren ()Ljava/util/List; 34 <appendix> argL0 ; # org/sonar/python/tree/ExpressionStatementImpl$$Lambda+0x0000013c9c591fa0
instanceKlass  @bci org/sonar/python/tree/ExpressionStatementImpl computeChildren ()Ljava/util/List; 24 <appendix> argL0 ; # org/sonar/python/tree/ExpressionStatementImpl$$Lambda+0x0000013c9c591d60
instanceKlass  @bci org/sonar/python/tree/PythonTreeMaker forStatement (Lcom/sonar/sslr/api/AstNode;)Lorg/sonar/plugins/python/api/tree/ForStatement; 189 <appendix> member <vmtarget> ; # org/sonar/python/tree/PythonTreeMaker$$Lambda+0x0000013c9c590000
instanceKlass  @bci org/sonar/python/tree/PythonTreeMaker expressionsFromExprList (Lcom/sonar/sslr/api/AstNode;)Ljava/util/List; 26 <appendix> member <vmtarget> ; # org/sonar/python/tree/PythonTreeMaker$$Lambda+0x0000013c9c58fb90
instanceKlass  @bci org/sonar/python/tree/PythonTreeMaker globalStatement (Lorg/sonar/python/tree/StatementWithSeparator;)Lorg/sonar/plugins/python/api/tree/GlobalStatement; 53 <appendix> member <vmtarget> ; # org/sonar/python/tree/PythonTreeMaker$$Lambda+0x0000013c9c58ec08
instanceKlass  @bci org/sonar/python/tree/PythonTreeMaker argument (Lcom/sonar/sslr/api/AstNode;)Lorg/sonar/plugins/python/api/tree/Argument; 277 <appendix> argL0 ; # org/sonar/python/tree/PythonTreeMaker$$Lambda+0x0000013c9c58e9e8
instanceKlass  @bci org/sonar/python/tree/PythonTreeMaker argument (Lcom/sonar/sslr/api/AstNode;)Lorg/sonar/plugins/python/api/tree/Argument; 269 <appendix> member <vmtarget> ; # org/sonar/python/tree/PythonTreeMaker$$Lambda+0x0000013c9c58e7a0
instanceKlass  @bci org/sonar/python/tree/PythonTreeMaker argument (Lcom/sonar/sslr/api/AstNode;)Lorg/sonar/plugins/python/api/tree/Argument; 256 <appendix> argL0 ; # org/sonar/python/tree/PythonTreeMaker$$Lambda+0x0000013c9c58e560
instanceKlass  @bci org/sonar/python/tree/PythonTreeMaker argument (Lcom/sonar/sslr/api/AstNode;)Lorg/sonar/plugins/python/api/tree/Argument; 248 <appendix> argL0 ; # org/sonar/python/tree/PythonTreeMaker$$Lambda+0x0000013c9c58e320
instanceKlass  @bci org/sonar/python/tree/PythonTreeMaker tryStatement (Lcom/sonar/sslr/api/AstNode;)Lorg/sonar/plugins/python/api/tree/TryStatement; 88 <appendix> member <vmtarget> ; # org/sonar/python/tree/PythonTreeMaker$$Lambda+0x0000013c9c58d6b0
instanceKlass  @bci org/sonar/python/tree/PythonTreeMaker subscriptionOrSlicing (Lorg/sonar/plugins/python/api/tree/Expression;Lorg/sonar/plugins/python/api/tree/Token;Lcom/sonar/sslr/api/AstNode;Lorg/sonar/plugins/python/api/tree/Token;)Lorg/sonar/plugins/python/api/tree/Expression; 195 <appendix> member <vmtarget> ; # org/sonar/python/tree/PythonTreeMaker$$Lambda+0x0000013c9c58ccb8
instanceKlass  @bci org/sonar/python/tree/PythonTreeMaker subscriptionOrSlicing (Lorg/sonar/plugins/python/api/tree/Expression;Lorg/sonar/plugins/python/api/tree/Token;Lcom/sonar/sslr/api/AstNode;Lorg/sonar/plugins/python/api/tree/Token;)Lorg/sonar/plugins/python/api/tree/Expression; 130 <appendix> argL0 ; # org/sonar/python/tree/PythonTreeMaker$$Lambda+0x0000013c9c58ca68
instanceKlass  @bci org/sonar/python/tree/PythonTreeMaker exprListOrTestList (Lcom/sonar/sslr/api/AstNode;)Lorg/sonar/plugins/python/api/tree/Expression; 32 <appendix> member <vmtarget> ; # org/sonar/python/tree/PythonTreeMaker$$Lambda+0x0000013c9c58c4b0
instanceKlass  @bci org/sonar/python/tree/PythonTreeMaker expressionList (Lcom/sonar/sslr/api/AstNode;)Lorg/sonar/plugins/python/api/tree/ExpressionList; 55 <appendix> member <vmtarget> ; # org/sonar/python/tree/PythonTreeMaker$$Lambda+0x0000013c9c58bef8
instanceKlass org/sonar/python/DocstringExtractor
instanceKlass  @bci org/sonar/python/tree/PythonTreeMaker checkGeneratorExpressionInArgument (Ljava/util/List;)V 34 <appendix> argL0 ; # org/sonar/python/tree/PythonTreeMaker$$Lambda+0x0000013c9c58ae78
instanceKlass  @bci org/sonar/python/tree/PythonTreeMaker checkGeneratorExpressionInArgument (Ljava/util/List;)V 24 <appendix> member <vmtarget> ; # org/sonar/python/tree/PythonTreeMaker$$Lambda+0x0000013c9c58ac30
instanceKlass  @bci org/sonar/python/tree/PythonTreeMaker checkGeneratorExpressionInArgument (Ljava/util/List;)V 6 <appendix> argL0 ; # org/sonar/python/tree/PythonTreeMaker$$Lambda+0x0000013c9c58a9e0
instanceKlass  @bci org/sonar/python/tree/PythonTreeMaker argList (Lcom/sonar/sslr/api/AstNode;)Lorg/sonar/plugins/python/api/tree/ArgList; 24 <appendix> member <vmtarget> ; # org/sonar/python/tree/PythonTreeMaker$$Lambda+0x0000013c9c58a1e8
instanceKlass org/sonar/python/types/HasTypeDependencies
instanceKlass  @bci org/sonar/python/tree/PythonTreeMaker ifStatement (Lcom/sonar/sslr/api/AstNode;)Lorg/sonar/plugins/python/api/tree/IfStatement; 151 <appendix> member <vmtarget> ; # org/sonar/python/tree/PythonTreeMaker$$Lambda+0x0000013c9c588de0
instanceKlass  @bci org/sonar/python/tree/PythonTreeMaker expressionsFromTestListStarExpr (Lcom/sonar/sslr/api/AstNode;)Ljava/util/List; 26 <appendix> member <vmtarget> ; # org/sonar/python/tree/PythonTreeMaker$$Lambda+0x0000013c9c588818
instanceKlass  @bci org/sonar/python/tree/PythonTreeMaker getStatementsFromSuite (Lcom/sonar/sslr/api/AstNode;)Ljava/util/List; 68 <appendix> member <vmtarget> ; # org/sonar/python/tree/PythonTreeMaker$$Lambda+0x0000013c9c5885d0
instanceKlass  @bci org/sonar/python/tree/PythonTreeMaker lambda$parameterList$1 (Lcom/sonar/sslr/api/AstNode;)Lorg/sonar/python/tree/ParameterListImpl; 42 <appendix> argL0 ; # org/sonar/python/tree/PythonTreeMaker$$Lambda+0x0000013c9c587b88
instanceKlass  @bci org/sonar/python/tree/PythonTreeMaker lambda$parameterList$1 (Lcom/sonar/sslr/api/AstNode;)Lorg/sonar/python/tree/ParameterListImpl; 32 <appendix> member <vmtarget> ; # org/sonar/python/tree/PythonTreeMaker$$Lambda+0x0000013c9c587940
instanceKlass  @bci org/sonar/python/tree/PythonTreeMaker parameterList (Lcom/sonar/sslr/api/AstNode;)Lorg/sonar/plugins/python/api/tree/ParameterList; 13 <appendix> member <vmtarget> ; # org/sonar/python/tree/PythonTreeMaker$$Lambda+0x0000013c9c5876f8
instanceKlass  @bci org/sonar/python/tree/PythonTreeMaker parameterList (Lcom/sonar/sslr/api/AstNode;)Lorg/sonar/plugins/python/api/tree/ParameterList; 4 <appendix> argL0 ; # org/sonar/python/tree/PythonTreeMaker$$Lambda+0x0000013c9c5871e8
instanceKlass  @bci org/sonar/python/tree/PythonTreeMaker typeParams (Lcom/sonar/sslr/api/AstNode;)Lorg/sonar/plugins/python/api/tree/TypeParams; 13 <appendix> member <vmtarget> ; # org/sonar/python/tree/PythonTreeMaker$$Lambda+0x0000013c9c586fa0
instanceKlass  @bci org/sonar/python/tree/PythonTreeMaker typeParams (Lcom/sonar/sslr/api/AstNode;)Lorg/sonar/plugins/python/api/tree/TypeParams; 4 <appendix> argL0 ; # org/sonar/python/tree/PythonTreeMaker$$Lambda+0x0000013c9c586a78
instanceKlass  @bci org/sonar/python/tree/PythonTreeMaker importFromStatement (Lcom/sonar/sslr/api/AstNode;Lorg/sonar/python/tree/Separators;)Lorg/sonar/plugins/python/api/tree/ImportFrom; 135 <appendix> member <vmtarget> ; # org/sonar/python/tree/PythonTreeMaker$$Lambda+0x0000013c9c586830
instanceKlass  @bci org/sonar/python/tree/PythonTreeMaker toPyToken (Ljava/util/List;)Ljava/util/List; 7 <appendix> member <vmtarget> ; # org/sonar/python/tree/PythonTreeMaker$$Lambda+0x0000013c9c5861d0
instanceKlass  @bci org/sonar/python/tree/PythonTreeMaker punctuators (Lcom/sonar/sslr/api/AstNode;Lorg/sonar/python/api/PythonPunctuator;)Ljava/util/List; 18 <appendix> argL0 ; # org/sonar/python/tree/PythonTreeMaker$$Lambda+0x0000013c9c585f90
instanceKlass  @bci org/sonar/python/tree/PythonTreeMaker dottedName (Lcom/sonar/sslr/api/AstNode;)Lorg/sonar/plugins/python/api/tree/DottedName; 20 <appendix> member <vmtarget> ; # org/sonar/python/tree/PythonTreeMaker$$Lambda+0x0000013c9c585010
instanceKlass  @bci org/sonar/python/tree/PythonTreeMaker importName (Lcom/sonar/sslr/api/AstNode;Lorg/sonar/python/tree/Separators;)Lorg/sonar/plugins/python/api/tree/ImportName; 55 <appendix> member <vmtarget> ; # org/sonar/python/tree/PythonTreeMaker$$Lambda+0x0000013c9c584dc8
instanceKlass  @bci java/util/stream/Collectors joining ()Ljava/util/stream/Collector; 19 <appendix> argL0 ; # java/util/stream/Collectors$$Lambda+0x0000013c9c273cb8
instanceKlass  @bci java/util/stream/Collectors joining ()Ljava/util/stream/Collector; 14 <appendix> argL0 ; # java/util/stream/Collectors$$Lambda+0x0000013c9c273a70
instanceKlass  @bci java/util/stream/Collectors joining ()Ljava/util/stream/Collector; 9 <appendix> argL0 ; # java/util/stream/Collectors$$Lambda+0x0000013c9c273840
instanceKlass  @bci java/util/stream/Collectors joining ()Ljava/util/stream/Collector; 4 <appendix> argL0 ; # java/util/stream/Collectors$$Lambda+0x0000013c9c273620
instanceKlass  @bci org/sonar/python/tree/StringElementImpl computeValue (Lorg/sonar/plugins/python/api/tree/Token;Lorg/sonar/plugins/python/api/tree/Token;Ljava/util/List;)Ljava/lang/String; 16 <appendix> argL0 ; # org/sonar/python/tree/StringElementImpl$$Lambda+0x0000013c9c584200
instanceKlass  @bci org/sonar/python/tree/StringElementImpl computeValue (Lorg/sonar/plugins/python/api/tree/Token;Lorg/sonar/plugins/python/api/tree/Token;Ljava/util/List;)Ljava/lang/String; 6 <appendix> argL0 ; # org/sonar/python/tree/StringElementImpl$$Lambda+0x0000013c9c583fc0
instanceKlass  @bci org/sonar/python/tree/PythonTreeMaker stringLiterals (Lcom/sonar/sslr/api/AstNode;)Lorg/sonar/plugins/python/api/tree/Expression; 42 <appendix> argL0 ; # org/sonar/python/tree/PythonTreeMaker$$Lambda+0x0000013c9c583d70
instanceKlass  @bci org/sonar/python/tree/PythonTreeMaker stringLiterals (Lcom/sonar/sslr/api/AstNode;)Lorg/sonar/plugins/python/api/tree/Expression; 32 <appendix> member <vmtarget> ; # org/sonar/python/tree/PythonTreeMaker$$Lambda+0x0000013c9c583b28
instanceKlass  @bci org/sonar/python/tree/PythonTreeMaker expressionStatement (Lorg/sonar/python/tree/StatementWithSeparator;)Lorg/sonar/plugins/python/api/tree/ExpressionStatement; 49 <appendix> member <vmtarget> ; # org/sonar/python/tree/PythonTreeMaker$$Lambda+0x0000013c9c5838e0
instanceKlass  @bci org/sonar/python/tree/PythonTreeMaker fileInput (Lcom/sonar/sslr/api/AstNode;)Lorg/sonar/plugins/python/api/tree/FileInput; 11 <appendix> member <vmtarget> ; # org/sonar/python/tree/PythonTreeMaker$$Lambda+0x0000013c9c583698
instanceKlass  @bci org/sonar/python/tree/Separators <init> (Lorg/sonar/plugins/python/api/tree/Token;Lorg/sonar/plugins/python/api/tree/Token;)V 36 <appendix> argL0 ; # org/sonar/python/tree/Separators$$Lambda+0x0000013c9c583448
instanceKlass org/sonar/python/tree/Separators
instanceKlass org/sonar/python/tree/StatementWithSeparator
instanceKlass  @bci org/sonar/python/tree/TokenImpl <init> (Lcom/sonar/sslr/api/Token;)V 24 <appendix> argL0 ; # org/sonar/python/tree/TokenImpl$$Lambda+0x0000013c9c5829d8
instanceKlass org/sonar/python/tree/TriviaImpl
instanceKlass org/sonar/python/tree/PyTree
instanceKlass org/sonar/plugins/python/api/tree/ImportName
instanceKlass org/sonar/sslr/internal/grammar/MutableParsingRule
instanceKlass org/sonar/sslr/internal/matchers/LexerfulAstCreator
instanceKlass org/sonar/sslr/internal/vm/MachineStack
instanceKlass org/sonar/sslr/internal/matchers/ParseNode
instanceKlass org/sonar/sslr/internal/vm/ErrorLocatingHandler
instanceKlass org/sonar/sslr/internal/vm/Machine$1
instanceKlass org/sonar/sslr/internal/matchers/InputBuffer
instanceKlass org/sonar/sslr/internal/vm/MachineHandler
instanceKlass org/sonar/sslr/internal/vm/Machine
instanceKlass org/sonar/sslr/internal/vm/CompiledGrammar
instanceKlass org/sonar/sslr/internal/vm/CompilationHandler
instanceKlass com/sonar/sslr/api/Token$1
instanceKlass java/util/AbstractList$SubList$1
instanceKlass  @bci org/sonar/python/lexer/FStringAndTStringChannel addTokens (Ljava/util/List;Lcom/sonar/sslr/impl/Lexer;)V 2 <appendix> argL0 ; # org/sonar/python/lexer/FStringAndTStringChannel$$Lambda+0x0000013c9c57b140
instanceKlass java/util/stream/Sink$ChainedInt
instanceKlass java/util/stream/Sink$OfInt
instanceKlass java/util/function/IntConsumer
instanceKlass  @bci org/sonar/python/lexer/FStringAndTStringChannel areClosingQuotes (Lorg/sonar/sslr/channel/CodeReader;Lorg/sonar/python/lexer/FStringState;)Z 35 <appendix> member <vmtarget> ; # org/sonar/python/lexer/FStringAndTStringChannel$$Lambda+0x0000013c9c57aee8
instanceKlass  @bci org/sonar/python/lexer/FStringAndTStringChannel areClosingQuotes (Lorg/sonar/sslr/channel/CodeReader;Lorg/sonar/python/lexer/FStringState;)Z 16 <appendix> member <vmtarget> ; # org/sonar/python/lexer/FStringAndTStringChannel$$Lambda+0x0000013c9c57acc0
instanceKlass java/util/stream/Streams$RangeIntSpliterator
instanceKlass java/util/stream/IntStream
instanceKlass com/sonar/sslr/api/Trivia
instanceKlass com/sonar/sslr/impl/channel/BlackHoleChannel$EmptyAppendable
instanceKlass org/sonar/sslr/channel/CodeReaderFilter
instanceKlass org/sonar/sslr/channel/CodeBuffer$Cursor
instanceKlass org/sonar/sslr/channel/CodeBuffer
instanceKlass org/sonar/python/lexer/FStringState
instanceKlass org/apache/commons/codec/CharEncoding
instanceKlass org/apache/commons/codec/binary/Hex
instanceKlass org/apache/commons/codec/BinaryDecoder
instanceKlass org/apache/commons/codec/Decoder
instanceKlass org/apache/commons/codec/BinaryEncoder
instanceKlass org/apache/commons/codec/Encoder
instanceKlass sun/security/provider/ByteArrayAccess$LE
instanceKlass org/sonar/scanner/plugin/api/impl/fs/charhandler/IntArrayList
instanceKlass org/apache/commons/codec/digest/DigestUtils
instanceKlass org/sonar/scanner/scan/filesystem/CharsetValidation$Result
instanceKlass  @bci org/sonar/scanner/scan/filesystem/ByteCharsetDetector detectBOM ([B)Lorg/apache/commons/io/ByteOrderMark; 7 <appendix> member <vmtarget> ; # org/sonar/scanner/scan/filesystem/ByteCharsetDetector$$Lambda+0x0000013c9c57d3a0
instanceKlass org/sonar/scanner/scan/filesystem/CharsetValidation
instanceKlass org/sonar/scanner/scan/filesystem/ByteCharsetDetector
instanceKlass org/sonar/scanner/scan/filesystem/CharsetDetector
instanceKlass  @bci org/apache/commons/io/function/IOConsumer <clinit> ()V 0 <appendix> argL0 ; # org/apache/commons/io/function/IOConsumer$$Lambda+0x0000013c9c57cae0
instanceKlass  @bci org/apache/commons/io/input/ProxyInputStream close ()V 5 <appendix> member <vmtarget> ; # org/apache/commons/io/input/ProxyInputStream$$Lambda+0x0000013c9c57c898
instanceKlass org/apache/commons/io/function/IOConsumer
instanceKlass  @bci org/apache/commons/io/input/BOMInputStream find ()Lorg/apache/commons/io/ByteOrderMark; 10 <appendix> member <vmtarget> ; # org/apache/commons/io/input/BOMInputStream$$Lambda+0x0000013c9c57c440
instanceKlass org/apache/commons/io/IOUtils
instanceKlass  @bci org/apache/commons/io/function/IOIntConsumer <clinit> ()V 0 <appendix> argL0 ; # org/apache/commons/io/function/IOIntConsumer$$Lambda+0x0000013c9c4fde40
instanceKlass  @cpi org/apache/commons/io/function/IOIntConsumer 86 form vmentry <vmtarget> ; # java/lang/invoke/LambdaForm$DMH+0x0000013c9c579c00
# instanceKlass java/lang/invoke/LambdaForm$DMH+0x0000013c9c579800
instanceKlass org/apache/commons/io/function/IOIntConsumer
instanceKlass  @bci org/apache/commons/io/input/BOMInputStream <clinit> ()V 0 <appendix> argL0 ; # org/apache/commons/io/input/BOMInputStream$$Lambda+0x0000013c9c4fd808
instanceKlass org/apache/commons/io/ByteOrderMark
instanceKlass java/util/concurrent/ForkJoinPool$DefaultForkJoinWorkerThreadFactory$1
instanceKlass java/util/concurrent/ForkJoinTask$Aux
instanceKlass  @bci org/sonar/plugins/python/MultiFileProgressReport run ()V 19 <adapter> ; # java/lang/invoke/LambdaForm$MH+0x0000013c9c579400
instanceKlass java/util/concurrent/ForkJoinTask
# instanceKlass java/lang/invoke/LambdaForm$DMH+0x0000013c9c579000
instanceKlass java/util/concurrent/CompletableFuture$AsynchronousCompletionTask
instanceKlass  @bci org/sonar/plugins/python/MultiFileProgressReport run ()V 19 <appendix> form vmentry <vmtarget> ; # java/lang/invoke/LambdaForm$MH+0x0000013c9c578c00
instanceKlass java/util/concurrent/CompletableFuture$AltResult
# instanceKlass java/lang/invoke/LambdaForm$MH+0x0000013c9c578800
instanceKlass  @bci org/sonar/plugins/python/Scanner lambda$processFiles$2 (Lorg/sonar/api/batch/sensor/SensorContext;Lorg/sonar/plugins/python/MultiFileProgressReport;Ljava/util/concurrent/atomic/AtomicInteger;Ljava/util/concurrent/ExecutorService;Lorg/sonar/plugins/python/PythonInputFile;)Ljava/util/concurrent/CompletableFuture; 6 <appendix> member <vmtarget> ; # org/sonar/plugins/python/Scanner$$Lambda+0x0000013c9c576220
instanceKlass  @bci org/sonar/plugins/python/MultiFileProgressReport run ()V 19 <appendix> argL3 form vmentry <vmtarget> ; # java/lang/invoke/LambdaForm$MH+0x0000013c9c578400
# instanceKlass java/lang/invoke/LambdaForm$MH+0x0000013c9c578000
# instanceKlass java/lang/invoke/LambdaForm$MH+0x0000013c9c575c00
# instanceKlass java/lang/invoke/LambdaForm$MH+0x0000013c9c575800
instanceKlass  @bci org/sonar/plugins/python/Scanner processFiles (Ljava/util/List;Lorg/sonar/api/batch/sensor/SensorContext;Lorg/sonar/plugins/python/MultiFileProgressReport;Ljava/util/concurrent/atomic/AtomicInteger;)V 70 <appendix> argL0 ; # org/sonar/plugins/python/Scanner$$Lambda+0x0000013c9c576000
instanceKlass  @bci org/sonar/plugins/python/Scanner processFiles (Ljava/util/List;Lorg/sonar/api/batch/sensor/SensorContext;Lorg/sonar/plugins/python/MultiFileProgressReport;Ljava/util/concurrent/atomic/AtomicInteger;)V 60 <appendix> member <vmtarget> ; # org/sonar/plugins/python/Scanner$$Lambda+0x0000013c9c573ca8
instanceKlass java/util/concurrent/CompletableFuture
instanceKlass java/util/concurrent/CompletionStage
# instanceKlass java/lang/invoke/LambdaForm$MH+0x0000013c9c575400
instanceKlass  @bci org/sonar/plugins/python/MultiFileProgressReport run ()V 19 <appendix> argL1 form vmentry <vmtarget> ; # java/lang/invoke/LambdaForm$MH+0x0000013c9c575000
# instanceKlass java/lang/invoke/LambdaForm$MH+0x0000013c9c574c00
# instanceKlass java/lang/invoke/LambdaForm$MH+0x0000013c9c574800
# instanceKlass java/lang/invoke/LambdaForm$MH+0x0000013c9c574400
instanceKlass  @bci org/sonar/plugins/python/Scanner getNumberOfThreads (Lorg/sonar/api/batch/sensor/SensorContext;)I 64 <appendix> argL0 ; # org/sonar/plugins/python/Scanner$$Lambda+0x0000013c9c573a68
instanceKlass  @bci org/sonar/plugins/python/Scanner execute (Ljava/util/List;Lorg/sonar/api/batch/sensor/SensorContext;)V 45 <appendix> argL0 ; # org/sonar/plugins/python/Scanner$$Lambda+0x0000013c9c573828
instanceKlass  @bci org/sonar/plugins/python/Scanner execute (Ljava/util/List;Lorg/sonar/api/batch/sensor/SensorContext;)V 35 <appendix> argL0 ; # org/sonar/plugins/python/Scanner$$Lambda+0x0000013c9c5735e8
instanceKlass  @bci org/sonar/plugins/python/MultiFileProgressReport <init> (JLjava/lang/String;)V 80 <appendix> argL0 ; # org/sonar/plugins/python/MultiFileProgressReport$$Lambda+0x0000013c9c5733c8
instanceKlass  @bci org/sonar/plugins/python/MultiFileProgressReport <init> (JLjava/lang/String;)V 16 <appendix> argL0 ; # org/sonar/plugins/python/MultiFileProgressReport$$Lambda+0x0000013c9c573198
instanceKlass  @cpi org/sonar/plugins/python/MultiFileProgressReport 338 form vmentry <vmtarget> ; # java/lang/invoke/LambdaForm$DMH+0x0000013c9c574000
instanceKlass java/util/concurrent/ConcurrentLinkedDeque$Node
instanceKlass org/sonar/plugins/python/MultiFileProgressReport
instanceKlass  @bci org/sonar/plugins/python/indexer/NamespacePackageAnalyzer hasAnyParentWithInit (Lorg/sonar/plugins/python/indexer/ProjectTree$ProjectTreeFolder;)Z 4 <appendix> argL0 ; # org/sonar/plugins/python/indexer/NamespacePackageAnalyzer$$Lambda+0x0000013c9c572a80
instanceKlass java/util/Spliterators$AbstractSpliterator
instanceKlass  @bci org/sonar/plugins/python/indexer/ProjectTree parents ()Ljava/util/stream/Stream; 11 <appendix> argL0 ; # org/sonar/plugins/python/indexer/ProjectTree$$Lambda+0x0000013c9c572828
instanceKlass  @bci org/sonar/plugins/python/indexer/ProjectTree parents ()Ljava/util/stream/Stream; 6 <appendix> argL0 ; # org/sonar/plugins/python/indexer/ProjectTree$$Lambda+0x0000013c9c5725d8
instanceKlass  @bci org/sonar/plugins/python/indexer/NamespacePackageAnalyzer hasInitFile (Lorg/sonar/plugins/python/indexer/ProjectTree$ProjectTreeFolder;)Z 9 <appendix> argL0 ; # org/sonar/plugins/python/indexer/NamespacePackageAnalyzer$$Lambda+0x0000013c9c572388
instanceKlass  @bci org/sonar/plugins/python/indexer/NamespacePackageAnalyzer analyze (Lorg/sonar/plugins/python/indexer/ProjectTree;)Lorg/sonar/plugins/python/indexer/NamespacePackageTelemetry; 49 <appendix> argL0 ; # org/sonar/plugins/python/indexer/NamespacePackageAnalyzer$$Lambda+0x0000013c9c572148
instanceKlass  @bci org/sonar/plugins/python/indexer/NamespacePackageAnalyzer hasPythonFiles (Lorg/sonar/plugins/python/indexer/ProjectTree$ProjectTreeFolder;)Z 9 <appendix> argL0 ; # org/sonar/plugins/python/indexer/NamespacePackageAnalyzer$$Lambda+0x0000013c9c571ef8
instanceKlass  @bci org/sonar/plugins/python/indexer/NamespacePackageAnalyzer analyze (Lorg/sonar/plugins/python/indexer/ProjectTree;)Lorg/sonar/plugins/python/indexer/NamespacePackageTelemetry; 16 <appendix> argL0 ; # org/sonar/plugins/python/indexer/NamespacePackageAnalyzer$$Lambda+0x0000013c9c571ca8
instanceKlass  @bci org/sonar/plugins/python/indexer/NamespacePackageAnalyzer analyze (Lorg/sonar/plugins/python/indexer/ProjectTree;)Lorg/sonar/plugins/python/indexer/NamespacePackageTelemetry; 6 <appendix> argL0 ; # org/sonar/plugins/python/indexer/NamespacePackageAnalyzer$$Lambda+0x0000013c9c571a58
instanceKlass  @bci org/sonar/plugins/python/indexer/ProjectTree$ProjectTreeFolder allFolders ()Ljava/util/stream/Stream; 13 <appendix> argL0 ; # org/sonar/plugins/python/indexer/ProjectTree$ProjectTreeFolder$$Lambda+0x0000013c9c571818
instanceKlass org/sonar/plugins/python/indexer/NamespacePackageAnalyzer
instanceKlass org/sonar/plugins/python/indexer/ProjectTree$ProjectTreeFolder
instanceKlass org/sonar/plugins/python/indexer/ProjectTree$ProjectTreeFile
instanceKlass  @bci org/sonar/plugins/python/indexer/ProjectTreeBuilder$ProjectPath parse (Ljava/lang/String;)Lorg/sonar/plugins/python/indexer/ProjectTreeBuilder$ProjectPath; 33 <appendix> argL0 ; # org/sonar/plugins/python/indexer/ProjectTreeBuilder$ProjectPath$$Lambda+0x0000013c9c570f28
instanceKlass org/sonar/plugins/python/indexer/ProjectTreeBuilder$FolderNode
instanceKlass org/sonar/plugins/python/indexer/ProjectTree
instanceKlass org/sonar/plugins/python/indexer/ProjectTreeBuilder
instanceKlass  @bci org/sonar/python/types/TypeShed haveAllTheSameFqn (Ljava/util/Set;)Z 46 <appendix> member <vmtarget> ; # org/sonar/python/types/TypeShed$$Lambda+0x0000013c9c570498
instanceKlass  @bci org/sonar/python/types/TypeShed haveAllTheSameFqn (Ljava/util/Set;)Z 30 <appendix> argL0 ; # org/sonar/python/types/TypeShed$$Lambda+0x0000013c9c570258
instanceKlass  @bci org/sonar/python/semantic/AmbiguousSymbolImpl create (Ljava/util/Set;)Lorg/sonar/plugins/python/api/symbols/AmbiguousSymbol; 132 <appendix> member <vmtarget> ; # org/sonar/python/semantic/AmbiguousSymbolImpl$$Lambda+0x0000013c9c570000
instanceKlass  @bci org/sonar/python/semantic/AmbiguousSymbolImpl create (Ljava/util/Set;)Lorg/sonar/plugins/python/api/symbols/AmbiguousSymbol; 121 <appendix> argL0 ; # org/sonar/python/semantic/AmbiguousSymbolImpl$$Lambda+0x0000013c9c56fd48
instanceKlass  @bci org/sonar/python/semantic/AmbiguousSymbolImpl create (Ljava/util/Set;)Lorg/sonar/plugins/python/api/symbols/AmbiguousSymbol; 59 <appendix> member <vmtarget> ; # org/sonar/python/semantic/AmbiguousSymbolImpl$$Lambda+0x0000013c9c56faf0
instanceKlass  @bci org/sonar/python/semantic/AmbiguousSymbolImpl create (Ljava/util/Set;)Lorg/sonar/plugins/python/api/symbols/AmbiguousSymbol; 48 <appendix> argL0 ; # org/sonar/python/semantic/AmbiguousSymbolImpl$$Lambda+0x0000013c9c56f8b0
instanceKlass org/sonar/plugins/python/api/symbols/AmbiguousSymbol
instanceKlass  @bci org/sonar/python/types/TypeShed fromOverloadedFunction (Lorg/sonar/python/types/protobuf/SymbolsProtos$OverloadedFunctionSymbol;Ljava/lang/String;Ljava/lang/String;)Lorg/sonar/plugins/python/api/symbols/AmbiguousSymbol; 12 <appendix> member <vmtarget> ; # org/sonar/python/types/TypeShed$$Lambda+0x0000013c9c56f160
instanceKlass  @bci org/sonar/python/semantic/ClassSymbolImpl lambda$new$5 (Ljava/util/Map;Lorg/sonar/python/types/protobuf/SymbolsProtos$OverloadedFunctionSymbol;)V 5 <appendix> argL0 ; # org/sonar/python/semantic/ClassSymbolImpl$$Lambda+0x0000013c9c56ef20
instanceKlass  @bci org/sonar/python/semantic/ClassSymbolImpl lambda$new$8 (Ljava/util/Map;Lorg/sonar/python/types/protobuf/SymbolsProtos$VarSymbol;)V 5 <appendix> argL0 ; # org/sonar/python/semantic/ClassSymbolImpl$$Lambda+0x0000013c9c56ece0
instanceKlass  @bci org/sonar/python/semantic/ClassSymbolImpl lambda$new$2 (Ljava/util/Map;Lorg/sonar/python/types/protobuf/SymbolsProtos$FunctionSymbol;)V 5 <appendix> argL0 ; # org/sonar/python/semantic/ClassSymbolImpl$$Lambda+0x0000013c9c56eaa0
instanceKlass  @bci org/sonar/python/semantic/ClassSymbolImpl <init> (Lorg/sonar/python/types/protobuf/SymbolsProtos$ClassSymbol;Ljava/lang/String;)V 403 <appendix> argL0 ; # org/sonar/python/semantic/ClassSymbolImpl$$Lambda+0x0000013c9c56e860
instanceKlass  @bci org/sonar/python/semantic/ClassSymbolImpl addMembers (Ljava/util/Collection;)V 46 <appendix> member <vmtarget> ; # org/sonar/python/semantic/ClassSymbolImpl$$Lambda+0x0000013c9c56e628
instanceKlass  @bci org/sonar/python/semantic/ClassSymbolImpl addMembers (Ljava/util/Collection;)V 35 <appendix> argL0 ; # org/sonar/python/semantic/ClassSymbolImpl$$Lambda+0x0000013c9c56e3d8
instanceKlass org/sonar/python/semantic/FunctionSymbolImpl$ParameterImpl
instanceKlass org/sonar/plugins/python/api/symbols/FunctionSymbol$Parameter
instanceKlass org/sonar/python/semantic/FunctionSymbolImpl$ParameterState
instanceKlass  @bci org/sonar/python/semantic/ClassSymbolImpl inlineInheritedMethodsFromPrivateClass (Ljava/util/List;Ljava/util/Map;)V 113 <appendix> argL0 ; # org/sonar/python/semantic/ClassSymbolImpl$$Lambda+0x0000013c9c56dad0
instanceKlass  @bci org/sonar/python/semantic/ClassSymbolImpl <init> (Lorg/sonar/python/types/protobuf/SymbolsProtos$ClassSymbol;Ljava/lang/String;)V 264 <appendix> member <vmtarget> ; # org/sonar/python/semantic/ClassSymbolImpl$$Lambda+0x0000013c9c56d898
instanceKlass  @bci org/sonar/python/semantic/ClassSymbolImpl <init> (Lorg/sonar/python/types/protobuf/SymbolsProtos$ClassSymbol;Ljava/lang/String;)V 252 <appendix> argL0 ; # org/sonar/python/semantic/ClassSymbolImpl$$Lambda+0x0000013c9c56d648
instanceKlass  @bci org/sonar/python/semantic/ClassSymbolImpl <init> (Lorg/sonar/python/types/protobuf/SymbolsProtos$ClassSymbol;Ljava/lang/String;)V 233 <appendix> member <vmtarget> ; # org/sonar/python/semantic/ClassSymbolImpl$$Lambda+0x0000013c9c56d410
instanceKlass  @bci org/sonar/python/semantic/ClassSymbolImpl <init> (Lorg/sonar/python/types/protobuf/SymbolsProtos$ClassSymbol;Ljava/lang/String;)V 221 <appendix> argL0 ; # org/sonar/python/semantic/ClassSymbolImpl$$Lambda+0x0000013c9c56d1c0
instanceKlass  @bci org/sonar/python/semantic/ClassSymbolImpl <init> (Lorg/sonar/python/types/protobuf/SymbolsProtos$ClassSymbol;Ljava/lang/String;)V 202 <appendix> member <vmtarget> ; # org/sonar/python/semantic/ClassSymbolImpl$$Lambda+0x0000013c9c56cf88
instanceKlass  @bci org/sonar/python/semantic/ClassSymbolImpl <init> (Lorg/sonar/python/types/protobuf/SymbolsProtos$ClassSymbol;Ljava/lang/String;)V 190 <appendix> argL0 ; # org/sonar/python/semantic/ClassSymbolImpl$$Lambda+0x0000013c9c56cd38
instanceKlass org/sonar/plugins/python/api/symbols/ClassSymbol
instanceKlass org/sonar/python/types/DeclaredType
instanceKlass org/sonar/python/types/RuntimeType
instanceKlass org/sonar/plugins/python/api/types/InferredType
instanceKlass org/sonar/python/types/InferredTypes
instanceKlass org/sonar/plugins/python/api/symbols/Usage
instanceKlass org/sonar/python/semantic/SymbolImpl
instanceKlass org/sonar/plugins/python/api/symbols/FunctionSymbol
instanceKlass  @bci org/sonar/python/types/TypeShed lambda$getSymbolsFromProtobufModule$13 (Ljava/util/Map;Lorg/sonar/python/types/protobuf/SymbolsProtos$VarSymbol;)V 5 <appendix> argL0 ; # org/sonar/python/types/TypeShed$$Lambda+0x0000013c9c56a580
instanceKlass  @bci org/sonar/python/types/TypeShed getSymbolsFromProtobufModule (Lorg/sonar/python/types/protobuf/SymbolsProtos$ModuleSymbol;Ljava/util/Set;)Ljava/util/Map; 126 <appendix> member <vmtarget> ; # org/sonar/python/types/TypeShed$$Lambda+0x0000013c9c56a348
instanceKlass  @bci org/sonar/python/types/TypeShed getSymbolsFromProtobufModule (Lorg/sonar/python/types/protobuf/SymbolsProtos$ModuleSymbol;Ljava/util/Set;)Ljava/util/Map; 115 <appendix> argL0 ; # org/sonar/python/types/TypeShed$$Lambda+0x0000013c9c56a0f8
instanceKlass  @bci org/sonar/python/types/TypeShed lambda$getSymbolsFromProtobufModule$10 (Ljava/util/Map;Lorg/sonar/python/types/protobuf/SymbolsProtos$OverloadedFunctionSymbol;)V 5 <appendix> argL0 ; # org/sonar/python/types/TypeShed$$Lambda+0x0000013c9c569eb8
instanceKlass  @bci org/sonar/python/types/TypeShed getSymbolsFromProtobufModule (Lorg/sonar/python/types/protobuf/SymbolsProtos$ModuleSymbol;Ljava/util/Set;)Ljava/util/Map; 96 <appendix> member <vmtarget> ; # org/sonar/python/types/TypeShed$$Lambda+0x0000013c9c569c80
instanceKlass  @bci org/sonar/python/types/TypeShed getSymbolsFromProtobufModule (Lorg/sonar/python/types/protobuf/SymbolsProtos$ModuleSymbol;Ljava/util/Set;)Ljava/util/Map; 85 <appendix> argL0 ; # org/sonar/python/types/TypeShed$$Lambda+0x0000013c9c569a30
instanceKlass  @bci org/sonar/python/types/TypeShed lambda$getSymbolsFromProtobufModule$7 (Ljava/util/Map;Lorg/sonar/python/types/protobuf/SymbolsProtos$FunctionSymbol;)V 5 <appendix> argL0 ; # org/sonar/python/types/TypeShed$$Lambda+0x0000013c9c5697f0
instanceKlass  @bci org/sonar/python/types/TypeShed getSymbolsFromProtobufModule (Lorg/sonar/python/types/protobuf/SymbolsProtos$ModuleSymbol;Ljava/util/Set;)Ljava/util/Map; 66 <appendix> member <vmtarget> ; # org/sonar/python/types/TypeShed$$Lambda+0x0000013c9c5695b8
instanceKlass  @bci org/sonar/python/types/TypeShed getSymbolsFromProtobufModule (Lorg/sonar/python/types/protobuf/SymbolsProtos$ModuleSymbol;Ljava/util/Set;)Ljava/util/Map; 55 <appendix> argL0 ; # org/sonar/python/types/TypeShed$$Lambda+0x0000013c9c569368
instanceKlass com/google/protobuf/JavaFeaturesProto$JavaFeatures$Utf8Validation$1
instanceKlass com/google/protobuf/DescriptorProtos$FeatureSet$JsonFormat$1
instanceKlass com/google/protobuf/DescriptorProtos$FeatureSet$MessageEncoding$1
instanceKlass com/google/protobuf/DescriptorProtos$FeatureSet$Utf8Validation$1
instanceKlass com/google/protobuf/DescriptorProtos$FeatureSet$RepeatedFieldEncoding$1
instanceKlass com/google/protobuf/DescriptorProtos$FeatureSet$EnumType$1
instanceKlass com/google/protobuf/DescriptorProtos$FeatureSet$FieldPresence$1
instanceKlass com/google/protobuf/SmallSortedMap$Entry
instanceKlass com/google/protobuf/FieldSet$1
instanceKlass com/google/protobuf/MessageReflection$1
instanceKlass com/google/protobuf/MessageReflection
instanceKlass com/google/protobuf/MessageReflection$ExtensionBuilderAdapter
instanceKlass com/google/protobuf/UnknownFieldSet$Builder
instanceKlass com/google/protobuf/FieldSet$Builder
instanceKlass com/google/protobuf/DescriptorProtos$FeatureSetDefaults$FeatureSetEditionDefaultOrBuilder
instanceKlass com/google/protobuf/ExtensionRegistry$DescriptorIntPair
instanceKlass com/google/protobuf/ExtensionRegistry$1
instanceKlass com/google/protobuf/GeneratedMessage$GeneratedExtension$1
instanceKlass com/google/protobuf/JavaFeaturesProto$JavaFeaturesOrBuilder
instanceKlass com/google/protobuf/JavaFeaturesProto
instanceKlass com/google/protobuf/DescriptorProtos$FileOptions$OptimizeMode$1
instanceKlass com/google/protobuf/DescriptorProtos$FieldOptions$OptionTargetType$1
instanceKlass com/google/protobuf/DescriptorProtos$FieldOptions$OptionRetention$1
instanceKlass com/google/protobuf/DescriptorProtos$FieldOptions$EditionDefaultOrBuilder
instanceKlass com/google/protobuf/DescriptorProtos$ExtensionRangeOptionsOrBuilder
instanceKlass com/google/protobuf/DescriptorProtos
instanceKlass com/google/protobuf/DescriptorProtos$FeatureSetDefaultsOrBuilder
instanceKlass com/google/protobuf/DescriptorProtos$Edition$1
instanceKlass com/google/protobuf/SmallSortedMap$EntryIterator
instanceKlass com/google/protobuf/GeneratedMessage$FieldAccessorTable$OneofAccessor
instanceKlass com/google/protobuf/GeneratedMessage$FieldAccessorTable$FieldAccessor
instanceKlass com/google/protobuf/GeneratedMessage$FieldAccessorTable
instanceKlass com/google/protobuf/DescriptorProtos$FieldOptions$1
instanceKlass com/google/protobuf/DescriptorProtos$FieldOptions$FeatureSupportOrBuilder
instanceKlass com/google/protobuf/Internal$IntListAdapter$IntConverter
instanceKlass com/google/protobuf/Descriptors$EnumValueDescriptor$2
instanceKlass com/google/protobuf/Descriptors$EnumValueDescriptor$1
instanceKlass com/google/protobuf/Descriptors$FieldDescriptor$1
instanceKlass com/google/protobuf/Descriptors$NumberGetter
instanceKlass com/google/protobuf/Descriptors
instanceKlass com/google/protobuf/Descriptors$DescriptorPool
instanceKlass com/google/protobuf/DescriptorProtos$UninterpretedOptionOrBuilder
instanceKlass com/google/protobuf/MessageReflection$MergeTarget
instanceKlass com/google/protobuf/LazyFieldLite
instanceKlass com/google/protobuf/FieldSet
instanceKlass com/google/protobuf/DescriptorProtos$FeatureSetOrBuilder
instanceKlass com/google/protobuf/GeneratedMessage$ExtendableMessage$ExtensionSerializer
instanceKlass com/google/protobuf/DescriptorProtos$EnumValueOptionsOrBuilder
instanceKlass com/google/protobuf/DescriptorProtos$EnumDescriptorProto$EnumReservedRangeOrBuilder
instanceKlass com/google/protobuf/DescriptorProtos$EnumValueDescriptorProtoOrBuilder
instanceKlass com/google/protobuf/DescriptorProtos$EnumOptionsOrBuilder
instanceKlass com/google/protobuf/DescriptorProtos$OneofOptionsOrBuilder
instanceKlass com/google/protobuf/DescriptorProtos$FieldDescriptorProto$Type$1
instanceKlass com/google/protobuf/DescriptorProtos$FieldDescriptorProto$Label$1
instanceKlass com/google/protobuf/DescriptorProtos$FieldOptionsOrBuilder
instanceKlass com/google/protobuf/DescriptorProtos$DescriptorProto$ReservedRangeOrBuilder
instanceKlass com/google/protobuf/DescriptorProtos$OneofDescriptorProtoOrBuilder
instanceKlass com/google/protobuf/DescriptorProtos$DescriptorProto$ExtensionRangeOrBuilder
instanceKlass com/google/protobuf/DescriptorProtos$MessageOptionsOrBuilder
instanceKlass com/google/protobuf/ByteString$2
instanceKlass com/google/protobuf/ByteString$ArraysByteArrayCopier
instanceKlass com/google/protobuf/ByteString$ByteIterator
instanceKlass com/google/protobuf/ByteString$ByteArrayCopier
instanceKlass com/google/protobuf/ByteString
instanceKlass com/google/protobuf/DescriptorProtos$ServiceDescriptorProtoOrBuilder
instanceKlass com/google/protobuf/DescriptorProtos$EnumDescriptorProtoOrBuilder
instanceKlass com/google/protobuf/DescriptorProtos$DescriptorProtoOrBuilder
instanceKlass com/google/protobuf/DescriptorProtos$FieldDescriptorProtoOrBuilder
instanceKlass com/google/protobuf/PrimitiveNonBoxingCollection
instanceKlass com/google/protobuf/DescriptorProtos$FileOptionsOrBuilder
instanceKlass com/google/protobuf/DescriptorProtos$SourceCodeInfoOrBuilder
instanceKlass com/google/protobuf/GeneratedMessage$ExtendableMessageOrBuilder
instanceKlass com/google/protobuf/DescriptorProtos$FileDescriptorProtoOrBuilder
instanceKlass  @bci org/sonar/python/types/TypeShed lambda$getSymbolsFromProtobufModule$4 (Ljava/util/Map;Lorg/sonar/python/types/protobuf/SymbolsProtos$ClassSymbol;)V 5 <appendix> argL0 ; # org/sonar/python/types/TypeShed$$Lambda+0x0000013c9c538918
instanceKlass  @bci org/sonar/python/types/TypeShed getSymbolsFromProtobufModule (Lorg/sonar/python/types/protobuf/SymbolsProtos$ModuleSymbol;Ljava/util/Set;)Ljava/util/Map; 36 <appendix> member <vmtarget> ; # org/sonar/python/types/TypeShed$$Lambda+0x0000013c9c5386e0
instanceKlass  @bci org/sonar/python/types/TypeShed getSymbolsFromProtobufModule (Lorg/sonar/python/types/protobuf/SymbolsProtos$ModuleSymbol;Ljava/util/Set;)Ljava/util/Map; 25 <appendix> argL0 ; # org/sonar/python/types/TypeShed$$Lambda+0x0000013c9c538490
instanceKlass  @bci org/sonar/python/types/TypeShed builtinSymbols ()Ljava/util/Map; 26 <appendix> argL0 ; # org/sonar/python/types/TypeShed$$Lambda+0x0000013c9c538250
instanceKlass  @bci org/sonarsource/analyzer/commons/appsec/TestFileClassifier isSet (Lorg/sonar/api/config/Configuration;Ljava/lang/String;)Z 7 <appendix> argL0 ; # org/sonarsource/analyzer/commons/appsec/TestFileClassifier$$Lambda+0x0000013c9c538000
instanceKlass  @bci org/sonarsource/analyzer/commons/appsec/TestFileClassifier of (Lorg/sonar/api/config/Configuration;Ljava/util/function/Predicate;[Ljava/lang/String;)Lorg/sonarsource/analyzer/commons/appsec/TestFileClassifier; 15 <appendix> argL0 ; # org/sonarsource/analyzer/commons/appsec/TestFileClassifier$$Lambda+0x0000013c9c537c60
instanceKlass  @bci org/sonarsource/analyzer/commons/appsec/TestFileClassifier <clinit> ()V 68 <appendix> argL0 ; # org/sonarsource/analyzer/commons/appsec/TestFileClassifier$$Lambda+0x0000013c9c537a10
instanceKlass  @bci org/sonarsource/analyzer/commons/appsec/TestFileClassifier <clinit> ()V 50 <appendix> argL0 ; # org/sonarsource/analyzer/commons/appsec/TestFileClassifier$$Lambda+0x0000013c9c5377d0
instanceKlass org/sonarsource/analyzer/commons/appsec/TestFileClassifier$EmptyContext
instanceKlass org/sonarsource/analyzer/commons/appsec/TestFileClassifier
instanceKlass  @bci org/sonar/plugins/python/PythonTestFileClassifier <init> (Lorg/sonar/api/config/Configuration;)V 6 <appendix> argL0 ; # org/sonar/plugins/python/PythonTestFileClassifier$$Lambda+0x0000013c9c537168
instanceKlass org/sonarsource/analyzer/commons/appsec/TestFileClassifier$Context
instanceKlass org/sonar/plugins/python/PythonTestFileClassifier
instanceKlass  @bci org/sonar/plugins/python/PythonSensor execute (Lorg/sonar/api/batch/sensor/SensorContext;)V 163 <appendix> argL0 ; # org/sonar/plugins/python/PythonSensor$$Lambda+0x0000013c9c536b38
instanceKlass org/sonar/python/tree/PythonTreeMaker
instanceKlass org/sonar/python/types/TypeShed
instanceKlass  @bci org/sonar/python/semantic/SymbolUtils computePackageNameFromRoot (Ljava/nio/file/Path;Ljava/nio/file/Path;)Ljava/lang/String; 56 <appendix> argL0 ; # org/sonar/python/semantic/SymbolUtils$$Lambda+0x0000013c9c535ff0
instanceKlass java/nio/file/Path$1
instanceKlass  @bci org/sonar/plugins/python/indexer/SonarQubePythonIndexer <init> (Ljava/util/List;Lorg/sonar/plugins/python/api/caching/CacheContext;Lorg/sonar/api/batch/sensor/SensorContext;Lorg/sonar/python/project/config/ProjectConfigurationBuilder;)V 95 <appendix> member <vmtarget> ; # org/sonar/plugins/python/indexer/SonarQubePythonIndexer$$Lambda+0x0000013c9c535db8
instanceKlass  @bci org/sonar/plugins/python/TestSourceConfiguration isPropertyConfigured (Lorg/sonar/api/config/Configuration;Ljava/lang/String;)Z 7 <appendix> argL0 ; # org/sonar/plugins/python/TestSourceConfiguration$$Lambda+0x0000013c9c535b68
instanceKlass org/sonar/plugins/python/TestSourceConfiguration
instanceKlass org/sonar/plugins/python/caching/Caching
instanceKlass  @bci org/sonar/plugins/python/indexer/PythonIndexer setPackageResolutionResult (Lorg/sonar/plugins/python/indexer/PackageResolutionResult;)V 18 <appendix> argL0 ; # org/sonar/plugins/python/indexer/PythonIndexer$$Lambda+0x0000013c9c535478
instanceKlass org/sonar/python/semantic/SymbolUtils
instanceKlass  @bci org/sonar/plugins/python/indexer/PackageRootResolver deepestFirstComparator ()Ljava/util/Comparator; 0 <appendix> argL0 ; # org/sonar/plugins/python/indexer/PackageRootResolver$$Lambda+0x0000013c9c5345c0
instanceKlass  @bci org/sonar/plugins/python/indexer/PackageRootResolver computePackageRootsFromFiles (Ljava/util/List;Ljava/io/File;)Ljava/util/List; 7 <appendix> member <vmtarget> ; # org/sonar/plugins/python/indexer/PackageRootResolver$$Lambda+0x0000013c9c534378
instanceKlass  @bci org/sonar/plugins/python/indexer/PackageRootResolver computeLegacyRoots (Ljava/lang/Iterable;Ljava/io/File;)Ljava/util/List; 10 <appendix> argL0 ; # org/sonar/plugins/python/indexer/PackageRootResolver$$Lambda+0x0000013c9c534138
instanceKlass  @bci org/sonar/plugins/python/indexer/PackageRootResolver findBuildConfigFiles (Lorg/sonar/api/batch/fs/FileSystem;)Lorg/sonar/plugins/python/indexer/PackageRootResolver$BuildConfigFiles; 46 <appendix> member <vmtarget> ; # org/sonar/plugins/python/indexer/PackageRootResolver$$Lambda+0x0000013c9c533cf0
instanceKlass  @bci org/sonar/plugins/python/indexer/PackageRootResolver findBuildConfigFiles (Lorg/sonar/api/batch/fs/FileSystem;)Lorg/sonar/plugins/python/indexer/PackageRootResolver$BuildConfigFiles; 34 <appendix> argL0 ; # org/sonar/plugins/python/indexer/PackageRootResolver$$Lambda+0x0000013c9c533aa0
instanceKlass  @bci java/nio/file/Files walk (Ljava/nio/file/Path;I[Ljava/nio/file/FileVisitOption;)Ljava/util/stream/Stream; 43 <appendix> argL0 ; # java/nio/file/Files$$Lambda+0x0000013c9c26b9e0
instanceKlass  @bci java/nio/file/Files walk (Ljava/nio/file/Path;I[Ljava/nio/file/FileVisitOption;)Ljava/util/stream/Stream; 30 <appendix> member <vmtarget> ; # java/nio/file/Files$$Lambda+0x0000013c9c26b7b8
instanceKlass java/nio/file/FileTreeIterator
instanceKlass org/sonar/plugins/python/indexer/PackageRootResolver
instanceKlass org/sonar/plugins/python/api/types/v2/ModuleType
instanceKlass  @bci org/sonar/python/semantic/v2/converter/VariableDescriptorToPythonTypeConverter convert (Lorg/sonar/python/semantic/v2/converter/ConversionContext;Lorg/sonar/python/index/VariableDescriptor;)Lorg/sonar/plugins/python/api/types/v2/PythonType; 115 <appendix> member <vmtarget> ; # org/sonar/python/semantic/v2/converter/VariableDescriptorToPythonTypeConverter$$Lambda+0x0000013c9c5333a8
instanceKlass  @bci org/sonar/python/semantic/v2/converter/VariableDescriptorToPythonTypeConverter convert (Lorg/sonar/python/semantic/v2/converter/ConversionContext;Lorg/sonar/python/index/VariableDescriptor;)Lorg/sonar/plugins/python/api/types/v2/PythonType; 88 <appendix> member <vmtarget> ; # org/sonar/python/semantic/v2/converter/VariableDescriptorToPythonTypeConverter$$Lambda+0x0000013c9c533160
instanceKlass  @bci org/sonar/plugins/python/api/types/v2/UnionType ensureCandidatesAreNotLazyTypes (Ljava/util/Collection;)V 13 <appendix> member <vmtarget> ; # org/sonar/plugins/python/api/types/v2/UnionType$$Lambda+0x0000013c9c532f08
instanceKlass  @bci org/sonar/plugins/python/api/types/v2/UnionType or (Ljava/util/Collection;)Lorg/sonar/plugins/python/api/types/v2/PythonType; 100 <appendix> argL0 ; # org/sonar/plugins/python/api/types/v2/UnionType$$Lambda+0x0000013c9c532cb8
instanceKlass  @bci org/sonar/plugins/python/api/types/v2/UnionType or (Ljava/util/Collection;)Lorg/sonar/plugins/python/api/types/v2/PythonType; 72 <appendix> argL0 ; # org/sonar/plugins/python/api/types/v2/UnionType$$Lambda+0x0000013c9c532a78
instanceKlass  @bci org/sonar/plugins/python/api/types/v2/UnionType or (Ljava/util/Collection;)Lorg/sonar/plugins/python/api/types/v2/PythonType; 6 <appendix> argL0 ; # org/sonar/plugins/python/api/types/v2/UnionType$$Lambda+0x0000013c9c532828
instanceKlass org/sonar/plugins/python/api/types/v2/UnionType
instanceKlass  @bci org/sonar/python/semantic/v2/converter/AmbiguousDescriptorToPythonTypeConverter containsLazyType (Ljava/util/Set;)Z 6 <appendix> argL0 ; # org/sonar/python/semantic/v2/converter/AmbiguousDescriptorToPythonTypeConverter$$Lambda+0x0000013c9c532310
instanceKlass org/sonar/plugins/python/api/types/v2/SelfType
instanceKlass  @bci org/sonar/python/types/v2/LazyUnionType or (Ljava/util/Collection;)Lorg/sonar/plugins/python/api/types/v2/PythonType; 100 <appendix> argL0 ; # org/sonar/python/types/v2/LazyUnionType$$Lambda+0x0000013c9c531e50
instanceKlass  @bci org/sonar/python/types/v2/LazyUnionType or (Ljava/util/Collection;)Lorg/sonar/plugins/python/api/types/v2/PythonType; 72 <appendix> argL0 ; # org/sonar/python/types/v2/LazyUnionType$$Lambda+0x0000013c9c531c10
instanceKlass  @bci org/sonar/python/types/v2/LazyUnionType or (Ljava/util/Collection;)Lorg/sonar/plugins/python/api/types/v2/PythonType; 6 <appendix> argL0 ; # org/sonar/python/types/v2/LazyUnionType$$Lambda+0x0000013c9c5319c0
instanceKlass org/sonar/python/types/v2/LazyUnionType
instanceKlass  @bci org/sonar/plugins/python/api/types/v2/ObjectType hashCode ()I 9 <appendix> argL0 ; # org/sonar/plugins/python/api/types/v2/ObjectType$$Lambda+0x0000013c9c531498
instanceKlass  @bci org/sonar/python/semantic/v2/converter/TypeAnnotationToPythonTypeConverter convert (Lorg/sonar/python/semantic/v2/converter/ConversionContext;Lorg/sonar/python/index/TypeAnnotationDescriptor;)Lorg/sonar/plugins/python/api/types/v2/PythonType; 221 <appendix> member <vmtarget> ; # org/sonar/python/semantic/v2/converter/TypeAnnotationToPythonTypeConverter$$Lambda+0x0000013c9c531250
instanceKlass  @bci org/sonar/python/semantic/v2/converter/AmbiguousDescriptorToPythonTypeConverter convert (Lorg/sonar/python/semantic/v2/converter/ConversionContext;Lorg/sonar/python/index/AmbiguousDescriptor;)Lorg/sonar/plugins/python/api/types/v2/PythonType; 15 <appendix> member <vmtarget> ; # org/sonar/python/semantic/v2/converter/AmbiguousDescriptorToPythonTypeConverter$$Lambda+0x0000013c9c531008
instanceKlass  @bci org/sonar/python/semantic/v2/converter/TypeAnnotationToPythonTypeConverter convert (Lorg/sonar/python/semantic/v2/converter/ConversionContext;Lorg/sonar/python/index/TypeAnnotationDescriptor;)Lorg/sonar/plugins/python/api/types/v2/PythonType; 379 <appendix> member <vmtarget> ; # org/sonar/python/semantic/v2/converter/TypeAnnotationToPythonTypeConverter$$Lambda+0x0000013c9c530dc0
instanceKlass  @bci org/sonar/python/semantic/v2/converter/TypeAnnotationToPythonTypeConverter convert (Lorg/sonar/python/semantic/v2/converter/ConversionContext;Lorg/sonar/python/index/TypeAnnotationDescriptor;)Lorg/sonar/plugins/python/api/types/v2/PythonType; 364 <appendix> member <vmtarget> ; # org/sonar/python/semantic/v2/converter/TypeAnnotationToPythonTypeConverter$$Lambda+0x0000013c9c530b78
instanceKlass  @bci org/sonar/python/semantic/v2/converter/TypeAnnotationToPythonTypeConverter convert (Lorg/sonar/python/semantic/v2/converter/ConversionContext;Lorg/sonar/python/index/TypeAnnotationDescriptor;)Lorg/sonar/plugins/python/api/types/v2/PythonType; 347 <appendix> argL0 ; # org/sonar/python/semantic/v2/converter/TypeAnnotationToPythonTypeConverter$$Lambda+0x0000013c9c530938
instanceKlass  @bci org/sonar/python/semantic/v2/converter/TypeAnnotationToPythonTypeConverter lambda$filterTypeVar$2 (Ljava/lang/String;)Z 14 <appendix> member <vmtarget> ; # org/sonar/python/semantic/v2/converter/TypeAnnotationToPythonTypeConverter$$Lambda+0x0000013c9c5306e0
instanceKlass  @bci org/sonar/python/semantic/v2/converter/TypeAnnotationToPythonTypeConverter filterTypeVar (Lorg/sonar/python/index/TypeAnnotationDescriptor;)Z 23 <appendix> argL0 ; # org/sonar/python/semantic/v2/converter/TypeAnnotationToPythonTypeConverter$$Lambda+0x0000013c9c530490
instanceKlass  @bci org/sonar/python/semantic/v2/converter/TypeAnnotationToPythonTypeConverter filterTypeVar (Lorg/sonar/python/index/TypeAnnotationDescriptor;)Z 12 <appendix> argL0 ; # org/sonar/python/semantic/v2/converter/TypeAnnotationToPythonTypeConverter$$Lambda+0x0000013c9c530240
instanceKlass  @bci org/sonar/python/semantic/v2/converter/TypeAnnotationToPythonTypeConverter filterTypeVar (Lorg/sonar/python/index/TypeAnnotationDescriptor;)Z 4 <appendix> argL0 ; # org/sonar/python/semantic/v2/converter/TypeAnnotationToPythonTypeConverter$$Lambda+0x0000013c9c530000
instanceKlass  @bci org/sonar/python/semantic/v2/converter/TypeAnnotationToPythonTypeConverter convert (Lorg/sonar/python/semantic/v2/converter/ConversionContext;Lorg/sonar/python/index/TypeAnnotationDescriptor;)Lorg/sonar/plugins/python/api/types/v2/PythonType; 339 <appendix> argL0 ; # org/sonar/python/semantic/v2/converter/TypeAnnotationToPythonTypeConverter$$Lambda+0x0000013c9c52fd80
instanceKlass  @bci org/sonar/python/semantic/v2/converter/ParameterConverter convert (Lorg/sonar/python/semantic/v2/converter/ConversionContext;Lorg/sonar/python/index/FunctionDescriptor$Parameter;)Lorg/sonar/plugins/python/api/types/v2/ParameterV2; 16 <appendix> argL0 ; # org/sonar/python/semantic/v2/converter/ParameterConverter$$Lambda+0x0000013c9c52fb60
instanceKlass  @bci org/sonar/python/semantic/v2/converter/ParameterConverter convert (Lorg/sonar/python/semantic/v2/converter/ConversionContext;Lorg/sonar/python/index/FunctionDescriptor$Parameter;)Lorg/sonar/plugins/python/api/types/v2/ParameterV2; 8 <appendix> member <vmtarget> ; # org/sonar/python/semantic/v2/converter/ParameterConverter$$Lambda+0x0000013c9c52f938
instanceKlass  @bci org/sonar/python/semantic/v2/converter/ParameterConverter getTypeFromDescriptor (Lorg/sonar/python/semantic/v2/converter/ConversionContext;Lorg/sonar/python/index/FunctionDescriptor$Parameter;)Ljava/util/Optional; 9 <appendix> member <vmtarget> ; # org/sonar/python/semantic/v2/converter/ParameterConverter$$Lambda+0x0000013c9c52f6f0
instanceKlass org/sonar/plugins/python/api/types/v2/FunctionType
instanceKlass org/sonar/python/semantic/v2/FunctionTypeBuilder
instanceKlass  @bci org/sonar/python/semantic/v2/converter/FunctionDescriptorToPythonTypeConverter hasVariadicParameter (Ljava/util/List;)Z 6 <appendix> argL0 ; # org/sonar/python/semantic/v2/converter/FunctionDescriptorToPythonTypeConverter$$Lambda+0x0000013c9c52ef30
instanceKlass  @bci org/sonar/python/semantic/v2/converter/FunctionDescriptorToPythonTypeConverter convert (Lorg/sonar/python/semantic/v2/converter/ConversionContext;Lorg/sonar/python/index/FunctionDescriptor;)Lorg/sonar/plugins/python/api/types/v2/PythonType; 101 <appendix> argL0 ; # org/sonar/python/semantic/v2/converter/FunctionDescriptorToPythonTypeConverter$$Lambda+0x0000013c9c52ecf0
instanceKlass  @bci org/sonar/python/semantic/v2/converter/FunctionDescriptorToPythonTypeConverter convert (Lorg/sonar/python/semantic/v2/converter/ConversionContext;Lorg/sonar/python/index/FunctionDescriptor;)Lorg/sonar/plugins/python/api/types/v2/PythonType; 91 <appendix> member <vmtarget> ; # org/sonar/python/semantic/v2/converter/FunctionDescriptorToPythonTypeConverter$$Lambda+0x0000013c9c52eaa8
instanceKlass  @bci org/sonar/python/semantic/v2/converter/FunctionDescriptorToPythonTypeConverter convert (Lorg/sonar/python/semantic/v2/converter/ConversionContext;Lorg/sonar/python/index/FunctionDescriptor;)Lorg/sonar/plugins/python/api/types/v2/PythonType; 72 <appendix> argL0 ; # org/sonar/python/semantic/v2/converter/FunctionDescriptorToPythonTypeConverter$$Lambda+0x0000013c9c52e858
instanceKlass  @bci org/sonar/python/semantic/v2/converter/FunctionDescriptorToPythonTypeConverter convert (Lorg/sonar/python/semantic/v2/converter/ConversionContext;Lorg/sonar/python/index/FunctionDescriptor;)Lorg/sonar/plugins/python/api/types/v2/PythonType; 44 <appendix> argL0 ; # org/sonar/python/semantic/v2/converter/FunctionDescriptorToPythonTypeConverter$$Lambda+0x0000013c9c52e618
instanceKlass org/sonar/python/types/v2/TypeUtils
instanceKlass  @bci org/sonar/plugins/python/api/types/v2/ObjectType$Builder withAttributes (Ljava/util/List;)Lorg/sonar/plugins/python/api/types/v2/ObjectType$Builder; 7 <appendix> argL0 ; # org/sonar/plugins/python/api/types/v2/ObjectType$Builder$$Lambda+0x0000013c9c52e1d0
instanceKlass org/sonar/plugins/python/api/types/v2/ObjectType
instanceKlass org/sonar/plugins/python/api/types/v2/ObjectType$Builder
instanceKlass  @bci org/sonar/python/semantic/v2/converter/TypeAnnotationToPythonTypeConverter convert (Lorg/sonar/python/semantic/v2/converter/ConversionContext;Lorg/sonar/python/index/TypeAnnotationDescriptor;)Lorg/sonar/plugins/python/api/types/v2/PythonType; 84 <appendix> member <vmtarget> ; # org/sonar/python/semantic/v2/converter/TypeAnnotationToPythonTypeConverter$$Lambda+0x0000013c9c52d650
instanceKlass org/sonar/python/semantic/v2/converter/TypeAnnotationToPythonTypeConverter$1
instanceKlass  @bci org/sonar/python/semantic/v2/converter/FunctionDescriptorToPythonTypeConverter convert (Lorg/sonar/python/semantic/v2/converter/ConversionContext;Lorg/sonar/python/index/FunctionDescriptor;)Lorg/sonar/plugins/python/api/types/v2/PythonType; 36 <appendix> member <vmtarget> ; # org/sonar/python/semantic/v2/converter/FunctionDescriptorToPythonTypeConverter$$Lambda+0x0000013c9c52d200
instanceKlass  @bci org/sonar/python/semantic/v2/converter/FunctionDescriptorToPythonTypeConverter convert (Lorg/sonar/python/semantic/v2/converter/ConversionContext;Lorg/sonar/python/index/FunctionDescriptor;)Lorg/sonar/plugins/python/api/types/v2/PythonType; 11 <appendix> member <vmtarget> ; # org/sonar/python/semantic/v2/converter/FunctionDescriptorToPythonTypeConverter$$Lambda+0x0000013c9c52cfb8
instanceKlass  @bci org/sonar/python/semantic/v2/converter/ClassDescriptorToPythonTypeConverter convert (Lorg/sonar/python/semantic/v2/converter/ConversionContext;Lorg/sonar/python/index/ClassDescriptor;)Lorg/sonar/plugins/python/api/types/v2/PythonType; 201 <appendix> member <vmtarget> ; # org/sonar/python/semantic/v2/converter/ClassDescriptorToPythonTypeConverter$$Lambda+0x0000013c9c52cb70
instanceKlass  @bci org/sonar/python/semantic/v2/converter/ClassDescriptorToPythonTypeConverter convert (Lorg/sonar/python/semantic/v2/converter/ConversionContext;Lorg/sonar/python/index/ClassDescriptor;)Lorg/sonar/plugins/python/api/types/v2/PythonType; 181 <appendix> member <vmtarget> ; # org/sonar/python/semantic/v2/converter/ClassDescriptorToPythonTypeConverter$$Lambda+0x0000013c9c52c928
instanceKlass org/sonar/plugins/python/api/types/v2/ClassType
instanceKlass  @bci org/sonar/python/semantic/v2/converter/ClassDescriptorToPythonTypeConverter convert (Lorg/sonar/python/semantic/v2/converter/ConversionContext;Lorg/sonar/python/index/ClassDescriptor;)Lorg/sonar/plugins/python/api/types/v2/PythonType; 135 <appendix> member <vmtarget> ; # org/sonar/python/semantic/v2/converter/ClassDescriptorToPythonTypeConverter$$Lambda+0x0000013c9c52c250
instanceKlass  @bci org/sonar/python/semantic/v2/converter/ClassDescriptorToPythonTypeConverter convert (Lorg/sonar/python/semantic/v2/converter/ConversionContext;Lorg/sonar/python/index/ClassDescriptor;)Lorg/sonar/plugins/python/api/types/v2/PythonType; 98 <appendix> member <vmtarget> ; # org/sonar/python/semantic/v2/converter/ClassDescriptorToPythonTypeConverter$$Lambda+0x0000013c9c52c008
instanceKlass  @bci org/sonar/python/types/v2/LazyTypeWrapper <init> (Lorg/sonar/plugins/python/api/types/v2/PythonType;)V 31 <appendix> member <vmtarget> ; # org/sonar/python/types/v2/LazyTypeWrapper$$Lambda+0x0000013c9c52bdd0
instanceKlass org/sonar/python/types/v2/LazyTypeWrapper
instanceKlass org/sonar/python/types/v2/SimpleTypeWrapper
instanceKlass org/sonar/plugins/python/api/types/v2/UnknownType$UnknownTypeImpl
instanceKlass org/sonar/plugins/python/api/types/v2/UnknownType
instanceKlass  @bci org/sonar/python/semantic/v2/LazyTypesContext getOrCreateLazyType (Ljava/lang/String;)Lorg/sonar/python/types/v2/LazyType; 6 <appendix> member <vmtarget> ; # org/sonar/python/semantic/v2/LazyTypesContext$$Lambda+0x0000013c9c52b240
instanceKlass org/sonar/python/types/v2/LazyType
instanceKlass org/sonar/python/types/v2/ResolvableType
instanceKlass  @bci org/sonar/python/semantic/v2/converter/ClassDescriptorToPythonTypeConverter convert (Lorg/sonar/python/semantic/v2/converter/ConversionContext;Lorg/sonar/python/index/ClassDescriptor;)Lorg/sonar/plugins/python/api/types/v2/PythonType; 73 <appendix> member <vmtarget> ; # org/sonar/python/semantic/v2/converter/ClassDescriptorToPythonTypeConverter$$Lambda+0x0000013c9c52ab10
instanceKlass  @bci org/sonar/python/semantic/v2/converter/ClassDescriptorToPythonTypeConverter convert (Lorg/sonar/python/semantic/v2/converter/ConversionContext;Lorg/sonar/python/index/ClassDescriptor;)Lorg/sonar/plugins/python/api/types/v2/PythonType; 57 <appendix> argL0 ; # org/sonar/python/semantic/v2/converter/ClassDescriptorToPythonTypeConverter$$Lambda+0x0000013c9c52a8d0
instanceKlass  @bci org/sonar/python/semantic/v2/converter/ClassDescriptorToPythonTypeConverter convert (Lorg/sonar/python/semantic/v2/converter/ConversionContext;Lorg/sonar/python/index/ClassDescriptor;)Lorg/sonar/plugins/python/api/types/v2/PythonType; 47 <appendix> member <vmtarget> ; # org/sonar/python/semantic/v2/converter/ClassDescriptorToPythonTypeConverter$$Lambda+0x0000013c9c52a688
instanceKlass org/sonar/python/semantic/v2/ClassTypeBuilder
instanceKlass org/sonar/python/semantic/v2/TypeBuilder
instanceKlass  @bci org/sonar/python/semantic/v2/converter/AnyDescriptorToPythonTypeConverter convert (Ljava/lang/String;Lorg/sonar/python/index/Descriptor;Lorg/sonar/plugins/python/api/types/v2/TypeOrigin;)Lorg/sonar/plugins/python/api/types/v2/PythonType; 10 <appendix> member <vmtarget> ; # org/sonar/python/semantic/v2/converter/AnyDescriptorToPythonTypeConverter$$Lambda+0x0000013c9c529fd0
instanceKlass org/sonar/python/semantic/v2/converter/ConversionContext
instanceKlass  @bci org/sonar/python/semantic/v2/SymbolsModuleTypeProvider <init> (Lorg/sonar/python/semantic/ProjectLevelSymbolTable;Lorg/sonar/python/semantic/v2/LazyTypesContext;)V 139 <appendix> member <vmtarget> ; # org/sonar/python/semantic/v2/SymbolsModuleTypeProvider$$Lambda+0x0000013c9c529700
instanceKlass  @bci org/sonar/python/semantic/v2/SymbolsModuleTypeProvider <init> (Lorg/sonar/python/semantic/ProjectLevelSymbolTable;Lorg/sonar/python/semantic/v2/LazyTypesContext;)V 133 <appendix> argL0 ; # org/sonar/python/semantic/v2/SymbolsModuleTypeProvider$$Lambda+0x0000013c9c5294c0
instanceKlass  @bci org/sonar/python/semantic/v2/typeshed/TypeShedDescriptorsProvider getModuleDescriptors (Ljava/lang/String;Ljava/lang/String;)Ljava/util/Map; 82 <appendix> argL0 ; # org/sonar/python/semantic/v2/typeshed/TypeShedDescriptorsProvider$$Lambda+0x0000013c9c5292a0
instanceKlass  @bci org/sonar/python/semantic/v2/typeshed/TypeShedDescriptorsProvider getModuleDescriptors (Ljava/lang/String;Ljava/lang/String;)Ljava/util/Map; 74 <appendix> argL0 ; # org/sonar/python/semantic/v2/typeshed/TypeShedDescriptorsProvider$$Lambda+0x0000013c9c529060
instanceKlass org/sonar/python/index/ModuleDescriptor
instanceKlass  @bci org/sonar/python/index/AmbiguousDescriptor create (Ljava/util/Set;)Lorg/sonar/python/index/AmbiguousDescriptor; 59 <appendix> member <vmtarget> ; # org/sonar/python/index/AmbiguousDescriptor$$Lambda+0x0000013c9c528bb0
instanceKlass  @bci org/sonar/python/index/AmbiguousDescriptor create (Ljava/util/Set;)Lorg/sonar/python/index/AmbiguousDescriptor; 48 <appendix> argL0 ; # org/sonar/python/index/AmbiguousDescriptor$$Lambda+0x0000013c9c528970
instanceKlass  @bci org/sonar/python/semantic/v2/typeshed/TypeShedUtils lambda$filterTypeVar$1 (Ljava/lang/String;)Z 14 <appendix> member <vmtarget> ; # org/sonar/python/semantic/v2/typeshed/TypeShedUtils$$Lambda+0x0000013c9c528718
instanceKlass org/sonar/python/index/ClassDescriptor$ClassDescriptorBuilder
instanceKlass  @bci org/sonar/python/semantic/v2/typeshed/ClassSymbolToDescriptorConverter convert (Lorg/sonar/python/types/protobuf/SymbolsProtos$ClassSymbol;)Lorg/sonar/python/index/ClassDescriptor; 229 <appendix> member <vmtarget> ; # org/sonar/python/semantic/v2/typeshed/ClassSymbolToDescriptorConverter$$Lambda+0x0000013c9c528250
instanceKlass  @bci org/sonar/python/index/AmbiguousDescriptor <init> (Ljava/lang/String;Ljava/lang/String;Ljava/util/Set;)V 10 <appendix> argL0 ; # org/sonar/python/index/AmbiguousDescriptor$$Lambda+0x0000013c9c528000
instanceKlass  @bci org/sonar/python/semantic/v2/typeshed/OverloadedFunctionSymbolToDescriptorConverter convert (Lorg/sonar/python/types/protobuf/SymbolsProtos$OverloadedFunctionSymbol;Z)Lorg/sonar/python/index/AmbiguousDescriptor; 65 <appendix> member <vmtarget> ; # org/sonar/python/semantic/v2/typeshed/OverloadedFunctionSymbolToDescriptorConverter$$Lambda+0x0000013c9c527d78
instanceKlass  @bci org/sonar/python/semantic/v2/typeshed/OverloadedFunctionSymbolToDescriptorConverter convert (Lorg/sonar/python/types/protobuf/SymbolsProtos$OverloadedFunctionSymbol;Z)Lorg/sonar/python/index/AmbiguousDescriptor; 48 <appendix> member <vmtarget> ; # org/sonar/python/semantic/v2/typeshed/OverloadedFunctionSymbolToDescriptorConverter$$Lambda+0x0000013c9c527b30
instanceKlass  @bci org/sonar/python/semantic/v2/typeshed/TypeShedUtils getTypesFqn (Lorg/sonar/python/types/protobuf/SymbolsProtos$Type;)Ljava/lang/String; 103 <appendix> argL0 ; # org/sonar/python/semantic/v2/typeshed/TypeShedUtils$$Lambda+0x0000013c9c5278f0
instanceKlass  @bci org/sonar/python/semantic/v2/typeshed/TypeShedUtils filterTypeVar (Lorg/sonar/python/types/protobuf/SymbolsProtos$Type;)Z 34 <appendix> argL0 ; # org/sonar/python/semantic/v2/typeshed/TypeShedUtils$$Lambda+0x0000013c9c5276a0
instanceKlass  @bci org/sonar/python/semantic/v2/typeshed/TypeShedUtils filterTypeVar (Lorg/sonar/python/types/protobuf/SymbolsProtos$Type;)Z 23 <appendix> argL0 ; # org/sonar/python/semantic/v2/typeshed/TypeShedUtils$$Lambda+0x0000013c9c527450
instanceKlass  @bci org/sonar/python/semantic/v2/typeshed/TypeShedUtils filterTypeVar (Lorg/sonar/python/types/protobuf/SymbolsProtos$Type;)Z 15 <appendix> argL0 ; # org/sonar/python/semantic/v2/typeshed/TypeShedUtils$$Lambda+0x0000013c9c527210
instanceKlass  @bci org/sonar/python/semantic/v2/typeshed/TypeShedUtils filterTypeVar (Lorg/sonar/python/types/protobuf/SymbolsProtos$Type;)Z 4 <appendix> argL0 ; # org/sonar/python/semantic/v2/typeshed/TypeShedUtils$$Lambda+0x0000013c9c526fc0
instanceKlass  @bci org/sonar/python/semantic/v2/typeshed/TypeShedUtils getTypesFqn (Lorg/sonar/python/types/protobuf/SymbolsProtos$Type;)Ljava/lang/String; 95 <appendix> argL0 ; # org/sonar/python/semantic/v2/typeshed/TypeShedUtils$$Lambda+0x0000013c9c526d70
instanceKlass org/sonar/python/index/FunctionDescriptor$FunctionDescriptorBuilder
instanceKlass org/sonar/python/types/protobuf/SymbolsProtos$ParameterKind$1
instanceKlass  @bci org/sonar/python/semantic/v2/typeshed/FunctionSymbolToDescriptorConverter convert (Lorg/sonar/python/types/protobuf/SymbolsProtos$FunctionSymbol;Z)Lorg/sonar/python/index/FunctionDescriptor; 104 <appendix> member <vmtarget> ; # org/sonar/python/semantic/v2/typeshed/FunctionSymbolToDescriptorConverter$$Lambda+0x0000013c9c526208
instanceKlass org/sonar/python/index/FunctionDescriptor$Parameter
instanceKlass  @bci org/sonar/python/semantic/v2/typeshed/FunctionSymbolToDescriptorConverter convert (Lorg/sonar/python/types/protobuf/SymbolsProtos$FunctionSymbol;Z)Lorg/sonar/python/index/FunctionDescriptor; 69 <appendix> argL0 ; # org/sonar/python/semantic/v2/typeshed/FunctionSymbolToDescriptorConverter$$Lambda+0x0000013c9c525d68
instanceKlass  @bci org/sonar/python/semantic/v2/typeshed/FunctionSymbolToDescriptorConverter convert (Lorg/sonar/python/types/protobuf/SymbolsProtos$FunctionSymbol;Z)Lorg/sonar/python/index/FunctionDescriptor; 59 <appendix> argL0 ; # org/sonar/python/semantic/v2/typeshed/FunctionSymbolToDescriptorConverter$$Lambda+0x0000013c9c525b28
instanceKlass  @bci org/sonar/python/semantic/v2/typeshed/FunctionSymbolToDescriptorConverter convert (Lorg/sonar/python/types/protobuf/SymbolsProtos$FunctionSymbol;Z)Lorg/sonar/python/index/FunctionDescriptor; 48 <appendix> argL0 ; # org/sonar/python/semantic/v2/typeshed/FunctionSymbolToDescriptorConverter$$Lambda+0x0000013c9c5258e8
instanceKlass  @bci org/sonar/python/semantic/v2/typeshed/TypeSymbolToDescriptorConverter convert (Lorg/sonar/python/types/protobuf/SymbolsProtos$Type;)Lorg/sonar/python/index/TypeAnnotationDescriptor; 10 <appendix> member <vmtarget> ; # org/sonar/python/semantic/v2/typeshed/TypeSymbolToDescriptorConverter$$Lambda+0x0000013c9c525260
instanceKlass org/sonar/python/index/TypeAnnotationDescriptor
instanceKlass org/sonar/python/index/VariableDescriptor
instanceKlass  @bci org/sonar/python/semantic/v2/typeshed/TypeShedUtils getTypesNormalizedFqn (Lorg/sonar/python/types/protobuf/SymbolsProtos$Type;)Ljava/lang/String; 12 <appendix> argL0 ; # org/sonar/python/semantic/v2/typeshed/TypeShedUtils$$Lambda+0x0000013c9c524b78
instanceKlass org/sonar/python/types/protobuf/SymbolsProtos$TypeKind$1
instanceKlass com/google/protobuf/Internal$EnumLiteMap
instanceKlass com/google/protobuf/ProtocolMessageEnum
instanceKlass com/google/protobuf/Internal$EnumLite
instanceKlass org/sonar/python/semantic/v2/typeshed/TypeShedUtils$1
instanceKlass  @bci org/sonar/python/semantic/v2/typeshed/TypeShedUtils getTypesNormalizedFqn (Lorg/sonar/python/types/protobuf/SymbolsProtos$Type;)Ljava/lang/String; 4 <appendix> argL0 ; # org/sonar/python/semantic/v2/typeshed/TypeShedUtils$$Lambda+0x0000013c9c523690
instanceKlass  @bci org/sonar/python/semantic/v2/typeshed/ClassSymbolToDescriptorConverter convert (Lorg/sonar/python/types/protobuf/SymbolsProtos$ClassSymbol;)Lorg/sonar/python/index/ClassDescriptor; 170 <appendix> member <vmtarget> ; # org/sonar/python/semantic/v2/typeshed/ClassSymbolToDescriptorConverter$$Lambda+0x0000013c9c523448
instanceKlass  @bci org/sonar/python/semantic/v2/typeshed/ClassSymbolToDescriptorConverter convert (Lorg/sonar/python/types/protobuf/SymbolsProtos$ClassSymbol;)Lorg/sonar/python/index/ClassDescriptor; 159 <appendix> member <vmtarget> ; # org/sonar/python/semantic/v2/typeshed/ClassSymbolToDescriptorConverter$$Lambda+0x0000013c9c5231f0
instanceKlass  @bci org/sonar/python/semantic/v2/typeshed/ClassSymbolToDescriptorConverter convert (Lorg/sonar/python/types/protobuf/SymbolsProtos$ClassSymbol;)Lorg/sonar/python/index/ClassDescriptor; 137 <appendix> member <vmtarget> ; # org/sonar/python/semantic/v2/typeshed/ClassSymbolToDescriptorConverter$$Lambda+0x0000013c9c522fa8
instanceKlass  @bci org/sonar/python/semantic/v2/typeshed/ClassSymbolToDescriptorConverter convert (Lorg/sonar/python/types/protobuf/SymbolsProtos$ClassSymbol;)Lorg/sonar/python/index/ClassDescriptor; 126 <appendix> member <vmtarget> ; # org/sonar/python/semantic/v2/typeshed/ClassSymbolToDescriptorConverter$$Lambda+0x0000013c9c522d50
instanceKlass  @bci org/sonar/python/semantic/v2/typeshed/ClassSymbolToDescriptorConverter convert (Lorg/sonar/python/types/protobuf/SymbolsProtos$ClassSymbol;)Lorg/sonar/python/index/ClassDescriptor; 104 <appendix> member <vmtarget> ; # org/sonar/python/semantic/v2/typeshed/ClassSymbolToDescriptorConverter$$Lambda+0x0000013c9c522b08
instanceKlass  @bci org/sonar/python/semantic/v2/typeshed/ClassSymbolToDescriptorConverter convert (Lorg/sonar/python/types/protobuf/SymbolsProtos$ClassSymbol;)Lorg/sonar/python/index/ClassDescriptor; 93 <appendix> member <vmtarget> ; # org/sonar/python/semantic/v2/typeshed/ClassSymbolToDescriptorConverter$$Lambda+0x0000013c9c5228b0
instanceKlass  @bci org/sonar/python/semantic/v2/typeshed/ClassSymbolToDescriptorConverter convert (Lorg/sonar/python/types/protobuf/SymbolsProtos$ClassSymbol;)Lorg/sonar/python/index/ClassDescriptor; 71 <appendix> member <vmtarget> ; # org/sonar/python/semantic/v2/typeshed/ClassSymbolToDescriptorConverter$$Lambda+0x0000013c9c522668
instanceKlass  @bci org/sonar/python/semantic/v2/typeshed/ClassSymbolToDescriptorConverter convert (Lorg/sonar/python/types/protobuf/SymbolsProtos$ClassSymbol;)Lorg/sonar/python/index/ClassDescriptor; 52 <appendix> member <vmtarget> ; # org/sonar/python/semantic/v2/typeshed/ClassSymbolToDescriptorConverter$$Lambda+0x0000013c9c522410
instanceKlass  @bci org/sonar/python/semantic/v2/typeshed/ClassSymbolToDescriptorConverter convert (Lorg/sonar/python/types/protobuf/SymbolsProtos$ClassSymbol;)Lorg/sonar/python/index/ClassDescriptor; 17 <appendix> argL0 ; # org/sonar/python/semantic/v2/typeshed/ClassSymbolToDescriptorConverter$$Lambda+0x0000013c9c5221d0
instanceKlass org/sonar/python/semantic/v2/typeshed/TypeShedUtils
instanceKlass  @bci org/sonar/python/semantic/v2/typeshed/ProtoUtils disambiguateByName (Ljava/util/stream/Stream;)Ljava/util/Map; 19 <appendix> argL0 ; # org/sonar/python/semantic/v2/typeshed/ProtoUtils$$Lambda+0x0000013c9c521d88
instanceKlass  @bci org/sonar/python/semantic/v2/typeshed/ProtoUtils disambiguateByName (Ljava/util/stream/Stream;)Ljava/util/Map; 11 <appendix> argL0 ; # org/sonar/python/semantic/v2/typeshed/ProtoUtils$$Lambda+0x0000013c9c521b48
instanceKlass  @bci org/sonar/python/semantic/v2/typeshed/ProtoUtils disambiguateByName (Ljava/util/stream/Stream;)Ljava/util/Map; 1 <appendix> argL0 ; # org/sonar/python/semantic/v2/typeshed/ProtoUtils$$Lambda+0x0000013c9c521908
instanceKlass org/sonar/python/semantic/v2/typeshed/ProtoUtils
instanceKlass  @bci org/sonar/python/semantic/v2/typeshed/ModuleSymbolToDescriptorConverter getModuleDescriptors (Lorg/sonar/python/types/protobuf/SymbolsProtos$ModuleSymbol;)Ljava/util/Map; 240 <appendix> member <vmtarget> ; # org/sonar/python/semantic/v2/typeshed/ModuleSymbolToDescriptorConverter$$Lambda+0x0000013c9c5214b8
instanceKlass  @bci org/sonar/python/semantic/v2/typeshed/ModuleSymbolToDescriptorConverter getModuleDescriptors (Lorg/sonar/python/types/protobuf/SymbolsProtos$ModuleSymbol;)Ljava/util/Map; 223 <appendix> member <vmtarget> ; # org/sonar/python/semantic/v2/typeshed/ModuleSymbolToDescriptorConverter$$Lambda+0x0000013c9c521270
instanceKlass  @bci org/sonar/python/semantic/v2/typeshed/ModuleSymbolToDescriptorConverter getModuleDescriptors (Lorg/sonar/python/types/protobuf/SymbolsProtos$ModuleSymbol;)Ljava/util/Map; 204 <appendix> member <vmtarget> ; # org/sonar/python/semantic/v2/typeshed/ModuleSymbolToDescriptorConverter$$Lambda+0x0000013c9c521018
instanceKlass  @bci org/sonar/python/semantic/v2/typeshed/ModuleSymbolToDescriptorConverter getModuleDescriptors (Lorg/sonar/python/types/protobuf/SymbolsProtos$ModuleSymbol;)Ljava/util/Map; 182 <appendix> member <vmtarget> ; # org/sonar/python/semantic/v2/typeshed/ModuleSymbolToDescriptorConverter$$Lambda+0x0000013c9c520dd0
instanceKlass  @bci org/sonar/python/semantic/v2/typeshed/ModuleSymbolToDescriptorConverter getModuleDescriptors (Lorg/sonar/python/types/protobuf/SymbolsProtos$ModuleSymbol;)Ljava/util/Map; 165 <appendix> member <vmtarget> ; # org/sonar/python/semantic/v2/typeshed/ModuleSymbolToDescriptorConverter$$Lambda+0x0000013c9c520b88
instanceKlass org/sonar/python/index/AmbiguousDescriptor
instanceKlass  @bci org/sonar/python/semantic/v2/typeshed/ModuleSymbolToDescriptorConverter getModuleDescriptors (Lorg/sonar/python/types/protobuf/SymbolsProtos$ModuleSymbol;)Ljava/util/Map; 146 <appendix> member <vmtarget> ; # org/sonar/python/semantic/v2/typeshed/ModuleSymbolToDescriptorConverter$$Lambda+0x0000013c9c5206d8
instanceKlass  @bci org/sonar/python/semantic/v2/typeshed/ModuleSymbolToDescriptorConverter getModuleDescriptors (Lorg/sonar/python/types/protobuf/SymbolsProtos$ModuleSymbol;)Ljava/util/Map; 125 <appendix> member <vmtarget> ; # org/sonar/python/semantic/v2/typeshed/ModuleSymbolToDescriptorConverter$$Lambda+0x0000013c9c520490
instanceKlass  @bci org/sonar/python/semantic/v2/typeshed/ModuleSymbolToDescriptorConverter getModuleDescriptors (Lorg/sonar/python/types/protobuf/SymbolsProtos$ModuleSymbol;)Ljava/util/Map; 108 <appendix> member <vmtarget> ; # org/sonar/python/semantic/v2/typeshed/ModuleSymbolToDescriptorConverter$$Lambda+0x0000013c9c520248
instanceKlass  @bci org/sonar/python/semantic/v2/typeshed/ModuleSymbolToDescriptorConverter getModuleDescriptors (Lorg/sonar/python/types/protobuf/SymbolsProtos$ModuleSymbol;)Ljava/util/Map; 97 <appendix> member <vmtarget> ; # org/sonar/python/semantic/v2/typeshed/ModuleSymbolToDescriptorConverter$$Lambda+0x0000013c9c520000
instanceKlass org/sonar/python/index/FunctionDescriptor
instanceKlass  @bci org/sonar/python/semantic/v2/typeshed/ModuleSymbolToDescriptorConverter getModuleDescriptors (Lorg/sonar/python/types/protobuf/SymbolsProtos$ModuleSymbol;)Ljava/util/Map; 78 <appendix> member <vmtarget> ; # org/sonar/python/semantic/v2/typeshed/ModuleSymbolToDescriptorConverter$$Lambda+0x0000013c9c51fab0
instanceKlass  @bci org/sonar/python/semantic/v2/typeshed/ModuleSymbolToDescriptorConverter getModuleDescriptors (Lorg/sonar/python/types/protobuf/SymbolsProtos$ModuleSymbol;)Ljava/util/Map; 57 <appendix> member <vmtarget> ; # org/sonar/python/semantic/v2/typeshed/ModuleSymbolToDescriptorConverter$$Lambda+0x0000013c9c51f868
instanceKlass  @bci org/sonar/python/semantic/v2/typeshed/ModuleSymbolToDescriptorConverter getModuleDescriptors (Lorg/sonar/python/types/protobuf/SymbolsProtos$ModuleSymbol;)Ljava/util/Map; 40 <appendix> member <vmtarget> ; # org/sonar/python/semantic/v2/typeshed/ModuleSymbolToDescriptorConverter$$Lambda+0x0000013c9c51f620
instanceKlass  @bci org/sonar/python/semantic/v2/typeshed/ModuleSymbolToDescriptorConverter getModuleDescriptors (Lorg/sonar/python/types/protobuf/SymbolsProtos$ModuleSymbol;)Ljava/util/Map; 29 <appendix> member <vmtarget> ; # org/sonar/python/semantic/v2/typeshed/ModuleSymbolToDescriptorConverter$$Lambda+0x0000013c9c51f3d8
instanceKlass org/sonar/python/index/ClassDescriptor
instanceKlass  @bci org/sonar/python/semantic/v2/typeshed/ModuleSymbolToDescriptorConverter getModuleDescriptors (Lorg/sonar/python/types/protobuf/SymbolsProtos$ModuleSymbol;)Ljava/util/Map; 10 <appendix> member <vmtarget> ; # org/sonar/python/semantic/v2/typeshed/ModuleSymbolToDescriptorConverter$$Lambda+0x0000013c9c51eed8
instanceKlass com/google/protobuf/GeneratedMessage$Builder$BuilderParentImpl
instanceKlass com/google/protobuf/SingleFieldBuilder
instanceKlass org/sonar/python/types/protobuf/SymbolsProtos$ParameterSymbolOrBuilder
instanceKlass org/sonar/python/types/protobuf/SymbolsProtos$TypeOrBuilder
instanceKlass com/google/protobuf/LazyStringList
instanceKlass com/google/protobuf/ProtocolStringList
instanceKlass com/google/protobuf/Android
instanceKlass com/google/protobuf/UnsafeUtil$1
instanceKlass com/google/protobuf/UnsafeUtil$MemoryAccessor
instanceKlass com/google/protobuf/UnsafeUtil
instanceKlass com/google/protobuf/Utf8$Processor
instanceKlass com/google/protobuf/Utf8
instanceKlass com/google/protobuf/WireFormat
instanceKlass org/sonar/python/types/protobuf/SymbolsProtos
instanceKlass org/sonar/python/types/protobuf/SymbolsProtos$VarSymbolOrBuilder
instanceKlass org/sonar/python/types/protobuf/SymbolsProtos$OverloadedFunctionSymbolOrBuilder
instanceKlass org/sonar/python/types/protobuf/SymbolsProtos$FunctionSymbolOrBuilder
instanceKlass org/sonar/python/types/protobuf/SymbolsProtos$ClassSymbolOrBuilder
instanceKlass com/google/protobuf/AbstractMessage$BuilderParent
instanceKlass com/google/protobuf/AbstractMessageLite$Builder
instanceKlass com/google/protobuf/ExtensionRegistry$ExtensionInfo
instanceKlass com/google/protobuf/Descriptors$GenericDescriptor
instanceKlass com/google/protobuf/FieldSet$FieldDescriptorLite
instanceKlass com/google/protobuf/ExtensionLite
instanceKlass com/google/protobuf/ExtensionRegistryFactory
instanceKlass com/google/protobuf/CodedInputStream
instanceKlass com/google/protobuf/Internal
instanceKlass com/google/protobuf/GeneratedMessageInfoFactory
instanceKlass com/google/protobuf/ManifestSchemaFactory$CompositeMessageInfoFactory
instanceKlass com/google/protobuf/ManifestSchemaFactory$1
instanceKlass com/google/protobuf/Schema
instanceKlass com/google/protobuf/MessageInfoFactory
instanceKlass com/google/protobuf/ManifestSchemaFactory
instanceKlass com/google/protobuf/SchemaFactory
instanceKlass com/google/protobuf/Protobuf
instanceKlass com/google/protobuf/ExtensionRegistryLite
instanceKlass com/google/protobuf/AbstractParser
instanceKlass com/google/protobuf/UnknownFieldSet
instanceKlass com/google/protobuf/RuntimeVersion
instanceKlass com/google/protobuf/Message$Builder
instanceKlass com/google/protobuf/Parser
instanceKlass com/google/protobuf/Reader
instanceKlass com/google/protobuf/GeneratedMessage$ExtensionDescriptorRetriever
instanceKlass com/google/protobuf/MutabilityOracle
instanceKlass com/google/protobuf/MapFieldReflectionAccessor
instanceKlass com/google/protobuf/Internal$DoubleList
instanceKlass com/google/protobuf/Internal$LongList
instanceKlass com/google/protobuf/Internal$FloatList
instanceKlass com/google/protobuf/Internal$IntList
instanceKlass com/google/protobuf/Internal$BooleanList
instanceKlass com/google/protobuf/Internal$ProtobufList
instanceKlass com/google/protobuf/MessageLite$Builder
instanceKlass com/google/protobuf/AbstractMessageLite
instanceKlass com/google/protobuf/Message
instanceKlass com/google/protobuf/MessageLite
instanceKlass org/sonar/python/types/protobuf/SymbolsProtos$ModuleSymbolOrBuilder
instanceKlass com/google/protobuf/MessageOrBuilder
instanceKlass com/google/protobuf/MessageLiteOrBuilder
instanceKlass  @bci org/sonar/python/semantic/v2/typeshed/TypeShedDescriptorsProvider builtinDescriptors ()Ljava/util/Map; 6 <appendix> argL0 ; # org/sonar/python/semantic/v2/typeshed/TypeShedDescriptorsProvider$$Lambda+0x0000013c9c501000
instanceKlass org/sonar/python/semantic/v2/typeshed/ClassSymbolToDescriptorConverter
instanceKlass org/sonar/python/semantic/v2/typeshed/OverloadedFunctionSymbolToDescriptorConverter
instanceKlass org/sonar/python/semantic/v2/typeshed/VarSymbolToDescriptorConverter
instanceKlass org/sonar/python/semantic/v2/typeshed/TypeSymbolToDescriptorConverter
instanceKlass org/sonar/python/semantic/v2/typeshed/ParameterSymbolToDescriptorConverter
instanceKlass org/sonar/python/semantic/v2/typeshed/FunctionSymbolToDescriptorConverter
instanceKlass  @bci org/sonar/python/semantic/v2/typeshed/ModuleSymbolToDescriptorConverter <init> (Ljava/util/Set;)V 11 <appendix> argL0 ; # org/sonar/python/semantic/v2/typeshed/ModuleSymbolToDescriptorConverter$$Lambda+0x0000013c9c5030f8
instanceKlass org/sonar/python/semantic/v2/typeshed/ModuleSymbolToDescriptorConverter
instanceKlass org/sonar/plugins/python/api/PythonVersionUtils
instanceKlass org/sonar/plugins/python/api/ProjectPythonVersion
instanceKlass org/sonar/python/semantic/v2/typeshed/TypeShedDescriptorsProvider
instanceKlass org/sonar/python/semantic/v2/converter/AliasDescriptorToPythonTypeConverter
instanceKlass org/sonar/python/semantic/v2/converter/AmbiguousDescriptorToPythonTypeConverter
instanceKlass org/sonar/python/semantic/v2/converter/VariableDescriptorToPythonTypeConverter
instanceKlass org/sonar/python/semantic/v2/converter/TypeAnnotationToPythonTypeConverter
instanceKlass org/sonar/python/semantic/v2/converter/ParameterConverter
instanceKlass org/sonar/python/semantic/v2/converter/FunctionDescriptorToPythonTypeConverter
instanceKlass org/sonar/python/semantic/v2/converter/ClassDescriptorToPythonTypeConverter
instanceKlass org/sonar/python/semantic/v2/converter/UnknownDescriptorToPythonTypeConverter
instanceKlass org/sonar/python/semantic/v2/converter/DescriptorToPythonTypeConverter
instanceKlass org/sonar/python/semantic/v2/converter/AnyDescriptorToPythonTypeConverter
instanceKlass org/sonar/python/semantic/v2/SymbolsModuleTypeProvider
instanceKlass org/sonar/plugins/python/api/types/v2/TypeWrapper
instanceKlass org/sonar/python/semantic/v2/LazyTypesContext
instanceKlass org/sonar/python/semantic/v2/typetable/ProjectLevelTypeTable
instanceKlass org/sonar/python/semantic/v2/typetable/CachedTypeTable
instanceKlass org/sonar/python/project/config/SignatureBasedAwsLambdaHandlersCollector
instanceKlass  @bci org/sonar/plugins/python/indexer/PythonIndexer <init> (Lorg/sonar/python/project/config/ProjectConfigurationBuilder;)V 30 <appendix> argL0 ; # org/sonar/plugins/python/indexer/PythonIndexer$$Lambda+0x0000013c9c505a90
instanceKlass org/sonar/python/caching/PythonReadCacheImpl
instanceKlass org/sonar/python/caching/PythonWriteCacheImpl
instanceKlass org/sonar/plugins/python/api/caching/PythonWriteCache
instanceKlass org/sonar/plugins/python/api/caching/PythonReadCache
instanceKlass org/sonar/python/caching/CacheContextImpl
instanceKlass org/sonar/plugins/python/PythonInputFileImpl
instanceKlass  @bci org/sonar/plugins/python/PythonSensor getInputFiles (Lorg/sonar/api/batch/sensor/SensorContext;)Ljava/util/List; 55 <appendix> member <vmtarget> ; # org/sonar/plugins/python/PythonSensor$$Lambda+0x0000013c9c504b28
instanceKlass org/sonarsource/performance/measure/PerformanceMeasure$IgnoredDuration
instanceKlass  @bci org/sonar/plugins/python/PythonSensor lambda$createPerformanceMeasureReport$5 (Lorg/sonar/api/batch/sensor/SensorContext;)Ljava/lang/String; 22 <appendix> argL0 ; # org/sonar/plugins/python/PythonSensor$$Lambda+0x0000013c9c5046c8
instanceKlass  @bci org/sonar/plugins/python/PythonSensor lambda$createPerformanceMeasureReport$5 (Lorg/sonar/api/batch/sensor/SensorContext;)Ljava/lang/String; 14 <appendix> argL0 ; # org/sonar/plugins/python/PythonSensor$$Lambda+0x0000013c9c504478
instanceKlass  @bci org/sonar/plugins/python/PythonSensor createPerformanceMeasureReport (Lorg/sonar/api/batch/sensor/SensorContext;)Lorg/sonarsource/performance/measure/PerformanceMeasure$Duration; 55 <appendix> member <vmtarget> ; # org/sonar/plugins/python/PythonSensor$$Lambda+0x0000013c9c504250
instanceKlass  @bci org/sonar/plugins/python/PythonSensor createPerformanceMeasureReport (Lorg/sonar/api/batch/sensor/SensorContext;)Lorg/sonarsource/performance/measure/PerformanceMeasure$Duration; 46 <appendix> argL0 ; # org/sonar/plugins/python/PythonSensor$$Lambda+0x0000013c9c504000
instanceKlass org/sonarsource/performance/measure/PerformanceMeasure$Builder
instanceKlass  @bci org/sonarsource/performance/measure/PerformanceMeasure <clinit> ()V 22 <appendix> argL0 ; # org/sonarsource/performance/measure/PerformanceMeasure$$Lambda+0x0000013c9c4fbad0
instanceKlass  @cpi org/sonarsource/performance/measure/PerformanceMeasure 155 form vmentry <vmtarget> ; # java/lang/invoke/LambdaForm$DMH+0x0000013c9c500000
instanceKlass  @bci org/sonarsource/performance/measure/log/Logger <clinit> ()V 5 <appendix> argL0 ; # org/sonarsource/performance/measure/log/Logger$$Lambda+0x0000013c9c4fb890
instanceKlass org/sonarsource/performance/measure/log/Logger
instanceKlass org/sonarsource/performance/measure/PerformanceMeasure
instanceKlass  @bci org/sonar/iac/common/extension/IacSensor retrieveFromFileSystem (Lorg/sonar/api/batch/sensor/SensorContext;Lorg/sonar/iac/common/extension/DurationStatistics;Lorg/sonar/api/batch/fs/FilePredicate;)Ljava/util/List; 14 <appendix> member <vmtarget> ; # org/sonar/iac/common/extension/IacSensor$$Lambda+0x0000013c9c455978
instanceKlass java/util/EnumMap$EnumMapIterator
instanceKlass  @bci org/sonar/iac/common/predicates/YamlFileTypeCache getInputFiles (Ljava/util/Set;)Ljava/util/List; 14 <appendix> member <vmtarget> ; # org/sonar/iac/common/predicates/YamlFileTypeCache$$Lambda+0x0000013c9c455740
instanceKlass org/sonar/iac/common/reports/ExternalReportWildcardProvider
instanceKlass  @bci org/sonar/iac/common/predicates/YamlFileTypeResolver lambda$classifyInputFiles$3 (Lorg/sonar/api/batch/fs/FileSystem;Lorg/sonar/api/batch/fs/FilePredicate;Z)V 9 <appendix> member <vmtarget> ; # org/sonar/iac/common/predicates/YamlFileTypeResolver$$Lambda+0x0000013c9c455300
instanceKlass  @cpi org/sonar/iac/common/predicates/YamlFileTypeResolver 444 form vmentry <vmtarget> ; # java/lang/invoke/LambdaForm$DMH+0x0000013c9c4fac00
instanceKlass  @bci org/sonar/iac/common/predicates/YamlFileTypeResolver classifyInputFiles (Lorg/sonar/api/batch/sensor/SensorContext;Lorg/sonar/iac/common/extension/DurationStatistics;)V 172 <adapter> ; # java/lang/invoke/LambdaForm$MH+0x0000013c9c4fa800
# instanceKlass java/lang/invoke/LambdaForm$DMH+0x0000013c9c4fa400
instanceKlass  @bci org/sonar/iac/common/predicates/YamlFileTypeResolver classifyInputFiles (Lorg/sonar/api/batch/sensor/SensorContext;Lorg/sonar/iac/common/extension/DurationStatistics;)V 172 <appendix> form vmentry <vmtarget> ; # java/lang/invoke/LambdaForm$DMH+0x0000013c9c4fa000
instanceKlass  @bci org/sonar/iac/common/predicates/YamlFileTypeResolver classifyInputFiles (Lorg/sonar/api/batch/sensor/SensorContext;Lorg/sonar/iac/common/extension/DurationStatistics;)V 172 <appendix> member <vmtarget> ; # org/sonar/iac/common/predicates/YamlFileTypeResolver$$Lambda+0x0000013c9c4550d8
instanceKlass  @cpi org/sonar/iac/common/predicates/YamlFileTypeResolver 441 form vmentry <vmtarget> ; # java/lang/invoke/LambdaForm$DMH+0x0000013c9c4f9c00
instanceKlass  @bci org/sonar/iac/common/predicates/YamlFileTypeResolver classifyInputFiles (Lorg/sonar/api/batch/sensor/SensorContext;Lorg/sonar/iac/common/extension/DurationStatistics;)V 138 <appendix> argL0 ; # org/sonar/iac/common/predicates/YamlFileTypeResolver$$Lambda+0x0000013c9c454eb8
instanceKlass  @bci org/sonar/iac/common/predicates/YamlFileTypeResolver classifyInputFiles (Lorg/sonar/api/batch/sensor/SensorContext;Lorg/sonar/iac/common/extension/DurationStatistics;)V 76 <appendix> argL0 ; # org/sonar/iac/common/predicates/YamlFileTypeResolver$$Lambda+0x0000013c9c454c98
instanceKlass org/sonar/iac/common/extension/DurationStatistics$Timer
instanceKlass  @bci org/sonar/iac/common/predicates/YamlFileTypeResolver dispatchTimers (Lorg/sonar/iac/common/extension/DurationStatistics;)V 5 <appendix> member <vmtarget> ; # org/sonar/iac/common/predicates/YamlFileTypeResolver$$Lambda+0x0000013c9c454848
instanceKlass org/sonar/scanner/log/utils/DefaultProfiler$1
instanceKlass  @bci org/sonar/scanner/sensor/ModuleSensorsExecutor execute ()V 58 <appendix> member <vmtarget> ; # org/sonar/scanner/sensor/ModuleSensorsExecutor$$Lambda+0x0000013c9c40fdc8
instanceKlass  @bci org/sonar/scanner/sensor/ModuleSensorsExecutor printSensors (Ljava/util/Collection;Ljava/util/Collection;)V 15 <appendix> argL0 ; # org/sonar/scanner/sensor/ModuleSensorsExecutor$$Lambda+0x0000013c9c4fc730
instanceKlass  @bci org/sonar/plugins/python/ExternalIssuesSensor describe (Lorg/sonar/api/batch/sensor/SensorDescriptor;)V 2 <appendix> member <vmtarget> ; # org/sonar/plugins/python/ExternalIssuesSensor$$Lambda+0x0000013c9c4f3cd0
instanceKlass  @bci java/util/stream/StreamSpliterators$WrappingSpliterator initPartialTraversalState ()V 37 <appendix> member <vmtarget> ; # java/util/stream/StreamSpliterators$WrappingSpliterator$$Lambda+0x0000013c9c26a7c0
instanceKlass  @bci java/util/stream/StreamSpliterators$WrappingSpliterator initPartialTraversalState ()V 24 <appendix> member <vmtarget> ; # java/util/stream/StreamSpliterators$WrappingSpliterator$$Lambda+0x0000013c9c26a510
instanceKlass  @bci org/sonar/scanner/plugin/api/impl/fs/predicates/AbstractFilePredicate lambda$filter$0 (Ljava/lang/Iterable;)Ljava/util/Iterator; 11 <appendix> member <vmtarget> ; # org/sonar/scanner/plugin/api/impl/fs/predicates/AbstractFilePredicate$$Lambda+0x0000013c9c4fc248
instanceKlass  @bci org/sonar/scanner/plugin/api/impl/fs/predicates/AbstractFilePredicate filter (Ljava/lang/Iterable;)Ljava/lang/Iterable; 2 <appendix> member <vmtarget> ; # org/sonar/scanner/plugin/api/impl/fs/predicates/AbstractFilePredicate$$Lambda+0x0000013c9c4fc000
instanceKlass org/sonar/scanner/plugin/api/impl/fs/predicates/NonHiddenFilesPredicate
instanceKlass  @bci org/sonar/scanner/sensor/AbstractSensorOptimizer shouldExecute (Lorg/sonar/scanner/plugin/api/impl/sensor/DefaultSensorDescriptor;)Z 69 <appendix> member <vmtarget> ; # org/sonar/scanner/sensor/AbstractSensorOptimizer$$Lambda+0x0000013c9c40f958
instanceKlass  @bci org/sonar/scanner/externalissue/ExternalIssuesImportSensor describe (Lorg/sonar/api/batch/sensor/SensorDescriptor;)V 8 <appendix> argL0 ; # org/sonar/scanner/externalissue/ExternalIssuesImportSensor$$Lambda+0x0000013c9c40f708
instanceKlass  @bci org/sonar/scanner/genericcoverage/GenericTestExecutionSensor describe (Lorg/sonar/api/batch/sensor/SensorDescriptor;)V 13 <appendix> argL0 ; # org/sonar/scanner/genericcoverage/GenericTestExecutionSensor$$Lambda+0x0000013c9c40f4b8
instanceKlass org/sonar/iac/common/extension/SonarRuntimeUtils
instanceKlass  @bci org/sonar/scanner/sensor/ModuleSensorExtensionDictionary selectSensors (Z)Ljava/util/Collection; 30 <appendix> member <vmtarget> ; # org/sonar/scanner/sensor/ModuleSensorExtensionDictionary$$Lambda+0x0000013c9c40f268
instanceKlass  @cpi org/sonar/scanner/sensor/ModuleSensorExtensionDictionary 112 form vmentry <vmtarget> ; # java/lang/invoke/LambdaForm$DMH+0x0000013c9c4f9800
instanceKlass  @bci org/sonar/scanner/sensor/ModuleSensorExtensionDictionary selectSensors (Z)Ljava/util/Collection; 19 <appendix> member <vmtarget> ; # org/sonar/scanner/sensor/ModuleSensorExtensionDictionary$$Lambda+0x0000013c9c40f020
instanceKlass org/sonar/plugins/common/predicates/TextAndSecretsPredicates
instanceKlass org/sonar/plugins/common/thread/ParallelizationManager
instanceKlass org/sonar/plugins/common/measures/MemoryMonitor
instanceKlass org/sonar/plugins/common/measures/TelemetryReporter
# instanceKlass java/lang/invoke/LambdaForm$MH+0x0000013c9c4f9400
# instanceKlass java/lang/invoke/LambdaForm$MH+0x0000013c9c4f9000
# instanceKlass java/lang/invoke/LambdaForm$MH+0x0000013c9c4f8c00
# instanceKlass java/lang/invoke/LambdaForm$MH+0x0000013c9c4f8800
# instanceKlass java/lang/invoke/LambdaForm$MH+0x0000013c9c4f8400
# instanceKlass java/lang/invoke/LambdaForm$MH+0x0000013c9c4f8000
# instanceKlass java/lang/invoke/LambdaForm$MH+0x0000013c9c4f7c00
# instanceKlass java/lang/invoke/LambdaForm$MH+0x0000013c9c4f7800
# instanceKlass java/lang/invoke/LambdaForm$MH+0x0000013c9c4f7400
# instanceKlass java/lang/invoke/LambdaForm$MH+0x0000013c9c4f7000
# instanceKlass java/lang/invoke/LambdaForm$MH+0x0000013c9c4f6c00
# instanceKlass java/lang/invoke/LambdaForm$MH+0x0000013c9c4f6800
# instanceKlass java/lang/invoke/LambdaForm$MH+0x0000013c9c4f6400
instanceKlass org/sonar/plugins/python/telemetry/SensorTelemetryStorage
instanceKlass  @bci org/sonar/plugins/python/PythonChecks addCustomChecks ([Lorg/sonar/plugins/python/api/PythonCustomRuleRepository;)Lorg/sonar/plugins/python/PythonChecks; 15 <appendix> member <vmtarget> ; # org/sonar/plugins/python/PythonChecks$$Lambda+0x0000013c9c4f3428
instanceKlass  @bci org/sonar/plugins/python/PythonChecks addCustomChecks ([Lorg/sonar/plugins/python/api/PythonCustomRuleRepository;)Lorg/sonar/plugins/python/PythonChecks; 4 <appendix> argL0 ; # org/sonar/plugins/python/PythonChecks$$Lambda+0x0000013c9c4f31e8
instanceKlass  @bci org/sonar/plugins/python/PythonChecks addChecks (Ljava/lang/String;Ljava/lang/Iterable;)Lorg/sonar/plugins/python/PythonChecks; 25 <appendix> member <vmtarget> ; # org/sonar/plugins/python/PythonChecks$$Lambda+0x0000013c9c4f2fb0
instanceKlass org/sonar/python/regex/RegexContext
instanceKlass  @bci org/sonar/python/checks/RandomSeedCheck probabilityArgAbsent ()Ljava/util/function/Predicate; 0 <appendix> argL0 ; # org/sonar/python/checks/RandomSeedCheck$$Lambda+0x0000013c9c4f2b60
instanceKlass  @bci org/sonar/python/checks/RandomSeedCheck keywordAbsentOrNotIn (Ljava/lang/String;[Ljava/lang/String;)Ljava/util/function/Predicate; 7 <appendix> member <vmtarget> ; # org/sonar/python/checks/RandomSeedCheck$$Lambda+0x0000013c9c4f2908
instanceKlass  @cpi org/sonar/python/checks/RandomSeedCheck 567 form vmentry <vmtarget> ; # java/lang/invoke/LambdaForm$DMH+0x0000013c9c4f6000
instanceKlass  @bci org/sonar/python/checks/FastAPIHTTPExceptionDocumentedCheck <clinit> ()V 48 <appendix> argL0 ; # org/sonar/python/checks/FastAPIHTTPExceptionDocumentedCheck$$Lambda+0x0000013c9c4f1e48
instanceKlass  @bci org/sonar/python/checks/FastAPIHTTPExceptionDocumentedCheck <clinit> ()V 30 <appendix> argL0 ; # org/sonar/python/checks/FastAPIHTTPExceptionDocumentedCheck$$Lambda+0x0000013c9c4f1c08
instanceKlass  @bci org/sonar/python/checks/DataClassFunctionCallDefaultCheck <clinit> ()V 268 <appendix> argL0 ; # org/sonar/python/checks/DataClassFunctionCallDefaultCheck$$Lambda+0x0000013c9c4f19c8
instanceKlass org/sonar/python/types/v2/TypeCheckBuilder
instanceKlass org/sonar/python/checks/PandasToDatetimeFormatCheck$ParseResult
instanceKlass  @bci org/sonar/python/checks/FastAPIDependencyAnnotatedCheck <clinit> ()V 56 <appendix> argL0 ; # org/sonar/python/checks/FastAPIDependencyAnnotatedCheck$$Lambda+0x0000013c9c4f0cd0
instanceKlass  @bci org/sonar/python/checks/FastAPIDependencyAnnotatedCheck <clinit> ()V 38 <appendix> argL0 ; # org/sonar/python/checks/FastAPIDependencyAnnotatedCheck$$Lambda+0x0000013c9c4f0a90
# instanceKlass java/lang/invoke/LambdaForm$MH+0x0000013c9c4f5c00
instanceKlass  @bci org/sonar/python/checks/ReturnYieldOutsideFunctionCheck <clinit> ()V 0 <appendix> argL0 ; # org/sonar/python/checks/ReturnYieldOutsideFunctionCheck$$Lambda+0x0000013c9c4f0408
instanceKlass  @bci org/sonar/python/checks/AwsHardcodedRegionCheck$ClientMethod hashCode ()I 1 <appendix> argL1 form vmentry <vmtarget> ; # java/lang/invoke/LambdaForm$MH+0x0000013c9c4f5800
# instanceKlass java/lang/invoke/LambdaForm$MH+0x0000013c9c4f5400
# instanceKlass java/lang/invoke/LambdaForm$MH+0x0000013c9c4f5000
# instanceKlass java/lang/invoke/LambdaForm$MH+0x0000013c9c4f4c00
# instanceKlass java/lang/invoke/LambdaForm$MH+0x0000013c9c4f4800
# instanceKlass java/lang/invoke/LambdaForm$MH+0x0000013c9c4f4400
instanceKlass  @bci java/lang/invoke/BootstrapMethodInvoker invoke (Ljava/lang/Class;Ljava/lang/invoke/MethodHandle;Ljava/lang/String;Ljava/lang/Object;Ljava/lang/Object;Ljava/lang/Class;)Ljava/lang/Object; 862 <adapter> ; # java/lang/invoke/LambdaForm$MH+0x0000013c9c4f4000
instanceKlass  @bci org/sonar/python/checks/hotspots/HttpOnlyCookieCheck <init> ()V 694 <appendix> member <vmtarget> ; # org/sonar/python/checks/hotspots/HttpOnlyCookieCheck$$Lambda+0x0000013c9c4efa68
instanceKlass  @bci org/sonar/python/checks/hotspots/HttpOnlyCookieCheck <init> ()V 672 <appendix> member <vmtarget> ; # org/sonar/python/checks/hotspots/HttpOnlyCookieCheck$$Lambda+0x0000013c9c4ef810
instanceKlass  @bci org/sonar/python/checks/hotspots/HttpOnlyCookieCheck <init> ()V 650 <appendix> member <vmtarget> ; # org/sonar/python/checks/hotspots/HttpOnlyCookieCheck$$Lambda+0x0000013c9c4ef5b8
instanceKlass  @bci org/sonar/python/checks/hotspots/HttpOnlyCookieCheck <init> ()V 628 <appendix> member <vmtarget> ; # org/sonar/python/checks/hotspots/HttpOnlyCookieCheck$$Lambda+0x0000013c9c4ef360
instanceKlass  @bci org/sonar/python/checks/hotspots/HttpOnlyCookieCheck <init> ()V 606 <appendix> member <vmtarget> ; # org/sonar/python/checks/hotspots/HttpOnlyCookieCheck$$Lambda+0x0000013c9c4ef108
instanceKlass  @bci org/sonar/python/checks/hotspots/HttpOnlyCookieCheck <init> ()V 584 <appendix> member <vmtarget> ; # org/sonar/python/checks/hotspots/HttpOnlyCookieCheck$$Lambda+0x0000013c9c4eeeb0
instanceKlass  @bci org/sonar/python/checks/hotspots/HttpOnlyCookieCheck <init> ()V 562 <appendix> member <vmtarget> ; # org/sonar/python/checks/hotspots/HttpOnlyCookieCheck$$Lambda+0x0000013c9c4eec58
instanceKlass  @bci org/sonar/python/checks/hotspots/HttpOnlyCookieCheck <init> ()V 540 <appendix> member <vmtarget> ; # org/sonar/python/checks/hotspots/HttpOnlyCookieCheck$$Lambda+0x0000013c9c4eea00
instanceKlass  @bci org/sonar/python/checks/hotspots/HttpOnlyCookieCheck <init> ()V 518 <appendix> member <vmtarget> ; # org/sonar/python/checks/hotspots/HttpOnlyCookieCheck$$Lambda+0x0000013c9c4ee7a8
instanceKlass  @bci org/sonar/python/checks/hotspots/HttpOnlyCookieCheck <init> ()V 496 <appendix> member <vmtarget> ; # org/sonar/python/checks/hotspots/HttpOnlyCookieCheck$$Lambda+0x0000013c9c4ee550
instanceKlass  @bci org/sonar/python/checks/hotspots/HttpOnlyCookieCheck <init> ()V 474 <appendix> member <vmtarget> ; # org/sonar/python/checks/hotspots/HttpOnlyCookieCheck$$Lambda+0x0000013c9c4ee2f8
instanceKlass  @bci org/sonar/python/checks/hotspots/HttpOnlyCookieCheck <init> ()V 452 <appendix> member <vmtarget> ; # org/sonar/python/checks/hotspots/HttpOnlyCookieCheck$$Lambda+0x0000013c9c4ee0a0
instanceKlass  @bci org/sonar/python/checks/hotspots/HttpOnlyCookieCheck <init> ()V 430 <appendix> member <vmtarget> ; # org/sonar/python/checks/hotspots/HttpOnlyCookieCheck$$Lambda+0x0000013c9c4ede48
instanceKlass  @bci org/sonar/python/checks/hotspots/HttpOnlyCookieCheck <init> ()V 408 <appendix> member <vmtarget> ; # org/sonar/python/checks/hotspots/HttpOnlyCookieCheck$$Lambda+0x0000013c9c4edbf0
instanceKlass  @bci org/sonar/python/checks/hotspots/HttpOnlyCookieCheck <init> ()V 386 <appendix> member <vmtarget> ; # org/sonar/python/checks/hotspots/HttpOnlyCookieCheck$$Lambda+0x0000013c9c4ed998
instanceKlass  @bci org/sonar/python/checks/FastAPIPathParametersCheck <clinit> ()V 47 <appendix> argL0 ; # org/sonar/python/checks/FastAPIPathParametersCheck$$Lambda+0x0000013c9c4ed758
instanceKlass org/sonar/python/checks/hotspots/StrongCryptographicKeysCheck$OpenSslCryptoModuleCallValidator
instanceKlass  @bci org/sonar/python/checks/hotspots/StrongCryptographicKeysCheck <clinit> ()V 148 <appendix> argL0 ; # org/sonar/python/checks/hotspots/StrongCryptographicKeysCheck$$Lambda+0x0000013c9c4ed300
instanceKlass  @bci org/sonar/python/checks/hotspots/StrongCryptographicKeysCheck <clinit> ()V 129 <appendix> argL0 ; # org/sonar/python/checks/hotspots/StrongCryptographicKeysCheck$$Lambda+0x0000013c9c4ed0d0
instanceKlass  @bci org/sonar/python/checks/hotspots/StrongCryptographicKeysCheck <clinit> ()V 110 <appendix> argL0 ; # org/sonar/python/checks/hotspots/StrongCryptographicKeysCheck$$Lambda+0x0000013c9c4ecea0
instanceKlass  @bci org/sonar/python/checks/hotspots/StrongCryptographicKeysCheck <clinit> ()V 91 <appendix> argL0 ; # org/sonar/python/checks/hotspots/StrongCryptographicKeysCheck$$Lambda+0x0000013c9c4ecc70
instanceKlass  @bci org/sonar/python/checks/hotspots/StrongCryptographicKeysCheck <clinit> ()V 72 <appendix> argL0 ; # org/sonar/python/checks/hotspots/StrongCryptographicKeysCheck$$Lambda+0x0000013c9c4eca40
instanceKlass  @bci org/sonar/python/checks/hotspots/StrongCryptographicKeysCheck <clinit> ()V 53 <appendix> argL0 ; # org/sonar/python/checks/hotspots/StrongCryptographicKeysCheck$$Lambda+0x0000013c9c4ec810
instanceKlass  @bci org/sonar/python/checks/hotspots/StrongCryptographicKeysCheck <clinit> ()V 34 <appendix> argL0 ; # org/sonar/python/checks/hotspots/StrongCryptographicKeysCheck$$Lambda+0x0000013c9c4ec5e0
instanceKlass  @bci org/sonar/python/checks/hotspots/StrongCryptographicKeysCheck <clinit> ()V 15 <appendix> argL0 ; # org/sonar/python/checks/hotspots/StrongCryptographicKeysCheck$$Lambda+0x0000013c9c4ec3b0
instanceKlass org/sonar/plugins/python/api/PythonInputFileContext
instanceKlass  @bci org/sonar/python/checks/BeautifulSoupDeprecatedNamesCheck <clinit> ()V 375 <appendix> argL0 ; # org/sonar/python/checks/BeautifulSoupDeprecatedNamesCheck$$Lambda+0x0000013c9c4ebc98
instanceKlass  @bci org/sonar/python/checks/BeautifulSoupDeprecatedNamesCheck <clinit> ()V 362 <appendix> argL0 ; # org/sonar/python/checks/BeautifulSoupDeprecatedNamesCheck$$Lambda+0x0000013c9c4eba58
instanceKlass  @bci org/sonar/python/checks/BeautifulSoupDeprecatedNamesCheck <clinit> ()V 352 <appendix> argL0 ; # org/sonar/python/checks/BeautifulSoupDeprecatedNamesCheck$$Lambda+0x0000013c9c4eb808
instanceKlass org/sonar/sslr/channel/ChannelDispatcher$Builder
instanceKlass com/sonar/sslr/api/Preprocessor
instanceKlass com/sonar/sslr/impl/channel/PunctuatorChannel$PunctuatorComparator
instanceKlass com/sonar/sslr/api/Token$Builder
instanceKlass com/sonar/sslr/api/Token
instanceKlass com/sonar/sslr/impl/channel/RegexpChannelBuilder
instanceKlass org/sonar/sslr/channel/CodeReaderConfiguration
instanceKlass com/sonar/sslr/impl/Lexer$Builder
instanceKlass com/sonar/sslr/impl/Lexer
instanceKlass org/sonar/sslr/channel/Channel
instanceKlass org/sonar/python/lexer/PythonLexer
instanceKlass org/sonar/sslr/internal/vm/NextNotExpression
instanceKlass org/sonar/sslr/internal/vm/NextExpression
instanceKlass com/sonar/sslr/impl/ast/SkipFromAstIfOnlyOneChild
instanceKlass org/sonar/sslr/internal/vm/OneOrMoreExpression
instanceKlass org/sonar/sslr/internal/vm/OptionalExpression
instanceKlass org/sonar/sslr/internal/vm/SequenceExpression
instanceKlass org/sonar/sslr/internal/vm/ZeroOrMoreExpression
instanceKlass org/sonar/sslr/internal/vm/Instruction
instanceKlass org/sonar/sslr/internal/vm/FirstOfExpression
instanceKlass org/sonar/sslr/grammar/GrammarBuilder$RuleBuilder
instanceKlass com/sonar/sslr/impl/ast/NeverSkipFromAst
instanceKlass com/sonar/sslr/impl/matcher/RuleDefinition
instanceKlass org/sonar/sslr/internal/vm/MemoParsingExpression
instanceKlass com/sonar/sslr/api/AstNodeSkippingPolicy
instanceKlass org/sonar/sslr/grammar/GrammarRuleBuilder
instanceKlass org/sonar/sslr/internal/vm/CompilableGrammarRule
instanceKlass com/sonar/sslr/api/Rule
instanceKlass org/sonar/sslr/internal/matchers/Matcher
instanceKlass com/sonar/sslr/api/Grammar
instanceKlass org/sonar/sslr/internal/vm/ParsingExpression
instanceKlass com/sonar/sslr/impl/matcher/Matcher
instanceKlass org/sonar/sslr/grammar/GrammarBuilder
instanceKlass org/sonar/sslr/grammar/GrammarRuleKey
instanceKlass org/sonar/python/api/PythonGrammarBuilder
instanceKlass org/sonar/python/lexer/LexerState
instanceKlass com/sonar/sslr/impl/Parser
instanceKlass org/sonar/python/parser/PythonParser
instanceKlass  @bci java/util/regex/Pattern HorizWS ()Ljava/util/regex/Pattern$BmpCharPredicate; 0 <appendix> argL0 ; # java/util/regex/Pattern$$Lambda+0x0000013c9c269e40
instanceKlass org/sonar/plugins/python/api/cfg/CfgBlock
instanceKlass  @bci java/util/stream/Collectors toUnmodifiableSet ()Ljava/util/stream/Collector; 19 <appendix> argL0 ; # java/util/stream/Collectors$$Lambda+0x0000013c9c269c00
instanceKlass  @bci java/util/stream/Collectors toUnmodifiableSet ()Ljava/util/stream/Collector; 14 <appendix> argL0 ; # java/util/stream/Collectors$$Lambda+0x0000013c9c2699b8
instanceKlass  @bci java/util/stream/Collectors toUnmodifiableSet ()Ljava/util/stream/Collector; 9 <appendix> argL0 ; # java/util/stream/Collectors$$Lambda+0x0000013c9c269788
instanceKlass  @bci java/util/stream/Collectors toUnmodifiableSet ()Ljava/util/stream/Collector; 4 <appendix> argL0 ; # java/util/stream/Collectors$$Lambda+0x0000013c9c269568
instanceKlass  @bci org/sonarsource/analyzer/commons/appsec/CleartextProtocolFilter <clinit> ()V 235 <appendix> argL0 ; # org/sonarsource/analyzer/commons/appsec/CleartextProtocolFilter$$Lambda+0x0000013c9c4dfc38
instanceKlass java/util/TreeMap$TreeMapSpliterator
instanceKlass org/sonarsource/analyzer/commons/appsec/CleartextProtocolFilter
instanceKlass  @bci org/sonar/python/checks/hotspots/FastHashingOrPlainTextCheck <init> ()V 43 <appendix> member <vmtarget> ; # org/sonar/python/checks/hotspots/FastHashingOrPlainTextCheck$$Lambda+0x0000013c9c4df5d8
instanceKlass  @bci org/sonar/python/checks/hotspots/FastHashingOrPlainTextCheck <init> ()V 18 <appendix> member <vmtarget> ; # org/sonar/python/checks/hotspots/FastHashingOrPlainTextCheck$$Lambda+0x0000013c9c4df3a0
instanceKlass  @bci org/sonar/python/checks/hotspots/FastHashingOrPlainTextCheck <clinit> ()V 383 <appendix> argL0 ; # org/sonar/python/checks/hotspots/FastHashingOrPlainTextCheck$$Lambda+0x0000013c9c4df170
instanceKlass  @bci org/sonar/python/checks/hotspots/FastHashingOrPlainTextCheck <clinit> ()V 364 <appendix> argL0 ; # org/sonar/python/checks/hotspots/FastHashingOrPlainTextCheck$$Lambda+0x0000013c9c4def40
instanceKlass  @bci org/sonar/python/checks/hotspots/FastHashingOrPlainTextCheck <clinit> ()V 345 <appendix> argL0 ; # org/sonar/python/checks/hotspots/FastHashingOrPlainTextCheck$$Lambda+0x0000013c9c4ded10
instanceKlass  @bci org/sonar/python/checks/hotspots/FastHashingOrPlainTextCheck <clinit> ()V 326 <appendix> argL0 ; # org/sonar/python/checks/hotspots/FastHashingOrPlainTextCheck$$Lambda+0x0000013c9c4deae0
instanceKlass  @bci org/sonar/python/checks/hotspots/FastHashingOrPlainTextCheck <clinit> ()V 254 <appendix> argL0 ; # org/sonar/python/checks/hotspots/FastHashingOrPlainTextCheck$$Lambda+0x0000013c9c4de460
instanceKlass  @bci org/sonar/python/checks/hotspots/FastHashingOrPlainTextCheck <clinit> ()V 235 <appendix> argL0 ; # org/sonar/python/checks/hotspots/FastHashingOrPlainTextCheck$$Lambda+0x0000013c9c4de230
instanceKlass  @bci org/sonar/python/checks/hotspots/FastHashingOrPlainTextCheck <clinit> ()V 216 <appendix> argL0 ; # org/sonar/python/checks/hotspots/FastHashingOrPlainTextCheck$$Lambda+0x0000013c9c4de000
instanceKlass  @bci org/sonar/python/checks/hotspots/FastHashingOrPlainTextCheck <clinit> ()V 197 <appendix> argL0 ; # org/sonar/python/checks/hotspots/FastHashingOrPlainTextCheck$$Lambda+0x0000013c9c4d3c50
instanceKlass  @bci org/sonar/python/checks/hotspots/FastHashingOrPlainTextCheck <clinit> ()V 178 <appendix> argL0 ; # org/sonar/python/checks/hotspots/FastHashingOrPlainTextCheck$$Lambda+0x0000013c9c4d3a20
instanceKlass  @bci org/sonar/python/checks/hotspots/FastHashingOrPlainTextCheck <clinit> ()V 159 <appendix> argL0 ; # org/sonar/python/checks/hotspots/FastHashingOrPlainTextCheck$$Lambda+0x0000013c9c4d37f0
instanceKlass  @bci org/sonar/python/checks/hotspots/FastHashingOrPlainTextCheck <clinit> ()V 140 <appendix> argL0 ; # org/sonar/python/checks/hotspots/FastHashingOrPlainTextCheck$$Lambda+0x0000013c9c4d35c0
instanceKlass  @bci org/sonar/python/checks/hotspots/FastHashingOrPlainTextCheck <clinit> ()V 120 <appendix> argL0 ; # org/sonar/python/checks/hotspots/FastHashingOrPlainTextCheck$$Lambda+0x0000013c9c4d3390
instanceKlass  @bci org/sonar/python/checks/hotspots/FastHashingOrPlainTextCheck <clinit> ()V 101 <appendix> argL0 ; # org/sonar/python/checks/hotspots/FastHashingOrPlainTextCheck$$Lambda+0x0000013c9c4d3160
instanceKlass  @bci org/sonar/python/checks/hotspots/FastHashingOrPlainTextCheck <clinit> ()V 82 <appendix> argL0 ; # org/sonar/python/checks/hotspots/FastHashingOrPlainTextCheck$$Lambda+0x0000013c9c4d2f30
instanceKlass  @bci org/sonar/python/checks/hotspots/FastHashingOrPlainTextCheck <clinit> ()V 63 <appendix> argL0 ; # org/sonar/python/checks/hotspots/FastHashingOrPlainTextCheck$$Lambda+0x0000013c9c4d2d00
instanceKlass  @bci org/sonar/python/checks/hotspots/FastHashingOrPlainTextCheck <clinit> ()V 44 <appendix> argL0 ; # org/sonar/python/checks/hotspots/FastHashingOrPlainTextCheck$$Lambda+0x0000013c9c4d2ad0
instanceKlass org/sonar/python/checks/hotspots/CommonValidationUtils$CallValidator
instanceKlass  @bci org/sonar/plugins/python/api/types/v2/UnknownType$UnresolvedImportType equals (Ljava/lang/Object;)Z 2 <adapter> ; # java/lang/invoke/LambdaForm$MH+0x0000013c9c4dd400
# instanceKlass java/lang/invoke/LambdaForm$MH+0x0000013c9c4dd000
instanceKlass  @bci org/sonar/plugins/python/api/types/v2/UnknownType$UnresolvedImportType equals (Ljava/lang/Object;)Z 2 <appendix> form vmentry <vmtarget> ; # java/lang/invoke/LambdaForm$MH+0x0000013c9c4dcc00
instanceKlass  @bci org/sonar/python/checks/AwsHardcodedRegionCheck$ClientMethod equals (Ljava/lang/Object;)Z 2 <appendix> argL1 form vmentry <vmtarget> ; # java/lang/invoke/LambdaForm$MH+0x0000013c9c4dc800
instanceKlass  @bci org/sonar/plugins/python/api/types/v2/FullyQualifiedNameHelper getFullyQualifiedName (Lorg/sonar/plugins/python/api/types/v2/PythonType;)Ljava/util/Optional; 11 <appendix> form names 11 function resolvedHandle form vmentry <vmtarget> ; # java/lang/invoke/LambdaForm$MH+0x0000013c9c4dc400
# instanceKlass java/lang/invoke/LambdaForm$DMH+0x0000013c9c4dc000
# instanceKlass java/lang/invoke/LambdaForm$MH+0x0000013c9c4dbc00
# instanceKlass java/lang/invoke/LambdaForm$MH+0x0000013c9c4db800
# instanceKlass java/lang/invoke/LambdaForm$MH+0x0000013c9c4db400
# instanceKlass java/lang/invoke/LambdaForm$MH+0x0000013c9c4db000
# instanceKlass java/lang/invoke/LambdaForm$MH+0x0000013c9c4dac00
instanceKlass  @bci org/sonar/plugins/python/api/types/v2/UnknownType$UnresolvedImportType hashCode ()I 1 <adapter> ; # java/lang/invoke/LambdaForm$MH+0x0000013c9c4da800
instanceKlass  @bci org/sonar/plugins/python/api/types/v2/UnknownType$UnresolvedImportType hashCode ()I 1 <appendix> form vmentry <vmtarget> ; # java/lang/invoke/LambdaForm$MH+0x0000013c9c4da400
# instanceKlass java/lang/invoke/LambdaForm$MH+0x0000013c9c4da000
# instanceKlass java/lang/invoke/LambdaForm$MH+0x0000013c9c4d9c00
instanceKlass  @bci org/sonar/plugins/python/api/types/v2/FullyQualifiedNameHelper getFullyQualifiedName (Lorg/sonar/plugins/python/api/types/v2/PythonType;)Ljava/util/Optional; 11 <appendix> argL4 form names 4 function resolvedHandle form vmentry <vmtarget> ; # java/lang/invoke/LambdaForm$DMH+0x0000013c9c4d9800
instanceKlass  @bci org/sonar/plugins/python/api/types/v2/UnknownType$UnresolvedImportType hashCode ()I 1 <appendix> argL2 form vmentry <vmtarget> ; # java/lang/invoke/LambdaForm$MH+0x0000013c9c4d9400
instanceKlass  @bci java/lang/runtime/ObjectMethods bootstrap (Ljava/lang/invoke/MethodHandles$Lookup;Ljava/lang/String;Ljava/lang/invoke/TypeDescriptor;Ljava/lang/Class;Ljava/lang/String;[Ljava/lang/invoke/MethodHandle;)Ljava/lang/Object; 37 <appendix> argL0 ; # java/lang/runtime/ObjectMethods$$Lambda+0x0000013c9c268b00
instanceKlass java/lang/invoke/DirectMethodHandle$1
# instanceKlass java/lang/invoke/LambdaForm$DMH+0x0000013c9c4d9000
# instanceKlass java/lang/invoke/LambdaForm$DMH+0x0000013c9c4d8c00
# instanceKlass java/lang/invoke/LambdaForm$DMH+0x0000013c9c4d8800
# instanceKlass java/lang/invoke/LambdaForm$DMH+0x0000013c9c4d8400
# instanceKlass java/lang/invoke/LambdaForm$DMH+0x0000013c9c4d8000
# instanceKlass java/lang/invoke/LambdaForm$DMH+0x0000013c9c4d7c00
# instanceKlass java/lang/invoke/LambdaForm$DMH+0x0000013c9c4d7800
# instanceKlass java/lang/invoke/LambdaForm$DMH+0x0000013c9c4d7400
# instanceKlass java/lang/invoke/LambdaForm$DMH+0x0000013c9c4d7000
# instanceKlass java/lang/invoke/LambdaForm$DMH+0x0000013c9c4d6c00
instanceKlass java/lang/runtime/ObjectMethods$1
# instanceKlass java/lang/invoke/LambdaForm$MH+0x0000013c9c4d6800
# instanceKlass java/lang/invoke/LambdaForm$MH+0x0000013c9c4d6400
# instanceKlass java/lang/invoke/LambdaForm$MH+0x0000013c9c4d6000
# instanceKlass java/lang/invoke/LambdaForm$MH+0x0000013c9c4d5c00
# instanceKlass java/lang/invoke/LambdaForm$MH+0x0000013c9c4d5800
# instanceKlass java/lang/invoke/LambdaForm$MH+0x0000013c9c4d5400
# instanceKlass java/lang/invoke/LambdaForm$MH+0x0000013c9c4d5000
instanceKlass java/lang/invoke/MethodHandleImpl$Makers$2
instanceKlass java/lang/invoke/MethodHandleImpl$Makers$1
instanceKlass java/lang/invoke/MethodHandleImpl$Makers
# instanceKlass java/lang/invoke/LambdaForm$DMH+0x0000013c9c4d4c00
instanceKlass java/lang/runtime/ObjectMethods
instanceKlass  @bci org/sonar/python/checks/TestClientContentParameterCheck <clinit> ()V 40 <appendix> argL0 ; # org/sonar/python/checks/TestClientContentParameterCheck$$Lambda+0x0000013c9c4d2258
instanceKlass  @bci org/sonar/python/checks/TestClientContentParameterCheck <clinit> ()V 30 <appendix> argL0 ; # org/sonar/python/checks/TestClientContentParameterCheck$$Lambda+0x0000013c9c4d2018
instanceKlass  @bci org/sonar/python/checks/HardcodedCredentialsCallCheck$CredentialMethodsLoader load ()Ljava/util/Map; 51 <appendix> argL0 ; # org/sonar/python/checks/HardcodedCredentialsCallCheck$CredentialMethodsLoader$$Lambda+0x0000013c9c4d1dd8
instanceKlass  @bci org/sonar/python/checks/HardcodedCredentialsCallCheck$CredentialMethodsLoader load ()Ljava/util/Map; 26 <appendix> member <vmtarget> ; # org/sonar/python/checks/HardcodedCredentialsCallCheck$CredentialMethodsLoader$$Lambda+0x0000013c9c4d1b90
instanceKlass  @bci org/sonar/python/checks/HardcodedCredentialsCallCheck$CredentialMethodsLoader loadMethodsFromResource (Ljava/lang/String;)[Lorg/sonar/python/checks/HardcodedCredentialsCallCheck$CredentialMethod; 29 <appendix> member <vmtarget> ; # org/sonar/python/checks/HardcodedCredentialsCallCheck$CredentialMethodsLoader$$Lambda+0x0000013c9c4d1968
# instanceKlass java/lang/invoke/LambdaForm$MH+0x0000013c9c4d4800
# instanceKlass java/lang/invoke/LambdaForm$MH+0x0000013c9c4d4400
instanceKlass  @bci com/google/gson/internal/ConstructorConstructor newCollectionConstructor (Ljava/lang/Class;)Lcom/google/gson/internal/ObjectConstructor; 9 <appendix> argL0 ; # com/google/gson/internal/ConstructorConstructor$$Lambda+0x0000013c9c4d1748
# instanceKlass com/google/gson/internal/reflect/ReflectionHelper$RecordSupportedHelper$$InjectedInvoker+0x0000013c9c4d4000
instanceKlass com/google/gson/internal/bind/ReflectiveTypeAdapterFactory$FieldsData
instanceKlass com/google/gson/internal/GsonTypes$ParameterizedTypeImpl
instanceKlass com/google/gson/internal/Primitives
instanceKlass com/google/gson/annotations/SerializedName
instanceKlass com/google/gson/internal/ReflectionAccessFilterHelper
instanceKlass com/google/gson/annotations/JsonAdapter
instanceKlass com/google/gson/internal/reflect/ReflectionHelper$RecordHelper
instanceKlass com/google/gson/internal/reflect/ReflectionHelper
instanceKlass com/google/gson/internal/GsonTypes$GenericArrayTypeImpl
instanceKlass com/google/gson/internal/GsonTypes
instanceKlass com/google/gson/reflect/TypeToken
instanceKlass  @bci org/sonar/python/checks/HardcodedCredentialsCallCheck$CredentialMethodsLoader loadMethodsFromResource (Ljava/lang/String;)[Lorg/sonar/python/checks/HardcodedCredentialsCallCheck$CredentialMethod; 20 <appendix> member <vmtarget> ; # org/sonar/python/checks/HardcodedCredentialsCallCheck$CredentialMethodsLoader$$Lambda+0x0000013c9c4cefd8
instanceKlass  @bci org/sonar/python/checks/HardcodedCredentialsCallCheck$CredentialMethodsLoader loadMethodsFromResource (Ljava/lang/String;)[Lorg/sonar/python/checks/HardcodedCredentialsCallCheck$CredentialMethod; 11 <appendix> argL0 ; # org/sonar/python/checks/HardcodedCredentialsCallCheck$CredentialMethodsLoader$$Lambda+0x0000013c9c4ced98
instanceKlass  @bci org/sonar/python/checks/HardcodedCredentialsCallCheck$CredentialMethodsLoader load ()Ljava/util/Map; 6 <appendix> member <vmtarget> ; # org/sonar/python/checks/HardcodedCredentialsCallCheck$CredentialMethodsLoader$$Lambda+0x0000013c9c4ceb50
instanceKlass com/google/gson/internal/bind/ReflectiveTypeAdapterFactory$BoundField
instanceKlass com/google/gson/internal/bind/ReflectiveTypeAdapterFactory
instanceKlass com/google/gson/internal/bind/MapTypeAdapterFactory
instanceKlass com/google/gson/internal/bind/CollectionTypeAdapterFactory
instanceKlass com/google/gson/internal/bind/ArrayTypeAdapter$1
instanceKlass com/google/gson/internal/bind/DefaultDateTypeAdapter$1
instanceKlass com/google/gson/internal/bind/NumberTypeAdapter$1
instanceKlass com/google/gson/internal/sql/SqlTimestampTypeAdapter$1
instanceKlass com/google/gson/internal/sql/SqlTimeTypeAdapter$1
instanceKlass com/google/gson/internal/sql/SqlDateTypeAdapter$1
instanceKlass com/google/gson/internal/bind/DefaultDateTypeAdapter$DateType
instanceKlass com/google/gson/internal/sql/SqlTypesSupport
instanceKlass com/google/gson/internal/bind/ObjectTypeAdapter$1
instanceKlass com/google/gson/internal/bind/EnumTypeAdapter$1
instanceKlass com/google/gson/internal/bind/TypeAdapters$32
instanceKlass com/google/gson/internal/bind/TypeAdapters$33
instanceKlass com/google/gson/internal/bind/TypeAdapters$31
instanceKlass com/google/gson/internal/bind/TypeAdapters$30
instanceKlass com/google/gson/internal/bind/TypeAdapters
instanceKlass com/google/gson/internal/Excluder
instanceKlass com/google/gson/internal/bind/JsonAdapterAnnotationTypeAdapterFactory$DummyTypeAdapterFactory
instanceKlass com/google/gson/internal/bind/JsonAdapterAnnotationTypeAdapterFactory
instanceKlass com/google/gson/internal/ObjectConstructor
instanceKlass com/google/gson/internal/ConstructorConstructor
instanceKlass com/google/gson/FormattingStyle
instanceKlass com/google/gson/ToNumberStrategy
instanceKlass com/google/gson/FieldNamingStrategy
instanceKlass com/google/gson/GsonBuilder
instanceKlass com/google/gson/TypeAdapterFactory
instanceKlass com/google/gson/Gson
instanceKlass org/sonar/python/checks/HardcodedCredentialsCallCheck$CredentialMethodsLoader
instanceKlass org/sonar/python/types/v2/matchers/IsAnyTypeInUnionSatisfying
instanceKlass org/sonar/python/types/v2/matchers/InternalTypeMatchers
instanceKlass org/sonar/python/checks/IncompatibleOperands$SpecialMethodNames
instanceKlass  @bci org/sonar/plugins/python/api/types/v2/matchers/TypeMatchers any (Ljava/util/stream/Stream;)Lorg/sonar/plugins/python/api/types/v2/matchers/TypeMatcher; 1 <appendix> argL0 ; # org/sonar/plugins/python/api/types/v2/matchers/TypeMatchers$$Lambda+0x0000013c9c4bf538
instanceKlass  @bci org/sonar/python/checks/FastAPIRedundantResponseModelCheck <clinit> ()V 48 <appendix> argL0 ; # org/sonar/python/checks/FastAPIRedundantResponseModelCheck$$Lambda+0x0000013c9c4bf2f8
instanceKlass  @bci org/sonar/python/checks/FastAPIRedundantResponseModelCheck <clinit> ()V 30 <appendix> argL0 ; # org/sonar/python/checks/FastAPIRedundantResponseModelCheck$$Lambda+0x0000013c9c4bf0b8
instanceKlass  @bci org/sonar/python/checks/hotspots/PseudoRandomCheck getFunctionsFullyQualifiedNames ()Ljava/util/Set; 8 <appendix> argL0 ; # org/sonar/python/checks/hotspots/PseudoRandomCheck$$Lambda+0x0000013c9c4bea58
instanceKlass org/sonar/plugins/python/api/symbols/Symbol
instanceKlass  @bci org/sonar/python/checks/AbstractStringFormatCheck <clinit> ()V 0 <appendix> argL0 ; # org/sonar/python/checks/AbstractStringFormatCheck$$Lambda+0x0000013c9c4be3e0
instanceKlass org/sonar/python/types/v2/matchers/IsFunctionOwnerSatisfyingPredicate
instanceKlass  @bci org/sonar/python/checks/hotspots/HashingDataCheck <clinit> ()V 485 <appendix> argL0 ; # org/sonar/python/checks/hotspots/HashingDataCheck$$Lambda+0x0000013c9c4bdf70
instanceKlass  @bci org/sonar/python/checks/hotspots/HashingDataCheck <clinit> ()V 424 <appendix> argL0 ; # org/sonar/python/checks/hotspots/HashingDataCheck$$Lambda+0x0000013c9c4bdd30
instanceKlass org/apache/commons/text/similarity/LevenshteinDistance
instanceKlass org/apache/commons/text/similarity/EditDistance
instanceKlass org/apache/commons/text/similarity/SimilarityScore
instanceKlass org/apache/commons/text/similarity/ObjectSimilarityScore
instanceKlass  @bci org/sonar/python/checks/VerifiedSslTlsCertificateCheck <clinit> ()V 278 <appendix> argL0 ; # org/sonar/python/checks/VerifiedSslTlsCertificateCheck$$Lambda+0x0000013c9c4bd230
instanceKlass  @bci org/sonar/python/checks/VerifiedSslTlsCertificateCheck <clinit> ()V 270 <appendix> argL0 ; # org/sonar/python/checks/VerifiedSslTlsCertificateCheck$$Lambda+0x0000013c9c4bcfe0
instanceKlass  @bci org/sonar/python/checks/VerifiedSslTlsCertificateCheck <clinit> ()V 262 <appendix> argL0 ; # org/sonar/python/checks/VerifiedSslTlsCertificateCheck$$Lambda+0x0000013c9c4bcd90
instanceKlass  @bci org/sonar/python/checks/VerifiedSslTlsCertificateCheck <clinit> ()V 254 <appendix> argL0 ; # org/sonar/python/checks/VerifiedSslTlsCertificateCheck$$Lambda+0x0000013c9c4bcb40
instanceKlass  @bci org/sonar/python/checks/VerifiedSslTlsCertificateCheck <clinit> ()V 246 <appendix> argL0 ; # org/sonar/python/checks/VerifiedSslTlsCertificateCheck$$Lambda+0x0000013c9c4bc8f0
instanceKlass  @bci java/util/regex/CharPredicates PUNCTUATION ()Ljava/util/regex/Pattern$CharPredicate; 0 <appendix> argL0 ; # java/util/regex/CharPredicates$$Lambda+0x0000013c9c267718
instanceKlass  @bci org/sonar/python/checks/SpecialMethodParamListCheck <clinit> ()V 881 <appendix> argL0 ; # org/sonar/python/checks/SpecialMethodParamListCheck$$Lambda+0x0000013c9c4bc6b0
instanceKlass  @bci org/sonar/python/checks/SpecialMethodParamListCheck <clinit> ()V 846 <appendix> argL0 ; # org/sonar/python/checks/SpecialMethodParamListCheck$$Lambda+0x0000013c9c4bc470
instanceKlass  @bci org/sonar/python/checks/SpecialMethodParamListCheck <clinit> ()V 811 <appendix> argL0 ; # org/sonar/python/checks/SpecialMethodParamListCheck$$Lambda+0x0000013c9c4bc230
instanceKlass  @bci org/sonar/python/checks/SpecialMethodParamListCheck <clinit> ()V 776 <appendix> argL0 ; # org/sonar/python/checks/SpecialMethodParamListCheck$$Lambda+0x0000013c9c4bbff0
instanceKlass  @bci java/util/stream/Collectors toMap (Ljava/util/function/Function;Ljava/util/function/Function;Ljava/util/function/BinaryOperator;)Ljava/util/stream/Collector; 3 <appendix> argL0 ; # java/util/stream/Collectors$$Lambda+0x0000013c9c2674f8
instanceKlass  @bci org/sonar/python/checks/hotspots/AbstractCookieFlagCheck$MethodArgumentsToCheckRegistry <init> ([Lorg/sonar/python/checks/hotspots/AbstractCookieFlagCheck$MethodArgumentsToCheck;)V 51 <appendix> argL0 ; # org/sonar/python/checks/hotspots/AbstractCookieFlagCheck$MethodArgumentsToCheckRegistry$$Lambda+0x0000013c9c4bbda8
instanceKlass  @bci org/sonar/python/checks/hotspots/AbstractCookieFlagCheck$MethodArgumentsToCheckRegistry <init> ([Lorg/sonar/python/checks/hotspots/AbstractCookieFlagCheck$MethodArgumentsToCheck;)V 43 <appendix> argL0 ; # org/sonar/python/checks/hotspots/AbstractCookieFlagCheck$MethodArgumentsToCheckRegistry$$Lambda+0x0000013c9c4bbb68
instanceKlass  @bci java/util/stream/Collectors lambda$groupingBy$53 (Ljava/util/function/Function;Ljava/util/function/Supplier;Ljava/util/function/BiConsumer;Ljava/util/Map;Ljava/lang/Object;)V 20 <appendix> member <vmtarget> ; # java/util/stream/Collectors$$Lambda+0x0000013c9c2672b0
instanceKlass  @bci org/sonar/python/checks/hotspots/AbstractCookieFlagCheck$MethodArgumentsToCheckRegistry <init> ([Lorg/sonar/python/checks/hotspots/AbstractCookieFlagCheck$MethodArgumentsToCheck;)V 19 <appendix> argL0 ; # org/sonar/python/checks/hotspots/AbstractCookieFlagCheck$MethodArgumentsToCheckRegistry$$Lambda+0x0000013c9c4bb928
instanceKlass  @bci org/sonar/python/checks/hotspots/AbstractCookieFlagCheck$MethodArgumentsToCheckRegistry <init> ([Lorg/sonar/python/checks/hotspots/AbstractCookieFlagCheck$MethodArgumentsToCheck;)V 9 <appendix> argL0 ; # org/sonar/python/checks/hotspots/AbstractCookieFlagCheck$MethodArgumentsToCheckRegistry$$Lambda+0x0000013c9c4bb6d8
instanceKlass  @bci org/sonar/python/checks/hotspots/SecureCookieCheck <init> ()V 672 <appendix> member <vmtarget> ; # org/sonar/python/checks/hotspots/SecureCookieCheck$$Lambda+0x0000013c9c4bb480
instanceKlass  @bci org/sonar/python/checks/hotspots/SecureCookieCheck <init> ()V 650 <appendix> member <vmtarget> ; # org/sonar/python/checks/hotspots/SecureCookieCheck$$Lambda+0x0000013c9c4bb228
instanceKlass  @bci org/sonar/python/checks/hotspots/SecureCookieCheck <init> ()V 628 <appendix> member <vmtarget> ; # org/sonar/python/checks/hotspots/SecureCookieCheck$$Lambda+0x0000013c9c4bafd0
instanceKlass  @bci org/sonar/python/checks/hotspots/SecureCookieCheck <init> ()V 606 <appendix> member <vmtarget> ; # org/sonar/python/checks/hotspots/SecureCookieCheck$$Lambda+0x0000013c9c4bad78
instanceKlass  @bci org/sonar/python/checks/hotspots/SecureCookieCheck <init> ()V 584 <appendix> member <vmtarget> ; # org/sonar/python/checks/hotspots/SecureCookieCheck$$Lambda+0x0000013c9c4bab20
instanceKlass  @bci org/sonar/python/checks/hotspots/SecureCookieCheck <init> ()V 562 <appendix> member <vmtarget> ; # org/sonar/python/checks/hotspots/SecureCookieCheck$$Lambda+0x0000013c9c4ba8c8
instanceKlass  @bci org/sonar/python/checks/hotspots/SecureCookieCheck <init> ()V 540 <appendix> member <vmtarget> ; # org/sonar/python/checks/hotspots/SecureCookieCheck$$Lambda+0x0000013c9c4ba670
instanceKlass  @bci org/sonar/python/checks/hotspots/SecureCookieCheck <init> ()V 518 <appendix> member <vmtarget> ; # org/sonar/python/checks/hotspots/SecureCookieCheck$$Lambda+0x0000013c9c4ba418
instanceKlass  @bci org/sonar/python/checks/hotspots/SecureCookieCheck <init> ()V 496 <appendix> member <vmtarget> ; # org/sonar/python/checks/hotspots/SecureCookieCheck$$Lambda+0x0000013c9c4ba1c0
instanceKlass  @bci org/sonar/python/checks/hotspots/SecureCookieCheck <init> ()V 474 <appendix> member <vmtarget> ; # org/sonar/python/checks/hotspots/SecureCookieCheck$$Lambda+0x0000013c9c4b9f68
instanceKlass  @bci org/sonar/python/checks/hotspots/SecureCookieCheck <init> ()V 452 <appendix> member <vmtarget> ; # org/sonar/python/checks/hotspots/SecureCookieCheck$$Lambda+0x0000013c9c4b9d10
instanceKlass  @bci org/sonar/python/checks/hotspots/SecureCookieCheck <init> ()V 430 <appendix> member <vmtarget> ; # org/sonar/python/checks/hotspots/SecureCookieCheck$$Lambda+0x0000013c9c4b9ab8
instanceKlass  @bci org/sonar/python/checks/hotspots/SecureCookieCheck <init> ()V 408 <appendix> member <vmtarget> ; # org/sonar/python/checks/hotspots/SecureCookieCheck$$Lambda+0x0000013c9c4b9860
instanceKlass  @bci org/sonar/python/checks/hotspots/SecureCookieCheck <init> ()V 386 <appendix> member <vmtarget> ; # org/sonar/python/checks/hotspots/SecureCookieCheck$$Lambda+0x0000013c9c4b9608
instanceKlass  @bci org/sonar/python/checks/hotspots/AbstractCookieFlagCheck$MethodArgumentsToCheck <init> (Ljava/lang/String;Ljava/lang/String;Ljava/lang/String;ILjava/util/function/Predicate;)V 26 <appendix> member <vmtarget> ; # org/sonar/python/checks/hotspots/AbstractCookieFlagCheck$MethodArgumentsToCheck$$Lambda+0x0000013c9c4b93c0
instanceKlass  @bci org/sonar/python/checks/hotspots/AbstractCookieFlagCheck$MethodArgumentsToCheck <init> (Ljava/lang/String;Ljava/lang/String;Ljava/lang/String;I)V 6 <appendix> argL0 ; # org/sonar/python/checks/hotspots/AbstractCookieFlagCheck$MethodArgumentsToCheck$$Lambda+0x0000013c9c4b9170
instanceKlass org/sonar/python/checks/hotspots/AbstractCookieFlagCheck$MethodArgumentsToCheck
instanceKlass org/sonar/python/checks/hotspots/AbstractCookieFlagCheck$MethodArgumentsToCheckRegistry
instanceKlass  @bci org/sonar/python/checks/ExceptionNotThrownCheck <clinit> ()V 29 <appendix> argL0 ; # org/sonar/python/checks/ExceptionNotThrownCheck$$Lambda+0x0000013c9c4b8678
instanceKlass  @bci org/sonar/python/checks/ExceptionNotThrownCheck <clinit> ()V 19 <appendix> argL0 ; # org/sonar/python/checks/ExceptionNotThrownCheck$$Lambda+0x0000013c9c4b8438
instanceKlass org/sonar/python/semantic/BuiltinSymbols
instanceKlass org/sonar/python/types/v2/TypeCheckMap
instanceKlass org/sonar/plugins/python/api/tree/CellMagicStatement
instanceKlass org/sonar/plugins/python/api/tree/DynamicObjectInfoStatement
instanceKlass org/sonar/plugins/python/api/tree/LineMagic
instanceKlass org/sonar/plugins/python/api/tree/KeyValuePattern
instanceKlass org/sonar/plugins/python/api/tree/KeyValuePair
instanceKlass org/sonar/plugins/python/api/tree/AssignmentExpression
instanceKlass org/sonar/plugins/python/api/tree/UnaryExpression
instanceKlass org/sonar/plugins/python/api/tree/IsExpression
instanceKlass org/sonar/plugins/python/api/tree/InExpression
instanceKlass org/sonar/plugins/python/api/tree/BinaryExpression
instanceKlass org/sonar/plugins/python/api/tree/SliceItem
instanceKlass org/sonar/plugins/python/api/tree/SliceList
instanceKlass org/sonar/plugins/python/api/tree/SliceExpression
instanceKlass org/sonar/plugins/python/api/tree/SubscriptionExpression
instanceKlass org/sonar/plugins/python/api/tree/ComprehensionIf
instanceKlass org/sonar/plugins/python/api/tree/ComprehensionFor
instanceKlass org/sonar/plugins/python/api/tree/ComprehensionClause
instanceKlass org/sonar/plugins/python/api/tree/ComprehensionExpression
instanceKlass org/sonar/plugins/python/api/tree/DictCompExpression
instanceKlass org/sonar/plugins/python/api/tree/Tuple
instanceKlass org/sonar/plugins/python/api/tree/AwaitExpression
instanceKlass org/sonar/plugins/python/api/tree/UnpackingExpression
instanceKlass org/sonar/plugins/python/api/tree/DictionaryLiteralElement
instanceKlass org/sonar/plugins/python/api/tree/ParenthesizedExpression
instanceKlass org/sonar/plugins/python/api/tree/TypeAliasStatement
instanceKlass org/sonar/plugins/python/api/tree/YieldStatement
instanceKlass org/sonar/plugins/python/api/tree/YieldExpression
instanceKlass org/sonar/plugins/python/api/tree/WithStatement
instanceKlass org/sonar/plugins/python/api/tree/WithItem
instanceKlass org/sonar/plugins/python/api/tree/WildcardPattern
instanceKlass org/sonar/plugins/python/api/tree/WhileStatement
instanceKlass org/sonar/plugins/python/api/tree/ValuePattern
instanceKlass org/sonar/plugins/python/api/tree/ParameterList
instanceKlass org/sonar/plugins/python/api/tree/TypeParam
instanceKlass org/sonar/plugins/python/api/tree/TypeParams
instanceKlass org/sonar/plugins/python/api/tree/TypeAnnotation
instanceKlass org/sonar/plugins/python/api/tree/TupleParameter
instanceKlass org/sonar/plugins/python/api/tree/Parameter
instanceKlass org/sonar/plugins/python/api/tree/AnyParameter
instanceKlass org/sonar/plugins/python/api/tree/TryStatement
instanceKlass org/sonar/plugins/python/api/tree/FormatSpecifier
instanceKlass org/sonar/plugins/python/api/tree/FormattedExpression
instanceKlass org/sonar/plugins/python/api/tree/StringElement
instanceKlass org/sonar/plugins/python/api/tree/StringLiteral
instanceKlass org/sonar/plugins/python/api/tree/StarPattern
instanceKlass org/sonar/plugins/python/api/tree/StatementList
instanceKlass org/sonar/plugins/python/api/tree/SetLiteral
instanceKlass org/sonar/plugins/python/api/tree/SequencePattern
instanceKlass org/sonar/plugins/python/api/tree/ReturnStatement
instanceKlass org/sonar/plugins/python/api/tree/ReprExpression
instanceKlass org/sonar/plugins/python/api/tree/RaiseStatement
instanceKlass org/sonar/plugins/python/api/tree/QualifiedExpression
instanceKlass org/sonar/plugins/python/api/tree/PrintStatement
instanceKlass org/sonar/plugins/python/api/tree/PassStatement
instanceKlass org/sonar/plugins/python/api/tree/OrPattern
instanceKlass org/sonar/plugins/python/api/tree/NumericLiteral
instanceKlass org/sonar/plugins/python/api/tree/NoneExpression
instanceKlass org/sonar/plugins/python/api/tree/NonlocalStatement
instanceKlass org/sonar/plugins/python/api/tree/Name
instanceKlass org/sonar/plugins/python/api/tree/HasSymbol
instanceKlass org/sonar/plugins/python/api/tree/MappingPattern
instanceKlass org/sonar/plugins/python/api/tree/MatchStatement
instanceKlass org/sonar/plugins/python/api/tree/ListLiteral
instanceKlass org/sonar/plugins/python/api/tree/LambdaExpression
instanceKlass org/sonar/plugins/python/api/tree/KeywordPattern
instanceKlass org/sonar/plugins/python/api/tree/ImportFrom
instanceKlass org/sonar/plugins/python/api/tree/ImportStatement
instanceKlass org/sonar/plugins/python/api/tree/IfStatement
instanceKlass org/sonar/plugins/python/api/tree/Guard
instanceKlass org/sonar/plugins/python/api/tree/GroupPattern
instanceKlass org/sonar/plugins/python/api/tree/GlobalStatement
instanceKlass org/sonar/plugins/python/api/tree/FunctionDef
instanceKlass org/sonar/plugins/python/api/tree/FunctionLike
instanceKlass org/sonar/plugins/python/api/tree/ForStatement
instanceKlass org/sonar/plugins/python/api/tree/FinallyClause
instanceKlass org/sonar/plugins/python/api/tree/ExpressionStatement
instanceKlass org/sonar/plugins/python/api/tree/ExpressionList
instanceKlass org/sonar/plugins/python/api/tree/ExecStatement
instanceKlass org/sonar/plugins/python/api/tree/ExceptClause
instanceKlass org/sonar/plugins/python/api/tree/ElseClause
instanceKlass org/sonar/plugins/python/api/tree/EllipsisExpression
instanceKlass org/sonar/plugins/python/api/tree/DoubleStarPattern
instanceKlass org/sonar/plugins/python/api/tree/DottedName
instanceKlass org/sonar/plugins/python/api/tree/DelStatement
instanceKlass org/sonar/plugins/python/api/tree/Decorator
instanceKlass org/sonar/plugins/python/api/tree/DictionaryLiteral
instanceKlass org/sonar/plugins/python/api/tree/CompoundAssignmentStatement
instanceKlass org/sonar/plugins/python/api/tree/ContinueStatement
instanceKlass org/sonar/plugins/python/api/tree/ConditionalExpression
instanceKlass org/sonar/plugins/python/api/tree/ClassPattern
instanceKlass org/sonar/plugins/python/api/tree/ClassDef
instanceKlass org/sonar/plugins/python/api/tree/CaseBlock
instanceKlass org/sonar/plugins/python/api/tree/CapturePattern
instanceKlass org/sonar/plugins/python/api/tree/CallExpression
instanceKlass org/sonar/plugins/python/api/tree/LiteralPattern
instanceKlass org/sonar/plugins/python/api/tree/BreakStatement
instanceKlass org/sonar/plugins/python/api/tree/AssignmentStatement
instanceKlass org/sonar/plugins/python/api/tree/AssertStatement
instanceKlass org/sonar/plugins/python/api/tree/AnnotatedAssignment
instanceKlass org/sonar/plugins/python/api/tree/Statement
instanceKlass org/sonar/plugins/python/api/tree/ArgList
instanceKlass org/sonar/plugins/python/api/tree/RegularArgument
instanceKlass org/sonar/plugins/python/api/tree/Argument
instanceKlass org/sonar/plugins/python/api/tree/AsPattern
instanceKlass org/sonar/plugins/python/api/tree/Pattern
instanceKlass org/sonar/plugins/python/api/tree/AliasedName
instanceKlass org/sonar/python/types/v2/matchers/IsTypeOrSuperTypeSatisfyingPredicate
instanceKlass  @bci org/sonar/python/checks/BreakContinueOutsideLoopCheck <clinit> ()V 0 <appendix> argL0 ; # org/sonar/python/checks/BreakContinueOutsideLoopCheck$$Lambda+0x0000013c9c4a9d50
instanceKlass  @cpi org/apache/commons/io/function/IOConsumer 134 form vmentry <vmtarget> ; # java/lang/invoke/LambdaForm$DMH+0x0000013c9c4ac000
instanceKlass org/sonar/plugins/python/api/SubscriptionContext
instanceKlass com/sonar/sslr/api/AstNode
instanceKlass com/sonar/sslr/api/TokenType
instanceKlass com/sonar/sslr/api/AstNodeType
instanceKlass  @bci org/sonar/python/checks/AwsExpectedBucketOwnerCheck lambda$static$3 (Ljava/lang/String;)Ljava/util/stream/Stream; 9 <appendix> member <vmtarget> ; # org/sonar/python/checks/AwsExpectedBucketOwnerCheck$$Lambda+0x0000013c9c4a88f8
instanceKlass  @bci org/sonar/python/checks/AwsExpectedBucketOwnerCheck <clinit> ()V 751 <appendix> argL0 ; # org/sonar/python/checks/AwsExpectedBucketOwnerCheck$$Lambda+0x0000013c9c4a86b8
instanceKlass  @bci org/sonar/python/checks/AwsExpectedBucketOwnerCheck lambda$static$1 (Ljava/lang/String;)Ljava/util/stream/Stream; 9 <appendix> member <vmtarget> ; # org/sonar/python/checks/AwsExpectedBucketOwnerCheck$$Lambda+0x0000013c9c4a8470
instanceKlass  @bci org/sonar/python/checks/AwsExpectedBucketOwnerCheck <clinit> ()V 725 <appendix> argL0 ; # org/sonar/python/checks/AwsExpectedBucketOwnerCheck$$Lambda+0x0000013c9c4a8230
instanceKlass org/sonar/python/types/v2/matchers/IsObjectSatisfyingPredicate
instanceKlass org/sonar/python/types/v2/matchers/AnyTypePredicate
instanceKlass  @bci org/sonar/plugins/python/api/types/v2/matchers/TypeMatchers any ([Lorg/sonar/plugins/python/api/types/v2/matchers/TypeMatcher;)Lorg/sonar/plugins/python/api/types/v2/matchers/TypeMatcher; 4 <appendix> argL0 ; # org/sonar/plugins/python/api/types/v2/matchers/TypeMatchers$$Lambda+0x0000013c9c4a7a98
instanceKlass org/sonar/python/types/v2/matchers/IsTypePredicate
instanceKlass org/sonar/plugins/python/api/types/v2/matchers/TypeMatcher
instanceKlass org/sonar/python/types/v2/matchers/TypePredicate
instanceKlass org/sonar/plugins/python/api/types/v2/matchers/TypeMatchers
instanceKlass org/sonar/plugins/python/api/tree/Expression
instanceKlass org/sonarsource/analyzer/commons/regex/ast/RegexSyntaxElement
instanceKlass org/sonar/python/checks/TrailingWhitespaceCheck
instanceKlass org/sonar/python/checks/ParsingErrorCheck
instanceKlass org/sonar/plugins/python/api/tree/BaseTreeVisitor
instanceKlass org/sonar/plugins/python/api/PythonSubscriptionCheck
instanceKlass org/sonar/plugins/python/api/PythonCheck
instanceKlass org/sonar/plugins/python/api/SubscriptionCheck
instanceKlass org/sonar/python/checks/OpenSourceCheckList
# instanceKlass java/lang/invoke/LambdaForm$MH+0x0000013c9c45ac00
# instanceKlass java/lang/invoke/LambdaForm$MH+0x0000013c9c45a800
# instanceKlass java/lang/invoke/LambdaForm$MH+0x0000013c9c45a400
# instanceKlass java/lang/invoke/LambdaForm$MH+0x0000013c9c45a000
# instanceKlass java/lang/invoke/LambdaForm$MH+0x0000013c9c459c00
# instanceKlass java/lang/invoke/LambdaForm$MH+0x0000013c9c459800
# instanceKlass java/lang/invoke/LambdaForm$MH+0x0000013c9c459400
# instanceKlass java/lang/invoke/LambdaForm$MH+0x0000013c9c459000
# instanceKlass java/lang/invoke/LambdaForm$MH+0x0000013c9c458c00
# instanceKlass java/lang/invoke/LambdaForm$MH+0x0000013c9c458800
# instanceKlass java/lang/invoke/LambdaForm$MH+0x0000013c9c458400
# instanceKlass java/lang/invoke/LambdaForm$MH+0x0000013c9c458000
instanceKlass org/sonar/plugins/python/api/types/v2/PythonType
instanceKlass org/sonar/python/semantic/v2/converter/PythonTypeToDescriptorConverter
instanceKlass org/sonar/plugins/python/api/tree/TreeVisitor
instanceKlass org/sonar/python/semantic/v2/typetable/TypeTable
instanceKlass org/sonar/python/index/Descriptor
instanceKlass  @bci org/sonar/plugins/python/architecture/ArchitectureCallbackWrapper <init> (Lorg/sonar/plugins/python/api/PythonFileConsumer;)V 9 <appendix> argL0 ; # org/sonar/plugins/python/architecture/ArchitectureCallbackWrapper$$Lambda+0x0000013c9c3e9168
instanceKlass org/sonar/plugins/python/architecture/DummyArchitectureCallback
instanceKlass javax/annotation/Nullable
instanceKlass org/sonar/iac/docker/checks/ShellFormOverExecFormCheck$ShellInstructionsInfo
instanceKlass org/sonar/iac/docker/tree/api/ShellCode
instanceKlass org/sonar/iac/docker/tree/api/Argument
instanceKlass org/sonar/iac/docker/tree/api/EncapsulatedVariable
instanceKlass org/sonar/iac/docker/tree/api/RegularVariable
instanceKlass org/sonar/iac/docker/tree/api/Variable
instanceKlass org/sonar/iac/docker/tree/api/HasSymbol
instanceKlass org/sonar/iac/docker/tree/api/ExpandableStringCharacters
instanceKlass org/sonar/iac/docker/tree/api/ExpandableStringLiteral
instanceKlass org/sonar/iac/docker/tree/api/Literal
instanceKlass org/sonar/iac/docker/tree/api/Expression
instanceKlass org/sonar/iac/docker/tree/api/SyntaxToken
instanceKlass org/sonar/iac/common/api/tree/IacToken
instanceKlass org/sonar/iac/docker/tree/api/HereDocument
instanceKlass org/sonar/iac/docker/tree/api/HealthCheckInstruction
instanceKlass org/sonar/iac/docker/tree/api/ShellInstruction
instanceKlass org/sonar/iac/docker/tree/api/UserInstruction
instanceKlass org/sonar/iac/docker/tree/api/VolumeInstruction
instanceKlass org/sonar/iac/docker/tree/api/CopyInstruction
instanceKlass org/sonar/iac/docker/tree/api/AddInstruction
instanceKlass org/sonar/iac/docker/tree/api/TransferInstruction
instanceKlass org/sonar/iac/docker/tree/api/ExecFormCommand
instanceKlass org/sonar/iac/docker/tree/api/ExecForm
instanceKlass org/sonar/iac/docker/tree/api/ShellForm
instanceKlass org/sonar/iac/docker/tree/api/ArgumentList
instanceKlass org/sonar/iac/docker/tree/api/RunInstruction
instanceKlass org/sonar/iac/docker/tree/api/EntrypointInstruction
instanceKlass org/sonar/iac/docker/tree/api/CmdInstruction
instanceKlass org/sonar/iac/docker/tree/api/CodeInstruction
instanceKlass org/sonar/iac/docker/tree/api/ArgInstruction
instanceKlass org/sonar/iac/docker/tree/api/KeyValuePair
instanceKlass org/sonar/iac/docker/tree/api/EnvInstruction
instanceKlass org/sonar/iac/docker/tree/api/LabelInstruction
instanceKlass org/sonar/iac/docker/tree/api/ExposeInstruction
instanceKlass org/sonar/iac/docker/tree/api/WorkdirInstruction
instanceKlass org/sonar/iac/docker/tree/api/HasArguments
instanceKlass org/sonar/iac/docker/tree/api/StopSignalInstruction
instanceKlass org/sonar/iac/docker/tree/api/MaintainerInstruction
instanceKlass org/sonar/iac/docker/tree/api/Alias
instanceKlass org/sonar/iac/docker/tree/api/Flag
instanceKlass org/sonar/iac/docker/tree/api/FromInstruction
instanceKlass org/sonar/iac/docker/tree/api/OnBuildInstruction
instanceKlass org/sonar/iac/docker/tree/api/Instruction
instanceKlass org/sonar/iac/docker/tree/api/DockerImage
instanceKlass org/sonar/iac/docker/tree/api/Body
instanceKlass org/sonar/iac/docker/tree/api/HasScope
instanceKlass org/sonar/iac/docker/tree/api/File
instanceKlass org/sonar/iac/docker/tree/api/DockerTree
instanceKlass org/sonar/iac/docker/checks/WorkdirAbsolutPathCheck
instanceKlass org/sonar/iac/docker/checks/UniqueInstructionPresenceCheck
instanceKlass org/sonar/iac/docker/checks/UnencryptedProtocolCheck
instanceKlass org/sonar/iac/docker/checks/SpecificVersionTagCheck
instanceKlass org/sonar/iac/docker/checks/SpaceBeforeEqualInKeyValuePairCheck
instanceKlass org/sonar/iac/docker/checks/ShellFormOverExecFormCheck
instanceKlass org/sonar/iac/docker/checks/SecretsHandlingCheck
instanceKlass org/sonar/iac/docker/checks/PrivilegedUserCheck
instanceKlass org/sonar/iac/docker/checks/PreferCopyOverAddCheck
instanceKlass org/sonar/iac/docker/checks/PosixPermissionCheck
instanceKlass org/sonar/iac/docker/checks/PinnedDigestVersionCheck
instanceKlass org/sonar/iac/docker/checks/MountWorldPermissionCheck
instanceKlass org/sonar/iac/docker/checks/MandatoryLabelCheck
instanceKlass org/sonar/iac/docker/checks/MalformedJsonInExecCheck
instanceKlass org/sonar/iac/docker/checks/LongRunInstructionCheck
instanceKlass org/sonar/iac/docker/checks/InstructionFormatCheck
instanceKlass org/sonar/iac/docker/checks/HostNetworkNamespaceCheck
instanceKlass org/sonar/iac/docker/checks/ExposedAdministrationServicesCheck
instanceKlass org/sonar/iac/docker/checks/ExecutableNotOwnedByRootCheck
instanceKlass org/sonar/iac/docker/checks/DeprecatedInstructionCheck
instanceKlass org/sonar/iac/docker/checks/AbstractFinalImageCheck
instanceKlass org/sonar/iac/docker/checks/CombinedTagAndDigestCheck
instanceKlass org/sonar/iac/docker/checks/BuilderSandboxCheck
instanceKlass org/sonar/iac/docker/checks/ArgDefinedOutsideOfScopeCheck
instanceKlass org/sonar/iac/docker/checks/DockerCheckList
# instanceKlass java/lang/invoke/LambdaForm$MH+0x0000013c9c44d000
# instanceKlass java/lang/invoke/LambdaForm$MH+0x0000013c9c44cc00
# instanceKlass java/lang/invoke/LambdaForm$MH+0x0000013c9c44c800
# instanceKlass java/lang/invoke/LambdaForm$MH+0x0000013c9c44c400
# instanceKlass java/lang/invoke/LambdaForm$MH+0x0000013c9c44c000
instanceKlass  @bci org/sonar/iac/jvmframeworkconfig/plugin/visitors/JvmFrameworkConfigTelemetryVisitor <init> ()V 23 <appendix> member <vmtarget> ; # org/sonar/iac/jvmframeworkconfig/plugin/visitors/JvmFrameworkConfigTelemetryVisitor$$Lambda+0x0000013c9c448b08
instanceKlass org/sonar/iac/jvmframeworkconfig/tree/api/Tuple
instanceKlass org/sonar/iac/jvmframeworkconfig/tree/api/JvmFrameworkConfig
instanceKlass  @bci org/sonar/iac/jvmframeworkconfig/checks/quarkus/HardcodedSecretsCheck sensitiveKeyPatterns ()Ljava/util/Set; 39 <appendix> member <vmtarget> ; # org/sonar/iac/jvmframeworkconfig/checks/quarkus/HardcodedSecretsCheck$$Lambda+0x0000013c9c448260
instanceKlass  @bci org/sonar/iac/jvmframeworkconfig/checks/quarkus/HardcodedSecretsCheck sensitiveKeyPatterns ()Ljava/util/Set; 15 <appendix> member <vmtarget> ; # org/sonar/iac/jvmframeworkconfig/checks/quarkus/HardcodedSecretsCheck$$Lambda+0x0000013c9c448000
instanceKlass org/sonar/iac/jvmframeworkconfig/checks/quarkus/QuarkusConfigCheckList
instanceKlass  @bci org/sonar/iac/jvmframeworkconfig/checks/micronaut/UnsecureConnectionCheck <clinit> ()V 10 <appendix> member <vmtarget> ; # org/sonar/iac/jvmframeworkconfig/checks/micronaut/UnsecureConnectionCheck$$Lambda+0x0000013c9c447918
instanceKlass org/sonar/iac/jvmframeworkconfig/checks/micronaut/UnsecureConnectionCheck
instanceKlass org/sonar/iac/jvmframeworkconfig/checks/micronaut/MicronautConfigCheckList
instanceKlass java/util/stream/ReduceOps$2ReducingSink
instanceKlass  @bci org/sonar/iac/common/checks/OptimizedListToPatternBuilder build ()Ljava/lang/String; 142 <appendix> argL0 ; # org/sonar/iac/common/checks/OptimizedListToPatternBuilder$$Lambda+0x0000013c9c446b60
instanceKlass  @bci org/sonar/iac/common/checks/OptimizedListToPatternBuilder build ()Ljava/lang/String; 58 <appendix> member <vmtarget> ; # org/sonar/iac/common/checks/OptimizedListToPatternBuilder$$Lambda+0x0000013c9c446918
instanceKlass  @bci java/util/stream/Collectors partitioningBy (Ljava/util/function/Predicate;Ljava/util/stream/Collector;)Ljava/util/stream/Collector; 33 <appendix> member <vmtarget> ; # java/util/stream/Collectors$$Lambda+0x800000046
instanceKlass  @bci java/util/stream/Collectors partitioningBy (Ljava/util/function/Predicate;Ljava/util/stream/Collector;)Ljava/util/stream/Collector; 25 <appendix> member <vmtarget> ; # java/util/stream/Collectors$$Lambda+0x800000043
instanceKlass  @bci java/util/stream/Collectors partitioningBy (Ljava/util/function/Predicate;Ljava/util/stream/Collector;)Ljava/util/stream/Collector; 9 <appendix> member <vmtarget> ; # java/util/stream/Collectors$$Lambda+0x80000003e
instanceKlass  @bci org/sonar/iac/common/checks/OptimizedListToPatternBuilder build ()Ljava/lang/String; 22 <appendix> member <vmtarget> ; # org/sonar/iac/common/checks/OptimizedListToPatternBuilder$$Lambda+0x0000013c9c4466c0
instanceKlass  @bci org/sonar/iac/common/checks/OptimizedListToPatternBuilder <init> (Ljava/util/Collection;)V 15 <appendix> argL0 ; # org/sonar/iac/common/checks/OptimizedListToPatternBuilder$$Lambda+0x0000013c9c446468
instanceKlass org/sonar/iac/common/checks/OptimizedListToPatternBuilder
instanceKlass org/sonar/iac/jvmframeworkconfig/checks/common/AbstractWeakSSLProtocolCheck
instanceKlass org/sonar/iac/jvmframeworkconfig/checks/common/AbstractSensitiveKeyCheck
instanceKlass org/sonar/iac/jvmframeworkconfig/checks/spring/SpringConfigCheckList
instanceKlass org/sonar/iac/jvmframeworkconfig/checks/common/CommonConfigCheckList
# instanceKlass java/lang/invoke/LambdaForm$MH+0x0000013c9c445c00
# instanceKlass java/lang/invoke/LambdaForm$MH+0x0000013c9c445800
# instanceKlass java/lang/invoke/LambdaForm$MH+0x0000013c9c445400
# instanceKlass java/lang/invoke/LambdaForm$MH+0x0000013c9c445000
# instanceKlass java/lang/invoke/LambdaForm$MH+0x0000013c9c444c00
# instanceKlass java/lang/invoke/LambdaForm$MH+0x0000013c9c444800
# instanceKlass java/lang/invoke/LambdaForm$MH+0x0000013c9c444400
instanceKlass org/sonar/iac/arm/plugin/ArmParserStatistics
instanceKlass  @bci org/sonar/iac/arm/checks/DebugSettingCheck <clinit> ()V 0 <appendix> argL0 ; # org/sonar/iac/arm/checks/DebugSettingCheck$$Lambda+0x0000013c9c442028
instanceKlass  @bci org/sonar/iac/arm/checks/ShortBackupRetentionCheck <clinit> ()V 57 <appendix> argL0 ; # org/sonar/iac/arm/checks/ShortBackupRetentionCheck$$Lambda+0x0000013c9c441de8
instanceKlass  @bci org/sonar/iac/arm/checks/ShortBackupRetentionCheck <clinit> ()V 49 <appendix> argL0 ; # org/sonar/iac/arm/checks/ShortBackupRetentionCheck$$Lambda+0x0000013c9c441ba8
instanceKlass  @bci org/sonar/iac/arm/checks/ShortBackupRetentionCheck <clinit> ()V 41 <appendix> argL0 ; # org/sonar/iac/arm/checks/ShortBackupRetentionCheck$$Lambda+0x0000013c9c441968
instanceKlass  @bci org/sonar/iac/arm/checks/ShortBackupRetentionCheck <clinit> ()V 33 <appendix> argL0 ; # org/sonar/iac/arm/checks/ShortBackupRetentionCheck$$Lambda+0x0000013c9c441728
instanceKlass  @bci org/sonar/iac/arm/checks/SecureParameterDefaultValueCheck <clinit> ()V 55 <appendix> argL0 ; # org/sonar/iac/arm/checks/SecureParameterDefaultValueCheck$$Lambda+0x0000013c9c4414d8
instanceKlass  @bci org/sonar/iac/arm/checks/SecureParameterDefaultValueCheck <clinit> ()V 45 <appendix> argL0 ; # org/sonar/iac/arm/checks/SecureParameterDefaultValueCheck$$Lambda+0x0000013c9c441288
instanceKlass  @bci org/sonar/iac/arm/checks/SecureParameterDefaultValueCheck <clinit> ()V 35 <appendix> argL0 ; # org/sonar/iac/arm/checks/SecureParameterDefaultValueCheck$$Lambda+0x0000013c9c441038
instanceKlass  @bci org/sonar/iac/arm/checks/utils/CheckUtils isNull ()Ljava/util/function/Predicate; 0 <appendix> argL0 ; # org/sonar/iac/arm/checks/utils/CheckUtils$$Lambda+0x0000013c9c440de8
instanceKlass  @bci org/sonar/iac/arm/checks/utils/CheckUtils isEmptyObject ()Ljava/util/function/Predicate; 0 <appendix> argL0 ; # org/sonar/iac/arm/checks/utils/CheckUtils$$Lambda+0x0000013c9c440b98
instanceKlass  @bci org/sonar/iac/arm/checks/utils/CheckUtils isBlankString ()Ljava/util/function/Predicate; 0 <appendix> argL0 ; # org/sonar/iac/arm/checks/utils/CheckUtils$$Lambda+0x0000013c9c440948
instanceKlass  @bci java/util/function/Predicate or (Ljava/util/function/Predicate;)Ljava/util/function/Predicate; 7 <appendix> member <vmtarget> ; # java/util/function/Predicate$$Lambda+0x0000013c9c2668b8
instanceKlass  @cpi java/util/function/Predicate 78 form vmentry <vmtarget> ; # java/lang/invoke/LambdaForm$DMH+0x0000013c9c444000
instanceKlass  @bci org/sonar/iac/arm/checks/utils/CheckUtils isFunctionCall (Ljava/lang/String;)Ljava/util/function/Predicate; 1 <appendix> member <vmtarget> ; # org/sonar/iac/arm/checks/utils/CheckUtils$$Lambda+0x0000013c9c4402b0
instanceKlass org/sonar/iac/arm/tree/api/bicep/LambdaExpression
instanceKlass org/sonar/iac/arm/tree/api/bicep/variable/LocalVariable
instanceKlass org/sonar/iac/arm/tree/api/bicep/variable/VariableBlock
instanceKlass org/sonar/iac/arm/tree/api/bicep/variable/LambdaVariable
instanceKlass org/sonar/iac/arm/tree/api/Variable
instanceKlass org/sonar/iac/arm/tree/api/Parameter
instanceKlass org/sonar/iac/arm/tree/api/HasIdentifier
instanceKlass org/sonar/iac/arm/tree/api/bicep/TypedLambdaExpression
instanceKlass org/sonar/iac/arm/tree/api/bicep/typed/TypedVariableBlock
instanceKlass org/sonar/iac/arm/tree/api/bicep/typed/TypedLocalVariable
instanceKlass org/sonar/iac/arm/tree/api/bicep/Decorator
instanceKlass org/sonar/iac/arm/tree/api/bicep/MultilineString
instanceKlass org/sonar/iac/arm/tree/api/bicep/TupleItem
instanceKlass org/sonar/iac/arm/tree/api/bicep/TupleType
instanceKlass org/sonar/iac/arm/tree/api/bicep/UnaryOperator
instanceKlass org/sonar/iac/arm/tree/api/bicep/ResourceDerivedType
instanceKlass org/sonar/iac/arm/tree/api/bicep/CompoundTypeReference
instanceKlass org/sonar/iac/arm/tree/api/bicep/WildcardTypeReference
instanceKlass org/sonar/iac/arm/tree/api/bicep/ArrayTypeReference
instanceKlass org/sonar/iac/arm/tree/api/bicep/AmbientTypeReference
instanceKlass org/sonar/iac/arm/tree/api/bicep/ParenthesizedExpression
instanceKlass org/sonar/iac/arm/tree/api/bicep/expression/TernaryExpression
instanceKlass org/sonar/iac/arm/tree/api/bicep/expression/BinaryExpression
instanceKlass org/sonar/iac/arm/tree/api/bicep/MemberExpression
instanceKlass org/sonar/iac/arm/tree/api/bicep/expression/EqualityExpression
instanceKlass org/sonar/iac/arm/tree/api/bicep/expression/RelationalExpression
instanceKlass org/sonar/iac/arm/tree/api/bicep/expression/AdditiveExpression
instanceKlass org/sonar/iac/arm/tree/api/bicep/expression/MultiplicativeExpression
instanceKlass org/sonar/iac/arm/tree/api/bicep/expression/BinaryOperation
instanceKlass org/sonar/iac/arm/tree/api/bicep/expression/UnaryExpression
instanceKlass org/sonar/iac/arm/tree/api/bicep/IfCondition
instanceKlass org/sonar/iac/arm/tree/api/bicep/SpreadExpression
instanceKlass org/sonar/iac/arm/tree/api/bicep/ObjectTypeProperty
instanceKlass org/sonar/iac/arm/tree/api/bicep/ObjectType
instanceKlass org/sonar/iac/arm/tree/api/bicep/ParenthesizedTypeExpression
instanceKlass org/sonar/iac/arm/tree/api/bicep/SingularTypeExpression
instanceKlass org/sonar/iac/arm/tree/api/bicep/TypeExpression
instanceKlass org/sonar/iac/arm/tree/api/bicep/ForVariableBlock
instanceKlass org/sonar/iac/arm/tree/api/bicep/ForExpression
instanceKlass org/sonar/iac/arm/tree/api/FunctionCall
instanceKlass org/sonar/iac/arm/tree/api/bicep/importdecl/ImportedSymbolsListItem
instanceKlass org/sonar/iac/arm/tree/api/bicep/importdecl/CompileTimeImportFromClause
instanceKlass org/sonar/iac/arm/tree/api/bicep/importdecl/CompileTimeImportTarget
instanceKlass org/sonar/iac/arm/tree/api/bicep/CompileTimeImportDeclaration
instanceKlass org/sonar/iac/arm/tree/api/bicep/AsClause
instanceKlass org/sonar/iac/arm/tree/api/bicep/WithClause
instanceKlass org/sonar/iac/arm/tree/api/bicep/ImportDeclaration
instanceKlass org/sonar/iac/arm/tree/api/bicep/ExtensionDeclaration
instanceKlass org/sonar/iac/arm/tree/api/bicep/MetadataDeclaration
instanceKlass org/sonar/iac/arm/tree/api/bicep/FunctionDeclaration
instanceKlass org/sonar/iac/arm/tree/api/bicep/TargetScopeDeclaration
instanceKlass org/sonar/iac/arm/tree/api/bicep/TypeDeclaration
instanceKlass org/sonar/iac/arm/tree/api/ObjectExpression
instanceKlass org/sonar/iac/arm/tree/api/ArrayExpression
instanceKlass org/sonar/iac/arm/tree/api/StringLiteral
instanceKlass org/sonar/iac/arm/tree/api/bicep/InterpolatedMultilineString
instanceKlass org/sonar/iac/arm/tree/api/bicep/InterpolatedString
instanceKlass org/sonar/iac/arm/tree/api/NullLiteral
instanceKlass org/sonar/iac/arm/tree/api/NumericLiteral
instanceKlass org/sonar/iac/arm/tree/api/BooleanLiteral
instanceKlass org/sonar/iac/arm/tree/api/Property
instanceKlass org/sonar/iac/arm/tree/api/Identifier
instanceKlass org/sonar/iac/common/api/tree/TextTree
instanceKlass org/sonar/iac/arm/tree/api/bicep/TypeExpressionAble
instanceKlass org/sonar/iac/arm/tree/api/bicep/AssertDeclaration
instanceKlass org/sonar/iac/arm/tree/api/bicep/TestDeclaration
instanceKlass org/sonar/iac/arm/tree/api/bicep/ModuleDeclaration
instanceKlass org/sonar/iac/arm/tree/api/bicep/HasKeyword
instanceKlass org/sonar/iac/arm/tree/api/bicep/HasDecorators
instanceKlass org/sonar/iac/arm/tree/api/VariableDeclaration
instanceKlass org/sonar/iac/arm/tree/api/ResourceDeclaration
instanceKlass org/sonar/iac/arm/tree/api/HasResources
instanceKlass org/sonar/iac/arm/tree/api/bicep/ObjectProperty
instanceKlass org/sonar/iac/arm/tree/api/ParameterDeclaration
instanceKlass org/sonar/iac/arm/tree/api/HasSymbol
instanceKlass org/sonar/iac/arm/tree/api/OutputDeclaration
instanceKlass org/sonar/iac/arm/tree/api/bicep/Declaration
instanceKlass org/sonar/iac/arm/tree/api/Statement
instanceKlass org/sonar/iac/arm/tree/api/File
instanceKlass org/sonar/iac/arm/tree/api/HasSymbolTable
instanceKlass org/sonar/sslr/grammar/GrammarRuleKey
instanceKlass com/sonar/sslr/api/AstNodeType
instanceKlass  @bci org/sonar/iac/arm/checks/utils/CheckUtils isVersionNewerOrEqualThan (Ljava/lang/String;)Ljava/util/function/Predicate; 31 <appendix> member <vmtarget> ; # org/sonar/iac/arm/checks/utils/CheckUtils$$Lambda+0x0000013c9c433d80
instanceKlass org/sonar/iac/arm/tree/api/Expression
instanceKlass  @bci java/util/Comparator thenComparing (Ljava/util/Comparator;)Ljava/util/Comparator; 7 <appendix> member <vmtarget> ; # java/util/Comparator$$Lambda+0x0000013c9c266618
instanceKlass  @cpi java/util/Comparator 251 form vmentry <vmtarget> ; # java/lang/invoke/LambdaForm$DMH+0x0000013c9c434800
instanceKlass  @bci org/sonar/iac/arm/checks/utils/CheckUtils isVersionNewerOrEqualThan (Ljava/lang/String;)Ljava/util/function/Predicate; 13 <appendix> argL0 ; # org/sonar/iac/arm/checks/utils/CheckUtils$$Lambda+0x0000013c9c433960
instanceKlass  @bci org/sonar/iac/arm/checks/utils/CheckUtils isVersionNewerOrEqualThan (Ljava/lang/String;)Ljava/util/function/Predicate; 0 <appendix> argL0 ; # org/sonar/iac/arm/checks/utils/CheckUtils$$Lambda+0x0000013c9c433720
instanceKlass org/sonar/iac/arm/tree/api/ArmTree
instanceKlass org/sonar/iac/arm/checks/utils/CheckUtils
instanceKlass  @bci java/util/regex/Pattern union (Ljava/util/regex/Pattern$CharPredicate;Ljava/util/regex/Pattern$CharPredicate;Ljava/util/regex/Pattern$CharPredicate;Z)Ljava/util/regex/Pattern$CharPredicate; 16 <appendix> member <vmtarget> ; # java/util/regex/Pattern$$Lambda+0x0000013c9c2663b0
instanceKlass  @cpi java/util/regex/Pattern 1453 form vmentry <vmtarget> ; # java/lang/invoke/LambdaForm$DMH+0x0000013c9c434400
instanceKlass  @bci java/util/regex/CharPredicates JOIN_CONTROL ()Ljava/util/regex/Pattern$CharPredicate; 0 <appendix> argL0 ; # java/util/regex/CharPredicates$$Lambda+0x0000013c9c266150
instanceKlass  @bci java/util/regex/CharPredicates WORD ()Ljava/util/regex/Pattern$CharPredicate; 3 <appendix> argL0 ; # java/util/regex/CharPredicates$$Lambda+0x0000013c9c265ef0
instanceKlass  @bci java/util/regex/CharPredicates category (I)Ljava/util/regex/Pattern$CharPredicate; 1 <appendix> member <vmtarget> ; # java/util/regex/CharPredicates$$Lambda+0x0000013c9c265c90
instanceKlass  @bci org/sonar/iac/arm/checks/IpRestrictedAdminAccessCheck <clinit> ()V 0 <appendix> argL0 ; # org/sonar/iac/arm/checks/IpRestrictedAdminAccessCheck$$Lambda+0x0000013c9c4330c8
# instanceKlass java/lang/invoke/LambdaForm$MH+0x0000013c9c434000
instanceKlass org/sonar/iac/arm/checks/AbstractUnusedSymbolCheck
instanceKlass org/sonar/iac/arm/checks/TopLevelPropertiesOrderCheck
instanceKlass org/sonar/iac/arm/checks/StringLiteralDuplicatedCheck
instanceKlass org/sonar/iac/arm/checks/SecureParameterDefaultValueCheck
instanceKlass org/sonar/iac/arm/checks/RedundantResourceDependenciesCheck
instanceKlass org/sonar/iac/arm/checks/PublicNetworkAccessCheck
instanceKlass org/sonar/iac/arm/checks/ParameterAndVariableNameConventionCheck
instanceKlass org/sonar/iac/arm/checks/LocationParameterAllowedValuesCheck
instanceKlass org/sonar/iac/arm/checks/HardCodedCredentialsCheck
instanceKlass org/sonar/iac/arm/checks/HardcodedResourceLocationCheck
instanceKlass org/sonar/iac/arm/checks/HardcodeApiVersionCheck
instanceKlass org/sonar/iac/arm/checks/EmptyOrNullValueCheck
instanceKlass org/sonar/iac/arm/checks/ElementsOrderResourceCheck
instanceKlass org/sonar/iac/arm/checks/AbstractArmResourceCheck
instanceKlass org/sonar/iac/arm/checks/ArmCheckList
# instanceKlass java/lang/invoke/LambdaForm$MH+0x0000013c9c42e800
# instanceKlass java/lang/invoke/LambdaForm$MH+0x0000013c9c42e400
# instanceKlass java/lang/invoke/LambdaForm$MH+0x0000013c9c42e000
# instanceKlass java/lang/invoke/LambdaForm$MH+0x0000013c9c42dc00
instanceKlass org/sonar/iac/kubernetes/visitors/ProjectContextImpl
instanceKlass org/sonar/iac/kubernetes/plugin/KubernetesParserStatistics
instanceKlass  @bci java/util/regex/Pattern VertWS ()Ljava/util/regex/Pattern$BmpCharPredicate; 0 <appendix> argL0 ; # java/util/regex/Pattern$$Lambda+0x0000013c9c265a00
instanceKlass  @bci jdk/internal/reflect/MethodHandleDoubleFieldAccessorImpl setDouble (Ljava/lang/Object;D)V 41 <adapter> ; # java/lang/invoke/LambdaForm$MH+0x0000013c9c42d800
# instanceKlass java/lang/invoke/LambdaForm$MH+0x0000013c9c42d400
# instanceKlass java/lang/invoke/LambdaForm$BMH+0x0000013c9c42d000
# instanceKlass java/lang/invoke/LambdaForm$DMH+0x0000013c9c42cc00
# instanceKlass java/lang/invoke/LambdaForm$MH+0x0000013c9c42c800
# instanceKlass java/lang/invoke/LambdaForm$BMH+0x0000013c9c42c400
# instanceKlass java/lang/invoke/LambdaForm$DMH+0x0000013c9c42c000
instanceKlass org/sonarsource/analyzer/commons/EntropyDetector
instanceKlass  @bci org/sonar/iac/kubernetes/checks/AutomountServiceAccountTokenCheck <clinit> ()V 27 <appendix> argL0 ; # org/sonar/iac/kubernetes/checks/AutomountServiceAccountTokenCheck$$Lambda+0x0000013c9c429eb0
instanceKlass  @bci java/util/regex/CharPredicates ASCII_WORD ()Ljava/util/regex/Pattern$BmpCharPredicate; 0 <appendix> argL0 ; # java/util/regex/CharPredicates$$Lambda+0x0000013c9c2650f8
instanceKlass  @bci org/sonar/iac/kubernetes/checks/SpecificVersionTagCheck <clinit> ()V 20 <appendix> argL0 ; # org/sonar/iac/kubernetes/checks/SpecificVersionTagCheck$$Lambda+0x0000013c9c429c60
instanceKlass org/sonar/iac/common/api/checks/CheckContext
instanceKlass org/sonar/iac/kubernetes/checks/WhitespaceBracesCheck
instanceKlass org/sonar/iac/kubernetes/checks/VariableNameConventionCheck
instanceKlass org/sonar/iac/kubernetes/checks/KubernetesToDoCommentCheck
instanceKlass org/sonar/iac/common/api/checks/TestFileSkipping
instanceKlass org/sonar/iac/kubernetes/checks/DeprecatedCodeCheck
instanceKlass org/sonar/iac/kubernetes/checks/ClearTextProtocolsCheck
instanceKlass org/sonar/iac/kubernetes/checks/AbstractKubernetesObjectCheck
instanceKlass org/sonar/iac/kubernetes/checks/KubernetesCheckList
# instanceKlass java/lang/invoke/LambdaForm$MH+0x0000013c9c426800
# instanceKlass java/lang/invoke/LambdaForm$MH+0x0000013c9c426400
# instanceKlass java/lang/invoke/LambdaForm$MH+0x0000013c9c426000
# instanceKlass java/lang/invoke/LambdaForm$MH+0x0000013c9c425c00
# instanceKlass java/lang/invoke/LambdaForm$MH+0x0000013c9c425800
# instanceKlass java/lang/invoke/LambdaForm$MH+0x0000013c9c425400
# instanceKlass java/lang/invoke/LambdaForm$MH+0x0000013c9c425000
# instanceKlass java/lang/invoke/LambdaForm$MH+0x0000013c9c424c00
# instanceKlass java/lang/invoke/LambdaForm$MH+0x0000013c9c424800
# instanceKlass java/lang/invoke/LambdaForm$MH+0x0000013c9c424400
# instanceKlass java/lang/invoke/LambdaForm$DMH+0x0000013c9c424000
instanceKlass java/lang/Package$1PackageInfoProxy
instanceKlass org/jspecify/annotations/Nullable
instanceKlass sun/reflect/annotation/TypeAnnotation$TypeAnnotationTargetInfo
instanceKlass org/sonar/iac/kubernetes/plugin/SonarLintFileListener
instanceKlass org/sonarsource/sonarlint/plugin/api/module/file/ModuleFileListener
instanceKlass org/sonar/iac/common/yaml/tree/TupleTree
instanceKlass org/snakeyaml/engine/v2/nodes/Node
instanceKlass org/sonar/iac/common/yaml/tree/FileTree
instanceKlass org/sonar/iac/common/yaml/YamlConverter
instanceKlass org/sonar/iac/common/yaml/IacYamlConverter
instanceKlass org/snakeyaml/engine/v2/parser/Parser
instanceKlass org/snakeyaml/engine/v2/scanner/Scanner
instanceKlass org/sonar/iac/common/yaml/YamlParser
instanceKlass org/sonar/iac/common/yaml/IacYamlParser
instanceKlass org/sonar/iac/kubernetes/plugin/kustomization/KustomizationAnalyzer
# instanceKlass java/lang/invoke/LambdaForm$MH+0x0000013c9c41a000
instanceKlass  @bci org/sonar/iac/cloudformation/checks/BucketsInsecureHttpCheck <clinit> ()V 4 <appendix> argL0 ; # org/sonar/iac/cloudformation/checks/BucketsInsecureHttpCheck$$Lambda+0x0000013c9c41f8b0
instanceKlass org/sonar/iac/common/yaml/tree/YamlTree
instanceKlass org/sonar/iac/common/api/tree/HasComments
instanceKlass org/sonar/iac/cloudformation/checks/LogGroupDeclarationCheck
instanceKlass org/sonar/iac/cloudformation/checks/BucketsInsecureHttpCheck
instanceKlass org/sonar/iac/cloudformation/checks/AbstractResourceCheck
instanceKlass org/sonar/iac/cloudformation/checks/CloudformationCheckList
# instanceKlass java/lang/invoke/LambdaForm$MH+0x0000013c9c419c00
# instanceKlass java/lang/invoke/LambdaForm$MH+0x0000013c9c419800
# instanceKlass java/lang/invoke/LambdaForm$MH+0x0000013c9c419400
# instanceKlass java/lang/invoke/LambdaForm$MH+0x0000013c9c419000
# instanceKlass java/lang/invoke/LambdaForm$MH+0x0000013c9c418c00
# instanceKlass java/lang/invoke/LambdaForm$MH+0x0000013c9c418800
# instanceKlass java/lang/invoke/LambdaForm$MH+0x0000013c9c418400
instanceKlass  @bci org/sonar/iac/common/predicates/ArmJsonFilePredicate <init> (Lorg/sonar/api/batch/fs/FilePredicates;Lorg/sonar/api/config/Configuration;ZLorg/sonar/iac/common/extension/SharedFileHeadReader;)V 15 <appendix> argL0 ; # org/sonar/iac/common/predicates/ArmJsonFilePredicate$$Lambda+0x0000013c9c417228
instanceKlass org/sonar/iac/common/extension/FileIdentificationPredicate
instanceKlass org/sonar/iac/common/predicates/JvmConfigFilePredicate$ProfileNameFilePredicate
instanceKlass  @bci org/sonar/iac/common/predicates/JvmConfigFilePredicate getFilePatterns (Lorg/sonar/api/config/Configuration;)[Ljava/lang/String; 21 <appendix> argL0 ; # org/sonar/iac/common/predicates/JvmConfigFilePredicate$$Lambda+0x0000013c9c416488
instanceKlass  @bci org/sonar/iac/common/predicates/JvmConfigFilePredicate getFilePatterns (Lorg/sonar/api/config/Configuration;)[Ljava/lang/String; 11 <appendix> argL0 ; # org/sonar/iac/common/predicates/JvmConfigFilePredicate$$Lambda+0x0000013c9c416238
instanceKlass  @bci org/sonar/iac/common/predicates/HelmFilePredicate <init> (Lorg/sonar/api/batch/fs/FileSystem;Z)V 85 <appendix> member <vmtarget> ; # org/sonar/iac/common/predicates/HelmFilePredicate$$Lambda+0x0000013c9c415da0
instanceKlass  @bci org/sonar/iac/common/predicates/KubernetesFilePredicate <init> (Lorg/sonar/api/batch/fs/FilePredicates;ZLorg/sonar/iac/common/extension/SharedFileHeadReader;)V 60 <appendix> member <vmtarget> ; # org/sonar/iac/common/predicates/KubernetesFilePredicate$$Lambda+0x0000013c9c415910
instanceKlass  @bci java/util/regex/Pattern asPredicate ()Ljava/util/function/Predicate; 1 <appendix> member <vmtarget> ; # java/util/regex/Pattern$$Lambda+0x0000013c9c264a88
instanceKlass  @bci org/sonar/iac/common/extension/YamlIdentifierFilePredicate <init> (Ljava/util/Set;ILorg/sonar/iac/common/extension/SharedFileHeadReader;)V 11 <appendix> argL0 ; # org/sonar/iac/common/extension/YamlIdentifierFilePredicate$$Lambda+0x0000013c9c4156d0
instanceKlass org/sonar/iac/common/extension/YamlIdentifierFilePredicate
instanceKlass  @bci org/sonar/iac/common/predicates/KustomizationFilePredicate <init> (Lorg/sonar/api/batch/fs/FilePredicates;Z)V 37 <appendix> member <vmtarget> ; # org/sonar/iac/common/predicates/KustomizationFilePredicate$$Lambda+0x0000013c9c415010
instanceKlass  @cpi org/sonar/python/checks/hotspots/SecureCookieCheck 104 form vmentry <vmtarget> ; # java/lang/invoke/LambdaForm$DMH+0x0000013c9c418000
instanceKlass org/sonar/scanner/plugin/api/impl/fs/predicates/OperatorPredicate
instanceKlass org/sonar/iac/common/predicates/AbstractTimedFilePredicate
instanceKlass org/sonar/iac/common/extension/SharedFileHeadReader
instanceKlass  @bci org/sonarsource/analyzer/commons/ExternalRuleLoader$ExternalRuleWithCodeAttribute getCodeImpacts (Ljava/util/Map;)Ljava/util/Map; 40 <appendix> member <vmtarget> ; # org/sonarsource/analyzer/commons/ExternalRuleLoader$ExternalRuleWithCodeAttribute$$Lambda+0x0000013c9c414520
instanceKlass org/sonarsource/analyzer/commons/internal/json/simple/JSONStreamAware
instanceKlass org/sonarsource/analyzer/commons/internal/json/simple/JSONAware
instanceKlass org/sonarsource/analyzer/commons/internal/json/simple/parser/Yytoken
instanceKlass org/sonarsource/analyzer/commons/internal/json/simple/parser/Yylex
instanceKlass org/sonarsource/analyzer/commons/internal/json/simple/parser/JSONParser
instanceKlass org/sonarsource/analyzer/commons/JsonParser
instanceKlass java/net/URLClassLoader$2
instanceKlass  @bci org/sonar/api/rules/RuleType <clinit> ()V 97 <appendix> argL0 ; # org/sonar/api/rules/RuleType$$Lambda+0x0000013c9c40cd40
instanceKlass org/sonarsource/analyzer/commons/ExternalRuleLoader$ExternalRule
instanceKlass  @bci org/sonar/iac/common/extension/IacSensor bindChecksTelemetry (Ljava/util/Collection;)V 41 <appendix> member <vmtarget> ; # org/sonar/iac/common/extension/IacSensor$$Lambda+0x0000013c9c412478
instanceKlass  @bci org/sonar/iac/common/extension/IacSensor bindChecksTelemetry (Ljava/util/Collection;)V 30 <appendix> member <vmtarget> ; # org/sonar/iac/common/extension/IacSensor$$Lambda+0x0000013c9c412230
instanceKlass  @bci org/sonar/iac/common/extension/IacSensor bindChecksTelemetry (Ljava/util/Collection;)V 13 <appendix> member <vmtarget> ; # org/sonar/iac/common/extension/IacSensor$$Lambda+0x0000013c9c411fd8
instanceKlass org/sonar/iac/common/extension/visitors/TreeVisitor$ConsumerFilter
instanceKlass  @bci org/sonar/iac/terraform/checks/gcp/PolicyReferenceCollector <init> (Ljava/util/Set;)V 24 <appendix> member <vmtarget> ; # org/sonar/iac/terraform/checks/gcp/PolicyReferenceCollector$$Lambda+0x0000013c9c411b88
instanceKlass org/sonar/iac/terraform/api/tree/BlockTree
instanceKlass org/sonar/iac/terraform/api/tree/StatementTree
instanceKlass org/sonar/iac/common/api/tree/PropertyTree
instanceKlass org/sonar/iac/common/api/tree/HasProperties
instanceKlass  @bci org/sonar/iac/terraform/checks/BucketsInsecureHttpCheck <clinit> ()V 4 <appendix> argL0 ; # org/sonar/iac/terraform/checks/BucketsInsecureHttpCheck$$Lambda+0x0000013c9c410ef8
instanceKlass org/sonar/iac/common/checks/policy/BucketsInsecureHttpPolicyValidator
instanceKlass  @bci java/util/regex/Pattern asMatchPredicate ()Ljava/util/function/Predicate; 1 <appendix> member <vmtarget> ; # java/util/regex/Pattern$$Lambda+0x0000013c9c2645f8
instanceKlass  @bci java/util/regex/CharPredicates WHITE_SPACE ()Ljava/util/regex/Pattern$CharPredicate; 0 <appendix> argL0 ; # java/util/regex/CharPredicates$$Lambda+0x0000013c9c264398
instanceKlass  @bci java/util/regex/CharPredicates ALPHABETIC ()Ljava/util/regex/Pattern$CharPredicate; 0 <appendix> argL0 ; # java/util/regex/CharPredicates$$Lambda+0x0000013c9c264138
instanceKlass  @bci org/sonar/iac/terraform/checks/gcp/CustomRoleCheck <clinit> ()V 158 <appendix> argL0 ; # org/sonar/iac/terraform/checks/gcp/CustomRoleCheck$$Lambda+0x0000013c9c410a98
instanceKlass org/sonar/iac/terraform/api/tree/ExpressionTree
instanceKlass org/sonar/iac/terraform/api/tree/TerraformTree
instanceKlass  @bci org/sonar/iac/terraform/checks/gcp/CustomRoleCheck <clinit> ()V 134 <appendix> argL0 ; # org/sonar/iac/terraform/checks/gcp/CustomRoleCheck$$Lambda+0x0000013c9c410458
instanceKlass org/sonar/check/RuleProperty
instanceKlass org/sonar/api/utils/FieldUtils2
instanceKlass  @bci org/sonar/iac/terraform/checks/utils/PredicateUtils exactMatchStringPredicate (Ljava/lang/String;I)Ljava/util/function/Predicate; 7 <appendix> member <vmtarget> ; # org/sonar/iac/terraform/checks/utils/PredicateUtils$$Lambda+0x0000013c9c410200
instanceKlass org/sonar/iac/terraform/checks/utils/PredicateUtils
instanceKlass org/sonar/iac/common/checkdsl/ContextualTree
instanceKlass org/sonar/iac/common/api/tree/Tree
instanceKlass org/sonar/iac/common/api/tree/HasTextRange
instanceKlass org/sonar/check/Rule
instanceKlass org/sonar/iac/common/checks/ToDoCommentCheck
instanceKlass org/sonar/iac/common/checks/ParsingErrorCheck
instanceKlass org/sonar/iac/terraform/checks/azure/HigherPrivilegedRoleAssignmentCheck
instanceKlass org/sonar/iac/terraform/checks/WeakSSLProtocolCheck
instanceKlass org/sonar/iac/terraform/checks/IpRestrictedAdminAccessCheck
instanceKlass org/sonar/iac/terraform/checks/PrivilegePolicyCheck
instanceKlass org/sonar/iac/terraform/checks/DisabledLoggingCheck
instanceKlass org/sonar/iac/terraform/checks/ClearTextProtocolsCheck
instanceKlass org/sonar/iac/terraform/checks/BucketsPublicAclOrPolicyCheck
instanceKlass org/sonar/iac/terraform/checks/BucketsInsecureHttpCheck
instanceKlass org/sonar/iac/terraform/checks/AbstractNewResourceCheck
instanceKlass org/sonar/iac/terraform/checks/PublicNetworkAccessCheck
instanceKlass org/sonar/iac/terraform/checks/AbstractResourceCheck
instanceKlass org/sonar/iac/common/api/checks/IacCheck
instanceKlass org/sonar/iac/terraform/checks/TerraformCheckList
# instanceKlass java/lang/invoke/LambdaForm$MH+0x0000013c9c403400
# instanceKlass java/lang/invoke/LambdaForm$MH+0x0000013c9c403000
# instanceKlass java/lang/invoke/LambdaForm$MH+0x0000013c9c402c00
# instanceKlass java/lang/invoke/LambdaForm$MH+0x0000013c9c402800
# instanceKlass java/lang/invoke/LambdaForm$MH+0x0000013c9c402400
# instanceKlass java/lang/invoke/LambdaForm$MH+0x0000013c9c402000
# instanceKlass java/lang/invoke/LambdaForm$MH+0x0000013c9c401c00
instanceKlass  @bci org/sonar/iac/terraform/plugin/TerraformProviders <init> (Lorg/sonar/api/config/Configuration;Lorg/sonar/iac/common/warnings/AnalysisWarningsWrapper;)V 88 <appendix> member <vmtarget> ; # org/sonar/iac/terraform/plugin/TerraformProviders$$Lambda+0x0000013c9c3e6f58
instanceKlass  @bci org/sonar/iac/terraform/plugin/TerraformProviders <init> (Lorg/sonar/api/config/Configuration;Lorg/sonar/iac/common/warnings/AnalysisWarningsWrapper;)V 77 <appendix> argL0 ; # org/sonar/iac/terraform/plugin/TerraformProviders$$Lambda+0x0000013c9c3e6d18
instanceKlass  @bci org/sonar/iac/terraform/plugin/TerraformProviders <init> (Lorg/sonar/api/config/Configuration;Lorg/sonar/iac/common/warnings/AnalysisWarningsWrapper;)V 69 <appendix> member <vmtarget> ; # org/sonar/iac/terraform/plugin/TerraformProviders$$Lambda+0x0000013c9c3e6ad0
instanceKlass  @bci org/sonar/scanner/sensor/ModuleSensorsExecutor execute ()V 11 <appendix> member <vmtarget> ; # org/sonar/scanner/sensor/ModuleSensorsExecutor$$Lambda+0x0000013c9c3f7330
# instanceKlass java/lang/invoke/LambdaForm$MH+0x0000013c9c401800
# instanceKlass java/lang/invoke/LambdaForm$MH+0x0000013c9c401400
# instanceKlass java/lang/invoke/LambdaForm$MH+0x0000013c9c401000
# instanceKlass java/lang/invoke/LambdaForm$MH+0x0000013c9c400c00
# instanceKlass java/lang/invoke/LambdaForm$MH+0x0000013c9c400800
instanceKlass org/sonar/scanner/log/utils/DefaultProfiler
instanceKlass  @bci org/sonar/scanner/log/utils/Profiler$Builder <init> (Lorg/slf4j/Logger;)V 5 <appendix> argL0 ; # org/sonar/scanner/log/utils/Profiler$Builder$$Lambda+0x0000013c9c3f6d80
instanceKlass  @cpi org/sonar/scanner/log/utils/Profiler$Builder 64 form vmentry <vmtarget> ; # java/lang/invoke/LambdaForm$DMH+0x0000013c9c400400
instanceKlass java/util/function/BooleanSupplier
instanceKlass org/sonar/scanner/log/utils/Profiler$Builder
instanceKlass org/sonar/scanner/log/utils/Profiler
# instanceKlass java/lang/invoke/LambdaForm$MH+0x0000013c9c400000
# instanceKlass java/lang/invoke/LambdaForm$MH+0x0000013c9c3ffc00
# instanceKlass java/lang/invoke/LambdaForm$MH+0x0000013c9c3ff800
# instanceKlass java/lang/invoke/LambdaForm$MH+0x0000013c9c3ff400
# instanceKlass java/lang/invoke/LambdaForm$MH+0x0000013c9c3ff000
instanceKlass org/sonar/scanner/sensor/AbstractSensorOptimizer$ConfigurationReadsInterceptor
# instanceKlass java/lang/invoke/LambdaForm$MH+0x0000013c9c3fec00
# instanceKlass java/lang/invoke/LambdaForm$MH+0x0000013c9c3fe800
# instanceKlass java/lang/invoke/LambdaForm$MH+0x0000013c9c3fe400
# instanceKlass java/lang/invoke/LambdaForm$MH+0x0000013c9c3fe000
# instanceKlass java/lang/invoke/LambdaForm$MH+0x0000013c9c3fdc00
# instanceKlass java/lang/invoke/LambdaForm$MH+0x0000013c9c3fd800
# instanceKlass java/lang/invoke/LambdaForm$MH+0x0000013c9c3fd400
# instanceKlass java/lang/invoke/LambdaForm$MH+0x0000013c9c3fd000
# instanceKlass java/lang/invoke/LambdaForm$MH+0x0000013c9c3fcc00
# instanceKlass java/lang/invoke/LambdaForm$MH+0x0000013c9c3fc800
# instanceKlass java/lang/invoke/LambdaForm$MH+0x0000013c9c3fc400
# instanceKlass java/lang/invoke/LambdaForm$MH+0x0000013c9c3fc000
# instanceKlass java/lang/invoke/LambdaForm$MH+0x0000013c9c3fbc00
# instanceKlass java/lang/invoke/LambdaForm$MH+0x0000013c9c3fb800
# instanceKlass java/lang/invoke/LambdaForm$MH+0x0000013c9c3fb400
instanceKlass org/sonar/scanner/sensor/noop/NoOpNewAnalysisError
# instanceKlass java/lang/invoke/LambdaForm$MH+0x0000013c9c3fb000
# instanceKlass java/lang/invoke/LambdaForm$MH+0x0000013c9c3fac00
# instanceKlass java/lang/invoke/LambdaForm$MH+0x0000013c9c3fa800
# instanceKlass java/lang/invoke/LambdaForm$MH+0x0000013c9c3fa400
# instanceKlass java/lang/invoke/LambdaForm$MH+0x0000013c9c3fa000
# instanceKlass java/lang/invoke/LambdaForm$MH+0x0000013c9c3f9c00
# instanceKlass java/lang/invoke/LambdaForm$MH+0x0000013c9c3f9800
# instanceKlass java/lang/invoke/LambdaForm$MH+0x0000013c9c3f9400
# instanceKlass java/lang/invoke/LambdaForm$MH+0x0000013c9c3f9000
# instanceKlass java/lang/invoke/LambdaForm$MH+0x0000013c9c3f8c00
# instanceKlass java/lang/invoke/LambdaForm$MH+0x0000013c9c3f8800
# instanceKlass java/lang/invoke/LambdaForm$MH+0x0000013c9c3f8400
# instanceKlass java/lang/invoke/LambdaForm$DMH+0x0000013c9c3f8000
# instanceKlass java/lang/invoke/LambdaForm$DMH+0x0000013c9c3f5c00
instanceKlass org/sonar/scanner/sensor/package-info
instanceKlass org/sonar/duplications/index/PackedMemoryCloneIndex$2
instanceKlass org/sonar/duplications/index/PackedMemoryCloneIndex$1
instanceKlass org/sonar/duplications/block/Block$Builder
instanceKlass org/sonar/duplications/index/DataUtils$Sortable
# instanceKlass java/lang/invoke/LambdaForm$MH+0x0000013c9c3f5800
# instanceKlass java/lang/invoke/LambdaForm$MH+0x0000013c9c3f5400
# instanceKlass java/lang/invoke/LambdaForm$MH+0x0000013c9c3f5000
# instanceKlass java/lang/invoke/LambdaForm$MH+0x0000013c9c3f4c00
# instanceKlass java/lang/invoke/LambdaForm$MH+0x0000013c9c3f4800
# instanceKlass java/lang/invoke/LambdaForm$MH+0x0000013c9c3f4400
# instanceKlass java/lang/invoke/LambdaForm$DMH+0x0000013c9c3f4000
instanceKlass  @bci jdk/internal/reflect/MethodHandleBooleanFieldAccessorImpl setBoolean (Ljava/lang/Object;Z)V 41 <adapter> ; # java/lang/invoke/LambdaForm$MH+0x0000013c9c3f3c00
# instanceKlass java/lang/invoke/LambdaForm$MH+0x0000013c9c3f3800
# instanceKlass java/lang/invoke/LambdaForm$BMH+0x0000013c9c3f3400
# instanceKlass java/lang/invoke/LambdaForm$DMH+0x0000013c9c3f3000
instanceKlass org/sonar/scanner/repository/DefaultMetricsRepositoryLoader$WsMetric
instanceKlass org/sonar/scanner/repository/DefaultMetricsRepositoryLoader$WsMetricsResponse
instanceKlass org/sonar/scanner/protocol/GsonHelper
instanceKlass  @bci org/sonar/scanner/repository/DefaultMetricsRepositoryLoader loadFromPaginatedWs (Ljava/util/List;)V 7 <appendix> form vmentry <vmtarget> ; # java/lang/invoke/LambdaForm$MH+0x0000013c9c3f2c00
instanceKlass  @bci org/sonar/scanner/repository/DefaultMetricsRepositoryLoader loadFromPaginatedWs (Ljava/util/List;)V 7 <appendix> argL3 form vmentry <vmtarget> ; # java/lang/invoke/LambdaForm$MH+0x0000013c9c3f2800
# instanceKlass java/lang/invoke/LambdaForm$MH+0x0000013c9c3f2400
# instanceKlass java/lang/invoke/LambdaForm$MH+0x0000013c9c3f2000
# instanceKlass java/lang/invoke/LambdaForm$MH+0x0000013c9c3f1c00
instanceKlass org/sonar/scanner/plugin/api/impl/fs/predicates/DefaultFilePredicates
# instanceKlass java/lang/invoke/LambdaForm$MH+0x0000013c9c3f1800
# instanceKlass java/lang/invoke/LambdaForm$MH+0x0000013c9c3f1400
# instanceKlass java/lang/invoke/LambdaForm$MH+0x0000013c9c3f1000
# instanceKlass java/lang/invoke/LambdaForm$MH+0x0000013c9c3f0c00
# instanceKlass java/lang/invoke/LambdaForm$MH+0x0000013c9c3f0800
# instanceKlass java/lang/invoke/LambdaForm$MH+0x0000013c9c3f0400
# instanceKlass java/lang/invoke/LambdaForm$MH+0x0000013c9c3f0000
instanceKlass  @bci java/lang/Class methodToString (Ljava/lang/String;[Ljava/lang/Class;)Ljava/lang/String; 42 <appendix> argL0 ; # java/lang/Class$$Lambda+0x0000013c9c263448
instanceKlass org/sonar/iac/common/api/checks/CollectingTelemetry
instanceKlass org/sonar/scanner/externalissue/ExternalIssueReport$Impact
instanceKlass org/sonar/scanner/externalissue/ExternalIssueReport$Issue
instanceKlass org/sonar/scanner/externalissue/ExternalIssueReport$Rule
instanceKlass org/sonar/scanner/externalissue/ExternalIssueReport
instanceKlass org/sonar/plugins/common/analyzer/Analyzer
instanceKlass org/sonar/plugins/secrets/api/filters/RejectionLogger
instanceKlass org/sonar/plugins/common/git/GitService
instanceKlass org/sonar/plugins/python/ruff/RuffSensor$RelativePathIndex
instanceKlass org/sonar/plugins/python/ruff/RuffJsonReportReader$Issue
instanceKlass org/sonar/plugins/python/bandit/BanditJsonReportReader$Issue
instanceKlass org/sonar/plugins/python/TextReportReader$Issue
instanceKlass org/sonar/plugins/python/xunit/TestSuite
instanceKlass org/sonar/plugins/python/xunit/TestResult
instanceKlass org/sonar/plugins/python/xunit/TestCase
instanceKlass org/sonar/plugins/python/parser/StaxParser$XmlStreamHandler
instanceKlass org/sonar/plugins/python/PythonInputFile
instanceKlass org/sonarsource/performance/measure/PerformanceMeasure$Duration
instanceKlass org/sonar/plugins/python/Scanner
instanceKlass org/sonar/plugins/python/PythonChecks
instanceKlass org/sonar/plugins/python/api/caching/CacheContext
instanceKlass org/sonar/iac/common/extension/visitors/TreeContext
instanceKlass org/sonar/iac/kubernetes/plugin/HelmProcessor
instanceKlass org/sonar/iac/common/extension/visitors/TreeVisitor
instanceKlass org/sonar/iac/kubernetes/visitors/ProjectContext
instanceKlass org/sonar/iac/kubernetes/plugin/filesystem/FileSystemProvider
instanceKlass org/sonar/iac/common/reports/AbstractReportImporter
instanceKlass org/sonar/iac/common/reports/ReportImporter
instanceKlass org/sonar/iac/common/extension/analyzer/AbstractAnalyzer
instanceKlass org/sonar/iac/common/extension/analyzer/Analyzer
instanceKlass org/sonar/iac/common/extension/TreeParser
instanceKlass  @bci org/sonar/scanner/scan/SpringModuleScanContainer addExtensions ()V 15 <appendix> argL0 ; # org/sonar/scanner/scan/SpringModuleScanContainer$$Lambda+0x0000013c9c3df768
instanceKlass org/sonar/scanner/externalissue/ExternalIssueReportParser
instanceKlass org/sonar/scanner/externalissue/ExternalIssueReportValidator
instanceKlass org/sonar/api/scan/filesystem/FileExclusions
instanceKlass org/sonar/scanner/sensor/ModuleSensorsExecutor
instanceKlass  @bci org/sonar/scanner/scan/filesystem/ProjectFileIndexer index (Lorg/sonar/scanner/plugin/api/impl/fs/DefaultInputModule;)V 181 <appendix> member <vmtarget> ; # org/sonar/scanner/scan/filesystem/ProjectFileIndexer$$Lambda+0x0000013c9c3ddae8
instanceKlass  @bci org/sonar/scanner/scan/filesystem/ProjectFilePreprocessor getTestSourcesByModule (Lorg/sonar/scanner/plugin/api/impl/fs/DefaultInputModule;)Ljava/util/Optional; 16 <appendix> argL0 ; # org/sonar/scanner/scan/filesystem/ProjectFilePreprocessor$$Lambda+0x0000013c9c3dd8a8
instanceKlass  @bci org/sonar/scanner/scan/filesystem/InputComponentStore updateIndexedFileCountPerLanguage (Ljava/lang/String;Lorg/sonar/api/batch/fs/InputFile;)V 20 <appendix> argL0 ; # org/sonar/scanner/scan/filesystem/InputComponentStore$$Lambda+0x0000013c9c3dd678
instanceKlass  @bci org/sonar/scanner/scan/filesystem/InputComponentStore addToLanguageCache (Ljava/lang/String;Lorg/sonar/scanner/plugin/api/impl/fs/DefaultInputFile;)V 25 <appendix> argL0 ; # org/sonar/scanner/scan/filesystem/InputComponentStore$$Lambda+0x0000013c9c3dd438
instanceKlass  @bci org/sonar/scanner/util/ProgressReport message (Ljava/lang/String;)V 2 <appendix> member <vmtarget> ; # org/sonar/scanner/util/ProgressReport$$Lambda+0x0000013c9c3dd210
instanceKlass  @bci org/sonar/scanner/scan/filesystem/FileIndexer indexFile (Lorg/sonar/scanner/plugin/api/impl/fs/DefaultInputModule;Lorg/sonar/scanner/scan/filesystem/ModuleCoverageAndDuplicationExclusions;Ljava/nio/file/Path;Lorg/sonar/api/batch/fs/InputFile$Type;Lorg/sonar/scanner/util/ProgressReport;)V 341 <adapter> ; # java/lang/invoke/LambdaForm$MH+0x0000013c9c3e2800
instanceKlass  @bci org/sonar/plugins/python/api/types/v2/FullyQualifiedNameHelper getFullyQualifiedName (Lorg/sonar/plugins/python/api/types/v2/PythonType;)Ljava/util/Optional; 11 <appendix> form names 11 function resolvedHandle form names 5 function resolvedHandle form vmentry <vmtarget> ; # java/lang/invoke/LambdaForm$DMH+0x0000013c9c3e2400
instanceKlass  @bci org/sonar/scanner/scan/filesystem/FileIndexer indexFile (Lorg/sonar/scanner/plugin/api/impl/fs/DefaultInputModule;Lorg/sonar/scanner/scan/filesystem/ModuleCoverageAndDuplicationExclusions;Ljava/nio/file/Path;Lorg/sonar/api/batch/fs/InputFile$Type;Lorg/sonar/scanner/util/ProgressReport;)V 341 <appendix> form vmentry <vmtarget> ; # java/lang/invoke/LambdaForm$MH+0x0000013c9c3e2000
# instanceKlass java/lang/invoke/LambdaForm$MH+0x0000013c9c3e1c00
instanceKlass  @bci org/sonar/scanner/scan/filesystem/FileIndexer indexFile (Lorg/sonar/scanner/plugin/api/impl/fs/DefaultInputModule;Lorg/sonar/scanner/scan/filesystem/ModuleCoverageAndDuplicationExclusions;Ljava/nio/file/Path;Lorg/sonar/api/batch/fs/InputFile$Type;Lorg/sonar/scanner/util/ProgressReport;)V 341 <appendix> form names 8 function resolvedHandle form vmentry <vmtarget> ; # java/lang/invoke/LambdaForm$DMH+0x0000013c9c3e1800
instanceKlass  @bci org/sonar/scanner/scan/filesystem/FileIndexer indexFile (Lorg/sonar/scanner/plugin/api/impl/fs/DefaultInputModule;Lorg/sonar/scanner/scan/filesystem/ModuleCoverageAndDuplicationExclusions;Ljava/nio/file/Path;Lorg/sonar/api/batch/fs/InputFile$Type;Lorg/sonar/scanner/util/ProgressReport;)V 341 <appendix> argL3 form vmentry <vmtarget> ; # java/lang/invoke/LambdaForm$MH+0x0000013c9c3e1400
# instanceKlass java/lang/invoke/LambdaForm$MH+0x0000013c9c3e1000
# instanceKlass java/lang/invoke/LambdaForm$MH+0x0000013c9c3e0c00
# instanceKlass java/lang/invoke/LambdaForm$MH+0x0000013c9c3e0800
# instanceKlass java/lang/invoke/LambdaForm$MH+0x0000013c9c3e0400
instanceKlass  @bci org/sonar/scanner/scan/filesystem/FileIndexer indexFile (Lorg/sonar/scanner/plugin/api/impl/fs/DefaultInputModule;Lorg/sonar/scanner/scan/filesystem/ModuleCoverageAndDuplicationExclusions;Ljava/nio/file/Path;Lorg/sonar/api/batch/fs/InputFile$Type;Lorg/sonar/scanner/util/ProgressReport;)V 341 <appendix> form names 12 function resolvedHandle form vmentry <vmtarget> ; # java/lang/invoke/LambdaForm$DMH+0x0000013c9c3e0000
instanceKlass  @bci org/sonar/scanner/scan/filesystem/FileIndexer indexFile (Lorg/sonar/scanner/plugin/api/impl/fs/DefaultInputModule;Lorg/sonar/scanner/scan/filesystem/ModuleCoverageAndDuplicationExclusions;Ljava/nio/file/Path;Lorg/sonar/api/batch/fs/InputFile$Type;Lorg/sonar/scanner/util/ProgressReport;)V 341 <appendix> argL1 form vmentry <vmtarget> ; # java/lang/invoke/LambdaForm$MH+0x0000013c9c3dbc00
# instanceKlass java/lang/invoke/LambdaForm$MH+0x0000013c9c3db800
# instanceKlass java/lang/invoke/LambdaForm$MH+0x0000013c9c3db400
# instanceKlass java/lang/invoke/LambdaForm$MH+0x0000013c9c3db000
instanceKlass  @bci org/sonar/scanner/scan/filesystem/InputComponentStore updateIndexedFileCountPerLanguage (Ljava/lang/String;Lorg/sonar/api/batch/fs/InputFile;)V 46 <appendix> argL0 ; # org/sonar/scanner/scan/filesystem/InputComponentStore$$Lambda+0x0000013c9c3dcfe0
instanceKlass org/sonar/scanner/engine/commons/ExtensionLanguageMapping
instanceKlass  @bci org/sonar/scanner/scan/filesystem/InputComponentStore put (Ljava/lang/String;Lorg/sonar/api/batch/fs/InputFile;)Lorg/sonar/scanner/scan/filesystem/InputComponentStore; 126 <appendix> argL0 ; # org/sonar/scanner/scan/filesystem/InputComponentStore$$Lambda+0x0000013c9c3dcb98
instanceKlass org/sonar/scanner/plugin/api/impl/fs/predicates/AbstractFilePredicate
instanceKlass org/sonar/scanner/plugin/api/impl/fs/predicates/OptimizedFilePredicate
instanceKlass  @bci org/sonar/scanner/scan/filesystem/InputComponentStore put (Ljava/lang/String;Lorg/sonar/api/batch/fs/InputFile;)Lorg/sonar/scanner/scan/filesystem/InputComponentStore; 94 <appendix> argL0 ; # org/sonar/scanner/scan/filesystem/InputComponentStore$$Lambda+0x0000013c9c3dc240
instanceKlass  @bci org/sonar/scanner/scan/filesystem/InputComponentStore put (Ljava/lang/String;Lorg/sonar/api/batch/fs/InputFile;)Lorg/sonar/scanner/scan/filesystem/InputComponentStore; 16 <appendix> argL0 ; # org/sonar/scanner/scan/filesystem/InputComponentStore$$Lambda+0x0000013c9c3dc000
instanceKlass  @bci org/sonar/scanner/scan/filesystem/FileIndexer indexFile (Lorg/sonar/scanner/plugin/api/impl/fs/DefaultInputModule;Lorg/sonar/scanner/scan/filesystem/ModuleCoverageAndDuplicationExclusions;Ljava/nio/file/Path;Lorg/sonar/api/batch/fs/InputFile$Type;Lorg/sonar/scanner/util/ProgressReport;)V 132 <appendix> member <vmtarget> ; # org/sonar/scanner/scan/filesystem/FileIndexer$$Lambda+0x0000013c9c3cfcb0
instanceKlass  @bci org/sonar/scanner/scan/filesystem/FileIndexer indexFile (Lorg/sonar/scanner/plugin/api/impl/fs/DefaultInputModule;Lorg/sonar/scanner/scan/filesystem/ModuleCoverageAndDuplicationExclusions;Ljava/nio/file/Path;Lorg/sonar/api/batch/fs/InputFile$Type;Lorg/sonar/scanner/util/ProgressReport;)V 126 <appendix> member <vmtarget> ; # org/sonar/scanner/scan/filesystem/FileIndexer$$Lambda+0x0000013c9c3cfa78
instanceKlass sun/nio/fs/WindowsUriSupport
instanceKlass  @bci org/sonar/scanner/scm/ScmChangedFiles getOldRelativeFilePath (Ljava/nio/file/Path;)Ljava/lang/String; 13 <appendix> argL0 ; # org/sonar/scanner/scm/ScmChangedFiles$$Lambda+0x0000013c9c3cf838
instanceKlass  @bci org/sonar/scanner/scm/ScmChangedFiles getOldRelativeFilePath (Ljava/nio/file/Path;)Ljava/lang/String; 5 <appendix> argL0 ; # org/sonar/scanner/scm/ScmChangedFiles$$Lambda+0x0000013c9c3cf5e8
instanceKlass  @cpi org/sonar/plugins/python/PythonSensor 1022 form vmentry <vmtarget> ; # java/lang/invoke/LambdaForm$DMH+0x0000013c9c3dac00
instanceKlass  @bci org/sonar/scanner/scan/filesystem/ModuleCoverageAndDuplicationExclusions <init> (Lorg/sonar/scanner/scan/ModuleConfiguration;)V 12 <appendix> argL0 ; # org/sonar/scanner/scan/filesystem/ModuleCoverageAndDuplicationExclusions$$Lambda+0x0000013c9c3cf038
instanceKlass  @bci org/sonar/scanner/scan/filesystem/ModuleCoverageAndDuplicationExclusions <init> (Lorg/sonar/scanner/scan/ModuleConfiguration;)V 7 <appendix> member <vmtarget> ; # org/sonar/scanner/scan/filesystem/ModuleCoverageAndDuplicationExclusions$$Lambda+0x0000013c9c3cedf0
instanceKlass  @bci org/sonar/scanner/scan/filesystem/ProjectFileIndexer indexModulesRecursively (Lorg/sonar/scanner/plugin/api/impl/fs/DefaultInputModule;)V 29 <appendix> member <vmtarget> ; # org/sonar/scanner/scan/filesystem/ProjectFileIndexer$$Lambda+0x0000013c9c3cebb8
instanceKlass  @bci org/sonar/scanner/scan/filesystem/ProjectFileIndexer indexModulesRecursively (Lorg/sonar/scanner/plugin/api/impl/fs/DefaultInputModule;)V 15 <appendix> argL0 ; # org/sonar/scanner/scan/filesystem/ProjectFileIndexer$$Lambda+0x0000013c9c3ce978
# instanceKlass java/lang/invoke/LambdaForm$MH+0x0000013c9c3da800
# instanceKlass java/lang/invoke/LambdaForm$MH+0x0000013c9c3da400
# instanceKlass java/lang/invoke/LambdaForm$MH+0x0000013c9c3da000
# instanceKlass java/lang/invoke/LambdaForm$MH+0x0000013c9c3d9c00
# instanceKlass java/lang/invoke/LambdaForm$MH+0x0000013c9c3d9800
# instanceKlass java/lang/invoke/LambdaForm$MH+0x0000013c9c3d9400
# instanceKlass java/lang/invoke/LambdaForm$MH+0x0000013c9c3d9000
# instanceKlass java/lang/invoke/LambdaForm$MH+0x0000013c9c3d8c00
# instanceKlass java/lang/invoke/LambdaForm$MH+0x0000013c9c3d8800
# instanceKlass java/lang/invoke/LambdaForm$MH+0x0000013c9c3d8400
# instanceKlass java/lang/invoke/LambdaForm$MH+0x0000013c9c3d8000
# instanceKlass java/lang/invoke/LambdaForm$MH+0x0000013c9c3d7c00
# instanceKlass java/lang/invoke/LambdaForm$MH+0x0000013c9c3d7800
# instanceKlass java/lang/invoke/LambdaForm$MH+0x0000013c9c3d7400
# instanceKlass java/lang/invoke/LambdaForm$BMH+0x0000013c9c3d7000
# instanceKlass java/lang/invoke/LambdaForm$DMH+0x0000013c9c3d6c00
# instanceKlass java/lang/invoke/LambdaForm$DMH+0x0000013c9c3d6800
# instanceKlass java/lang/invoke/LambdaForm$MH+0x0000013c9c3d6400
# instanceKlass java/lang/invoke/LambdaForm$MH+0x0000013c9c3d6000
# instanceKlass java/lang/invoke/LambdaForm$DMH+0x0000013c9c3d5c00
# instanceKlass java/lang/invoke/LambdaForm$MH+0x0000013c9c3d5800
# instanceKlass java/lang/invoke/LambdaForm$MH+0x0000013c9c3d5400
# instanceKlass java/lang/invoke/LambdaForm$MH+0x0000013c9c3d5000
# instanceKlass java/lang/invoke/LambdaForm$MH+0x0000013c9c3d4c00
# instanceKlass java/lang/invoke/LambdaForm$MH+0x0000013c9c3d4800
# instanceKlass java/lang/invoke/LambdaForm$MH+0x0000013c9c3d4400
# instanceKlass java/lang/invoke/LambdaForm$MH+0x0000013c9c3d4000
# instanceKlass java/lang/invoke/LambdaForm$MH+0x0000013c9c3d3c00
# instanceKlass java/lang/invoke/LambdaForm$MH+0x0000013c9c3d3800
# instanceKlass java/lang/invoke/LambdaForm$MH+0x0000013c9c3d3400
# instanceKlass java/lang/invoke/LambdaForm$MH+0x0000013c9c3d3000
# instanceKlass java/lang/invoke/LambdaForm$MH+0x0000013c9c3d2c00
# instanceKlass java/lang/invoke/LambdaForm$MH+0x0000013c9c3d2800
# instanceKlass java/lang/invoke/LambdaForm$MH+0x0000013c9c3d2400
# instanceKlass java/lang/invoke/LambdaForm$BMH+0x0000013c9c3d2000
# instanceKlass java/lang/invoke/LambdaForm$DMH+0x0000013c9c3d1c00
# instanceKlass java/lang/invoke/LambdaForm$DMH+0x0000013c9c3d1800
# instanceKlass java/lang/invoke/LambdaForm$MH+0x0000013c9c3d1400
# instanceKlass java/lang/invoke/LambdaForm$MH+0x0000013c9c3d1000
instanceKlass  @bci org/sonar/scanner/scm/ScmChangedFiles toChangedFilesByPathMap (Ljava/util/Set;)Ljava/util/Map; 4 <appendix> argL0 ; # org/sonar/scanner/scm/ScmChangedFiles$$Lambda+0x0000013c9c3ce738
# instanceKlass java/lang/invoke/LambdaForm$MH+0x0000013c9c3d0c00
# instanceKlass java/lang/invoke/LambdaForm$MH+0x0000013c9c3d0800
# instanceKlass java/lang/invoke/LambdaForm$MH+0x0000013c9c3d0400
# instanceKlass java/lang/invoke/LambdaForm$MH+0x0000013c9c3d0000
instanceKlass com/google/protobuf/MapField$MutabilityAwareMap$MutabilityAwareIterator
instanceKlass com/google/protobuf/MapField$MutabilityAwareMap$MutabilityAwareSet
instanceKlass  @bci org/sonar/scanner/repository/DefaultProjectRepositoriesLoader constructFileDataMap (Ljava/util/Map;)Ljava/util/Map; 10 <appendix> member <vmtarget> ; # org/sonar/scanner/repository/DefaultProjectRepositoriesLoader$$Lambda+0x0000013c9c3cde90
instanceKlass org/sonarqube/ws/Batch$WsProjectResponse$FileDataByModuleAndPathDefaultEntryHolder
instanceKlass com/google/protobuf/MapField$MutabilityAwareMap
instanceKlass com/google/protobuf/MapField$ImmutableMessageConverter
instanceKlass com/google/protobuf/MapField$Converter
instanceKlass com/google/protobuf/CodedInputStream$1
instanceKlass com/google/protobuf/MapEntryLite$1
instanceKlass com/google/protobuf/MapEntryLite
instanceKlass com/google/protobuf/MapEntryLite$Metadata
instanceKlass com/google/protobuf/JavaFeaturesProto$JavaFeatures$NestInFileClassFeature$NestInFileClass$1
instanceKlass com/google/protobuf/JavaFeaturesProto$JavaFeatures$Utf8Validation$1
instanceKlass com/google/protobuf/DescriptorProtos$FeatureSet$VisibilityFeature$DefaultSymbolVisibility$1
instanceKlass com/google/protobuf/DescriptorProtos$FeatureSet$EnforceNamingStyle$1
instanceKlass com/google/protobuf/DescriptorProtos$FeatureSet$JsonFormat$1
instanceKlass com/google/protobuf/DescriptorProtos$FeatureSet$MessageEncoding$1
instanceKlass com/google/protobuf/DescriptorProtos$FeatureSet$Utf8Validation$1
instanceKlass com/google/protobuf/DescriptorProtos$FeatureSet$RepeatedFieldEncoding$1
instanceKlass com/google/protobuf/DescriptorProtos$FeatureSet$EnumType$1
instanceKlass com/google/protobuf/DescriptorProtos$FeatureSet$FieldPresence$1
instanceKlass com/google/protobuf/SmallSortedMap$Entry
instanceKlass com/google/protobuf/InternalLazyField
instanceKlass com/google/protobuf/FieldSet$1
instanceKlass com/google/protobuf/MessageReflection$1
instanceKlass com/google/protobuf/MessageReflection
instanceKlass com/google/protobuf/MessageReflection$ExtensionBuilderAdapter
instanceKlass com/google/protobuf/UnknownFieldSet$Builder
instanceKlass com/google/protobuf/FieldSet$Builder
instanceKlass com/google/protobuf/DescriptorProtos$FeatureSetDefaults$FeatureSetEditionDefaultOrBuilder
instanceKlass com/google/protobuf/ExtensionRegistry$DescriptorIntPair
instanceKlass com/google/protobuf/ExtensionRegistry$1
instanceKlass com/google/protobuf/GeneratedMessage$GeneratedExtension$1
instanceKlass com/google/protobuf/JavaFeaturesProto$JavaFeaturesOrBuilder
instanceKlass  @bci com/google/protobuf/Descriptors$EnumValueDescriptor <clinit> ()V 10 <appendix> argL0 ; # com/google/protobuf/Descriptors$EnumValueDescriptor$$Lambda+0x0000013c9c3be3d0
instanceKlass com/google/protobuf/Descriptors$EnumValueDescriptor$1
instanceKlass java/util/DualPivotQuicksort
instanceKlass com/google/protobuf/DescriptorProtos$FieldOptions$OptionTargetType$1
instanceKlass com/google/protobuf/DescriptorProtos$EnumValueOptionsOrBuilder
instanceKlass com/google/protobuf/DescriptorProtos$EnumDescriptorProto$EnumReservedRangeOrBuilder
instanceKlass com/google/protobuf/DescriptorProtos$EnumValueDescriptorProtoOrBuilder
instanceKlass com/google/protobuf/DescriptorProtos$EnumOptionsOrBuilder
instanceKlass com/google/protobuf/DescriptorProtos$FieldOptions$OptionRetention$1
instanceKlass com/google/protobuf/DescriptorProtos$FieldOptions$EditionDefaultOrBuilder
instanceKlass com/google/protobuf/DescriptorProtos$ExtensionRangeOptionsOrBuilder
instanceKlass com/google/protobuf/DescriptorProtos$FeatureSetDefaultsOrBuilder
instanceKlass com/google/protobuf/DescriptorProtos$Edition$1
instanceKlass com/google/protobuf/SmallSortedMap$EntryIterator
instanceKlass com/google/protobuf/GeneratedMessage$FieldAccessorTable$OneofAccessor
instanceKlass com/google/protobuf/GeneratedMessage$FieldAccessorTable$FieldAccessor
instanceKlass com/google/protobuf/GeneratedMessage$FieldAccessorTable
instanceKlass com/google/protobuf/DescriptorProtos$FieldOptions$1
instanceKlass com/google/protobuf/DescriptorProtos$FieldOptions$FeatureSupportOrBuilder
instanceKlass com/google/protobuf/Internal$IntListAdapter$IntConverter
instanceKlass  @bci com/google/protobuf/Descriptors$FieldDescriptor <clinit> ()V 0 <appendix> argL0 ; # com/google/protobuf/Descriptors$FieldDescriptor$$Lambda+0x0000013c9c3ad498
instanceKlass com/google/protobuf/Descriptors
instanceKlass com/google/protobuf/Descriptors$FileDescriptorTables
instanceKlass com/google/protobuf/DescriptorProtos$FileOptions$OptimizeMode$1
instanceKlass com/google/protobuf/DescriptorProtos$UninterpretedOptionOrBuilder
instanceKlass com/google/protobuf/MessageReflection$MergeTarget
instanceKlass com/google/protobuf/FieldSet
instanceKlass com/google/protobuf/DescriptorProtos$FeatureSetOrBuilder
instanceKlass com/google/protobuf/GeneratedMessage$ExtendableMessage$ExtensionSerializer
instanceKlass com/google/protobuf/DescriptorProtos$FieldDescriptorProto$Type$1
instanceKlass com/google/protobuf/DescriptorProtos$FieldDescriptorProto$Label$1
instanceKlass com/google/protobuf/DescriptorProtos$FieldOptionsOrBuilder
instanceKlass com/google/protobuf/DescriptorProtos$DescriptorProto$ReservedRangeOrBuilder
instanceKlass com/google/protobuf/DescriptorProtos$OneofDescriptorProtoOrBuilder
instanceKlass com/google/protobuf/DescriptorProtos$DescriptorProto$ExtensionRangeOrBuilder
instanceKlass com/google/protobuf/DescriptorProtos$MessageOptionsOrBuilder
instanceKlass com/google/protobuf/DescriptorProtos$ServiceDescriptorProtoOrBuilder
instanceKlass com/google/protobuf/DescriptorProtos$EnumDescriptorProtoOrBuilder
instanceKlass com/google/protobuf/DescriptorProtos$DescriptorProtoOrBuilder
instanceKlass com/google/protobuf/DescriptorProtos$FieldDescriptorProtoOrBuilder
instanceKlass com/google/protobuf/PrimitiveNonBoxingCollection
instanceKlass com/google/protobuf/DescriptorProtos$FileOptionsOrBuilder
instanceKlass com/google/protobuf/DescriptorProtos$SourceCodeInfoOrBuilder
instanceKlass com/google/protobuf/GeneratedMessage$ExtendableMessageOrBuilder
instanceKlass com/google/protobuf/DescriptorProtos$FileDescriptorProtoOrBuilder
instanceKlass org/sonarqube/ws/Batch$WsProjectResponse$FileDataByPathDefaultEntryHolder
instanceKlass org/sonarqube/ws/Batch$WsProjectResponse$Builder$FileDataByPathConverter
instanceKlass org/sonarqube/ws/Batch$WsProjectResponse$Builder$FileDataByModuleAndPathConverter
instanceKlass org/sonarqube/ws/Batch$WsProjectResponse$FileDataByPathOrBuilder
instanceKlass com/google/protobuf/MapFieldBuilder$Converter
# instanceKlass java/lang/invoke/LambdaForm$MH+0x0000013c9c398000
# instanceKlass java/lang/invoke/LambdaForm$MH+0x0000013c9c394400
instanceKlass  @bci org/sonar/scanner/scan/filesystem/AbstractCoverageAndDuplicationExclusions <init> (Ljava/util/function/Function;Ljava/util/function/Function;)V 73 <appendix> argL0 ; # org/sonar/scanner/scan/filesystem/AbstractCoverageAndDuplicationExclusions$$Lambda+0x0000013c9c394800
instanceKlass  @bci org/sonar/scanner/scan/filesystem/AbstractCoverageAndDuplicationExclusions <init> (Ljava/util/function/Function;Ljava/util/function/Function;)V 32 <appendix> argL0 ; # org/sonar/scanner/scan/filesystem/AbstractCoverageAndDuplicationExclusions$$Lambda+0x0000013c9c393d98
instanceKlass  @bci org/sonar/scanner/scan/filesystem/ProjectCoverageAndDuplicationExclusions <init> (Lorg/sonar/scanner/scan/ProjectConfiguration;)V 12 <appendix> argL0 ; # org/sonar/scanner/scan/filesystem/ProjectCoverageAndDuplicationExclusions$$Lambda+0x0000013c9c393b58
instanceKlass org/sonar/api/batch/fs/TextPointer
instanceKlass  @bci org/sonar/scanner/scan/filesystem/ProjectCoverageAndDuplicationExclusions <init> (Lorg/sonar/scanner/scan/ProjectConfiguration;)V 7 <appendix> member <vmtarget> ; # org/sonar/scanner/scan/filesystem/ProjectCoverageAndDuplicationExclusions$$Lambda+0x0000013c9c393108
instanceKlass sun/nio/ch/FileKey
instanceKlass sun/nio/ch/FileLockTable
instanceKlass org/sonar/scanner/issue/DefaultIssueFilterChain
instanceKlass  @bci org/sonar/scanner/extension/AbstractExtensionDictionary sort (Ljava/util/Collection;)Ljava/util/List; 175 <appendix> member <vmtarget> ; # org/sonar/scanner/extension/AbstractExtensionDictionary$$Lambda+0x0000013c9c392c80
instanceKlass jdk/internal/vm/annotation/IntrinsicCandidate
instanceKlass org/sonar/api/utils/dag/Node
instanceKlass com/google/gson/internal/LinkedTreeMap$Node
instanceKlass com/google/gson/internal/LinkedTreeMap$1
instanceKlass com/google/gson/internal/bind/JsonElementTypeAdapter$1
instanceKlass com/google/gson/stream/JsonWriter
instanceKlass com/google/gson/TypeAdapter
instanceKlass com/google/gson/JsonElement
instanceKlass com/google/gson/internal/Streams
instanceKlass com/google/gson/internal/JsonReaderInternalAccess
instanceKlass com/google/gson/stream/JsonReader
instanceKlass com/google/gson/JsonParser
instanceKlass java/util/zip/ZipFile$ZipEntryIterator
instanceKlass java/net/URLClassLoader$3$1
instanceKlass java/net/URLClassLoader$3
instanceKlass org/sonar/plugins/python/api/nosonar/NoSonarInfoParser
instanceKlass  @bci org/sonar/core/metric/ScannerMetrics getPluginMetrics (Ljava/util/stream/Stream;)Ljava/util/stream/Stream; 21 <appendix> argL0 ; # org/sonar/core/metric/ScannerMetrics$$Lambda+0x0000013c9c392580
instanceKlass  @bci org/sonar/core/metric/ScannerMetrics getPluginMetrics (Ljava/util/stream/Stream;)Ljava/util/stream/Stream; 11 <appendix> argL0 ; # org/sonar/core/metric/ScannerMetrics$$Lambda+0x0000013c9c392330
instanceKlass  @bci org/sonar/core/metric/ScannerMetrics getPluginMetrics (Ljava/util/stream/Stream;)Ljava/util/stream/Stream; 1 <appendix> argL0 ; # org/sonar/core/metric/ScannerMetrics$$Lambda+0x0000013c9c3920f0
instanceKlass java/util/LinkedList$Node
# instanceKlass java/lang/invoke/LambdaForm$MH+0x0000013c9c394000
instanceKlass org/sonar/api/measures/Metric$Builder
instanceKlass org/sonar/api/measures/CoreMetrics
instanceKlass org/sonar/api/measures/Metric
instanceKlass org/sonar/core/metric/package-info
instanceKlass org/sonar/api/measures/Metrics
instanceKlass java/time/Duration$1
instanceKlass org/sonarqube/ws/Ce$TaskStatus$1
instanceKlass com/google/protobuf/Internal$EnumLiteMap
instanceKlass com/sonar/sca/scanner/ScaScanner
instanceKlass com/sonar/sca/scanner/spi/ScaHttpResponse
instanceKlass org/sonar/scanner/plugin/api/impl/sensor/DefaultSensorDescriptor
instanceKlass org/sonar/scanner/sensor/AbstractSensorWrapper
instanceKlass org/sonar/api/utils/dag/DirectAcyclicGraph
instanceKlass org/sonar/scanner/postjob/PostJobWrapper
instanceKlass org/sonar/api/batch/postjob/PostJob
instanceKlass org/sonar/scanner/plugin/api/impl/postjob/DefaultPostJobDescriptor
instanceKlass org/sonar/api/batch/postjob/PostJobDescriptor
instanceKlass org/sonarqube/ws/Qualitygates$ProjectStatusResponse$ProjectStatusOrBuilder
instanceKlass org/sonarqube/ws/Ce$TaskOrBuilder
instanceKlass org/sonar/api/resources/Languages
instanceKlass org/sonar/plugins/python/api/SonarLintCache
instanceKlass org/sonar/python/semantic/ProjectLevelSymbolTable
instanceKlass javax/annotation/meta/TypeQualifier
instanceKlass javax/annotation/Nonnull
instanceKlass javax/annotation/CheckForNull
instanceKlass org/sonar/plugins/python/indexer/PythonIndexer
instanceKlass org/sonar/plugins/python/api/PythonCustomRuleRepository
instanceKlass org/sonar/plugins/python/api/PythonFileConsumer
instanceKlass org/sonar/plugins/python/api/tree/Token
instanceKlass org/sonar/plugins/python/api/tree/Trivia
instanceKlass org/sonar/plugins/python/api/tree/FileInput
instanceKlass org/sonar/plugins/python/api/tree/Tree
instanceKlass org/sonar/scanner/externalissue/sarif/SarifIssuesImportSensor
instanceKlass org/sonar/scanner/externalissue/ExternalIssuesImportSensor
instanceKlass org/sonar/scanner/genericcoverage/GenericTestExecutionSensor
instanceKlass org/sonar/scanner/genericcoverage/GenericCoverageSensor
instanceKlass org/sonar/scanner/cpd/JavaCpdBlockIndexerSensor
instanceKlass org/sonar/scanner/source/ZeroCoverageSensor
instanceKlass org/sonar/core/config/DebtProperties
instanceKlass org/sonar/core/config/ExclusionProperties
instanceKlass org/sonar/api/config/PropertyFieldDefinition$Builder
instanceKlass org/sonar/core/config/IssueExclusionProperties
instanceKlass org/sonar/core/config/CorePropertyDefinitions
instanceKlass org/sonar/scanner/sca/ScaExecutor
instanceKlass org/sonar/scanner/sca/ScaWsClientAdapter
instanceKlass com/sonar/sca/scanner/spi/ScaHttpClient
instanceKlass org/sonar/scanner/scan/filesystem/ProjectFileIndexer
instanceKlass org/sonar/scanner/scan/filesystem/FileIndexer
instanceKlass org/sonar/scanner/scan/filesystem/InputFileFilterRepository
instanceKlass org/sonar/scanner/mediumtest/AnalysisObservers
instanceKlass org/sonar/scanner/sensor/AbstractSensorOptimizer
instanceKlass org/sonar/scanner/sensor/ProjectSensorsExecutor
instanceKlass org/sonar/scanner/plugin/api/impl/fs/SensorStrategy
instanceKlass org/sonar/scanner/extension/AbstractExtensionDictionary
instanceKlass org/sonar/scanner/postjob/DefaultPostJobContext
instanceKlass org/sonar/api/batch/postjob/PostJobContext
instanceKlass org/sonar/scanner/postjob/PostJobOptimizer
instanceKlass org/sonar/scanner/postjob/PostJobsExecutor
instanceKlass org/sonar/scanner/qualitygate/QualityGateCheck
instanceKlass org/sonar/core/config/ScannerProperties
instanceKlass org/sonar/core/language/LanguagesProvider
instanceKlass org/sonar/scanner/scan/branch/BranchConfigurationSource
instanceKlass org/sonar/plugins/python/DependencyTelemetrySensor
instanceKlass org/sonar/plugins/python/ruff/RuffRulesDefinition
instanceKlass org/sonar/plugins/python/mypy/MypyRulesDefinition
instanceKlass org/sonar/plugins/python/flake8/Flake8RulesDefinition
instanceKlass org/sonar/plugins/python/bandit/BanditRulesDefinition
instanceKlass org/sonar/plugins/python/pylint/PylintRulesDefinition
instanceKlass org/sonar/plugins/python/ExternalIssuesSensor
instanceKlass org/sonar/plugins/python/PythonReportSensor
instanceKlass org/sonar/plugins/python/coverage/PythonCoverageSensor
instanceKlass org/sonar/plugins/python/editions/OpenSourceRepositoryInfoProvider
instanceKlass org/sonar/plugins/python/editions/RepositoryInfoProvider
instanceKlass org/sonar/plugins/python/IPynbSensor
instanceKlass org/sonar/plugins/python/IPynbAIQualityProfile
instanceKlass org/sonar/plugins/python/IPynbProfile
instanceKlass org/sonar/plugins/python/api/SonarLintCacheWrapper
instanceKlass org/sonar/plugins/python/editions/RepositoryInfoProviderWrapper
instanceKlass org/sonar/plugins/python/indexer/ProjectLevelSymbolTableWrapper
instanceKlass org/sonar/plugins/python/indexer/PythonIndexerWrapper
instanceKlass org/sonar/plugins/python/api/PythonCustomRuleRepositoryWrapper
instanceKlass org/sonar/plugins/python/architecture/ArchitectureCallbackWrapper
instanceKlass org/sonar/plugins/python/warnings/AnalysisWarningsWrapper
instanceKlass org/sonar/plugins/python/AbstractPythonRuleRepository
instanceKlass org/sonar/plugins/python/PythonSensor
instanceKlass org/sonar/plugins/python/AIQualityProfile
instanceKlass org/sonar/plugins/python/PythonProfile
instanceKlass  @bci org/sonar/api/config/PropertyDefinition$Builder validateQualifier (Ljava/lang/String;)Lorg/sonar/api/config/PropertyDefinition$ConfigScope; 35 <appendix> argL0 ; # org/sonar/api/config/PropertyDefinition$Builder$$Lambda+0x0000013c9c377708
instanceKlass  @bci org/sonar/api/config/PropertyDefinition$ConfigScope fromKey (Ljava/lang/String;)Lorg/sonar/api/config/PropertyDefinition$ConfigScope; 7 <appendix> member <vmtarget> ; # org/sonar/api/config/PropertyDefinition$ConfigScope$$Lambda+0x0000013c9c3774b0
instanceKlass org/sonar/plugins/python/nosonar/NoSonarIssueFilter
instanceKlass org/sonar/plugins/python/nosonar/SecurityRuleKeyProvider
instanceKlass org/sonar/plugins/python/nosonar/NoSonarLineInfoCollector
instanceKlass org/sonar/python/project/config/ProjectConfigurationBuilder
instanceKlass org/sonar/plugins/python/PythonExtensions
instanceKlass  @bci org/sonar/scanner/scan/SpringProjectScanContainer getScannerProjectExtensionsFilter ()Lorg/sonar/scanner/extension/ExtensionMatcher; 0 <appendix> argL0 ; # org/sonar/scanner/scan/SpringProjectScanContainer$$Lambda+0x0000013c9c377290
instanceKlass  @bci org/sonar/scanner/bootstrap/ScannerPluginRepository installPluginsForLanguages (Ljava/util/Set;)Ljava/util/Collection; 300 <appendix> argL0 ; # org/sonar/scanner/bootstrap/ScannerPluginRepository$$Lambda+0x0000013c9c377050
instanceKlass org/sonar/plugins/python/PythonPlugin
instanceKlass  @bci org/sonar/scanner/bootstrap/ScannerPluginRepository installPluginsForLanguages (Ljava/util/Set;)Ljava/util/Collection; 54 <appendix> member <vmtarget> ; # org/sonar/scanner/bootstrap/ScannerPluginRepository$$Lambda+0x0000013c9c376e08
instanceKlass  @bci org/sonar/scanner/bootstrap/ScannerPluginRepository installPluginsForLanguages (Ljava/util/Set;)Ljava/util/Collection; 48 <appendix> argL0 ; # org/sonar/scanner/bootstrap/ScannerPluginRepository$$Lambda+0x0000013c9c376bc8
instanceKlass  @bci org/sonar/scanner/bootstrap/ScannerPluginInstaller installPluginsForLanguages (Ljava/util/Set;)Ljava/util/Map; 41 <appendix> argL0 ; # org/sonar/scanner/bootstrap/ScannerPluginInstaller$$Lambda+0x0000013c9c376978
instanceKlass  @bci org/sonar/scanner/bootstrap/ScannerPluginInstaller installPluginsForLanguages (Ljava/util/Set;)Ljava/util/Map; 23 <appendix> member <vmtarget> ; # org/sonar/scanner/bootstrap/ScannerPluginInstaller$$Lambda+0x0000013c9c376720
instanceKlass  @bci org/sonar/scanner/scan/filesystem/ProjectFileIndexer index ()V 101 <appendix> form vmentry <vmtarget> ; # java/lang/invoke/LambdaForm$MH+0x0000013c9c37c000
# instanceKlass java/lang/invoke/LambdaForm$MH+0x0000013c9c37bc00
instanceKlass  @bci org/sonar/scanner/scan/filesystem/ProjectFileIndexer index ()V 101 <appendix> argL3 form vmentry <vmtarget> ; # java/lang/invoke/LambdaForm$MH+0x0000013c9c37b800
# instanceKlass java/lang/invoke/LambdaForm$MH+0x0000013c9c37b400
# instanceKlass java/lang/invoke/LambdaForm$MH+0x0000013c9c37b000
# instanceKlass java/lang/invoke/LambdaForm$MH+0x0000013c9c37ac00
# instanceKlass java/lang/invoke/LambdaForm$MH+0x0000013c9c37a800
instanceKlass  @bci org/sonar/scanner/scan/filesystem/ProjectFileIndexer index ()V 101 <appendix> argL1 form vmentry <vmtarget> ; # java/lang/invoke/LambdaForm$MH+0x0000013c9c37a400
# instanceKlass java/lang/invoke/LambdaForm$MH+0x0000013c9c37a000
# instanceKlass java/lang/invoke/LambdaForm$MH+0x0000013c9c379c00
# instanceKlass java/lang/invoke/LambdaForm$MH+0x0000013c9c379800
instanceKlass  @bci org/sonar/scanner/scan/filesystem/LanguageDetection getDetectedLanguages ()Ljava/util/Set; 14 <appendix> argL0 ; # org/sonar/scanner/scan/filesystem/LanguageDetection$$Lambda+0x0000013c9c3760d0
instanceKlass  @bci org/sonar/scanner/scan/filesystem/ProjectFilePreprocessor processModule (Lorg/sonar/scanner/plugin/api/impl/fs/DefaultInputModule;Lorg/sonar/scanner/scan/filesystem/ProjectFilePreprocessor$ExclusionCounter;)V 154 <appendix> member <vmtarget> ; # org/sonar/scanner/scan/filesystem/ProjectFilePreprocessor$$Lambda+0x0000013c9c375e98
instanceKlass  @cpi org/sonar/scanner/scan/filesystem/ProjectFileIndexer 505 form vmentry <vmtarget> ; # java/lang/invoke/LambdaForm$DMH+0x0000013c9c379400
instanceKlass org/apache/commons/io/FilenameUtils
instanceKlass org/sonar/api/internal/apachecommons/io/FilenameUtils
instanceKlass org/sonar/api/utils/PathUtils
instanceKlass  @bci org/sonar/scanner/scan/filesystem/LanguageDetection isCandidateForLanguage (Ljava/nio/file/Path;Ljava/nio/file/Path;Lorg/sonar/scanner/repository/language/Language;)Z 27 <appendix> member <vmtarget> ; # org/sonar/scanner/scan/filesystem/LanguageDetection$$Lambda+0x0000013c9c375628
instanceKlass  @bci org/sonar/scanner/scan/filesystem/ProjectFilePreprocessor lambda$processDirectory$6 (Lorg/sonar/scanner/plugin/api/impl/fs/DefaultInputModule;Lorg/sonar/scanner/scan/filesystem/ModuleExclusionFilters;Lorg/sonar/api/batch/fs/InputFile$Type;Lorg/sonar/scanner/scan/filesystem/ProjectFilePreprocessor$ExclusionCounter;Ljava/util/List;Ljava/nio/file/Path;)V 35 <appendix> member <vmtarget> ; # org/sonar/scanner/scan/filesystem/ProjectFilePreprocessor$$Lambda+0x0000013c9c375400
instanceKlass  @bci org/sonar/scanner/scan/filesystem/ProjectFilePreprocessor lambda$processDirectory$6 (Lorg/sonar/scanner/plugin/api/impl/fs/DefaultInputModule;Lorg/sonar/scanner/scan/filesystem/ModuleExclusionFilters;Lorg/sonar/api/batch/fs/InputFile$Type;Lorg/sonar/scanner/scan/filesystem/ProjectFilePreprocessor$ExclusionCounter;Ljava/util/List;Ljava/nio/file/Path;)V 25 <appendix> member <vmtarget> ; # org/sonar/scanner/scan/filesystem/ProjectFilePreprocessor$$Lambda+0x0000013c9c3751c8
instanceKlass  @bci org/sonar/scanner/scan/filesystem/HiddenFilesProjectData markAsHiddenFile (Ljava/nio/file/Path;Lorg/sonar/scanner/plugin/api/impl/fs/DefaultInputModule;)V 5 <appendix> argL0 ; # org/sonar/scanner/scan/filesystem/HiddenFilesProjectData$$Lambda+0x0000013c9c374f88
instanceKlass java/nio/file/FileTreeWalker$1
instanceKlass org/sonar/scanner/scan/filesystem/HiddenFilesVisitorHelper
instanceKlass  @bci org/sonar/scanner/scan/filesystem/ProjectFilePreprocessor processDirectory (Lorg/sonar/scanner/plugin/api/impl/fs/DefaultInputModule;Lorg/sonar/scanner/scan/ModuleConfiguration;Lorg/sonar/scanner/scan/filesystem/ModuleExclusionFilters;Ljava/nio/file/Path;Lorg/sonar/api/batch/fs/InputFile$Type;Lorg/sonar/scanner/scan/filesystem/ProjectFilePreprocessor$ExclusionCounter;)Ljava/util/List; 38 <appendix> member <vmtarget> ; # org/sonar/scanner/scan/filesystem/ProjectFilePreprocessor$$Lambda+0x0000013c9c374b20
instanceKlass  @cpi org/sonar/scanner/scan/filesystem/ProjectFilePreprocessor 676 form vmentry <vmtarget> ; # java/lang/invoke/LambdaForm$DMH+0x0000013c9c379000
instanceKlass org/sonar/scanner/scan/filesystem/DirectoryFileVisitor$FileVisitAction
instanceKlass org/sonar/scanner/scan/filesystem/DirectoryFileVisitor
instanceKlass  @bci org/sonar/scanner/scan/filesystem/ProjectFilePreprocessor processModule (Lorg/sonar/scanner/plugin/api/impl/fs/DefaultInputModule;Lorg/sonar/scanner/scan/filesystem/ProjectFilePreprocessor$ExclusionCounter;)V 86 <adapter> ; # java/lang/invoke/LambdaForm$MH+0x0000013c9c378c00
# instanceKlass java/lang/invoke/LambdaForm$DMH+0x0000013c9c378800
instanceKlass  @bci org/sonar/scanner/scan/filesystem/ProjectFilePreprocessor processModule (Lorg/sonar/scanner/plugin/api/impl/fs/DefaultInputModule;Lorg/sonar/scanner/scan/filesystem/ProjectFilePreprocessor$ExclusionCounter;)V 86 <appendix> form vmentry <vmtarget> ; # java/lang/invoke/LambdaForm$DMH+0x0000013c9c378400
instanceKlass  @bci org/sonar/scanner/scan/filesystem/ProjectFilePreprocessor processModule (Lorg/sonar/scanner/plugin/api/impl/fs/DefaultInputModule;Lorg/sonar/scanner/scan/filesystem/ProjectFilePreprocessor$ExclusionCounter;)V 86 <appendix> member <vmtarget> ; # org/sonar/scanner/scan/filesystem/ProjectFilePreprocessor$$Lambda+0x0000013c9c374280
instanceKlass  @cpi org/sonar/scanner/scan/filesystem/ProjectFilePreprocessor 658 form vmentry <vmtarget> ; # java/lang/invoke/LambdaForm$DMH+0x0000013c9c378000
instanceKlass  @bci org/sonar/scanner/scan/filesystem/ModuleExclusionFilters <init> (Lorg/sonar/scanner/scan/ModuleConfiguration;Lorg/sonar/api/notifications/AnalysisWarnings;)V 8 <appendix> member <vmtarget> ; # org/sonar/scanner/scan/filesystem/ModuleExclusionFilters$$Lambda+0x0000013c9c374038
instanceKlass org/sonar/scanner/plugin/api/impl/scan/ProjectDefinitions
instanceKlass  @bci org/sonar/scanner/scan/ModuleConfigurationProvider provide (Lorg/sonar/scanner/bootstrap/GlobalConfiguration;Lorg/sonar/scanner/plugin/api/impl/fs/DefaultInputModule;Lorg/sonar/scanner/bootstrap/GlobalServerSettings;Lorg/sonar/scanner/scan/ProjectServerSettings;Ljava/util/Set;)Lorg/sonar/scanner/scan/ModuleConfiguration; 33 <appendix> member <vmtarget> ; # org/sonar/scanner/scan/ModuleConfigurationProvider$$Lambda+0x0000013c9c373bf8
instanceKlass  @bci org/sonar/scanner/scan/ModuleConfigurationProvider provide (Lorg/sonar/scanner/bootstrap/GlobalConfiguration;Lorg/sonar/scanner/plugin/api/impl/fs/DefaultInputModule;Lorg/sonar/scanner/bootstrap/GlobalServerSettings;Lorg/sonar/scanner/scan/ProjectServerSettings;Ljava/util/Set;)Lorg/sonar/scanner/scan/ModuleConfiguration; 16 <appendix> argL0 ; # org/sonar/scanner/scan/ModuleConfigurationProvider$$Lambda+0x0000013c9c3739b8
instanceKlass org/sonar/scanner/scan/ModuleConfigurationProvider
instanceKlass  @bci org/sonar/scanner/scan/filesystem/ProjectFilePreprocessor processModulesRecursively (Lorg/sonar/scanner/plugin/api/impl/fs/DefaultInputModule;Lorg/sonar/scanner/scan/filesystem/ProjectFilePreprocessor$ExclusionCounter;)V 30 <appendix> member <vmtarget> ; # org/sonar/scanner/scan/filesystem/ProjectFilePreprocessor$$Lambda+0x0000013c9c373568
instanceKlass  @bci org/sonar/scanner/scan/filesystem/ProjectFilePreprocessor processModulesRecursively (Lorg/sonar/scanner/plugin/api/impl/fs/DefaultInputModule;Lorg/sonar/scanner/scan/filesystem/ProjectFilePreprocessor$ExclusionCounter;)V 15 <appendix> argL0 ; # org/sonar/scanner/scan/filesystem/ProjectFilePreprocessor$$Lambda+0x0000013c9c373328
instanceKlass  @bci org/eclipse/jgit/dircache/DirCacheTree <clinit> ()V 29 <appendix> argL0 ; # org/eclipse/jgit/dircache/DirCacheTree$$Lambda+0x0000013c9c372e68
instanceKlass org/eclipse/jgit/dircache/DirCacheTree
instanceKlass  @bci org/eclipse/jgit/dircache/DirCache <clinit> ()V 39 <appendix> argL0 ; # org/eclipse/jgit/dircache/DirCache$$Lambda+0x0000013c9c371c58
instanceKlass org/eclipse/jgit/dircache/DirCacheEntry
instanceKlass org/eclipse/jgit/dircache/DirCache
instanceKlass org/eclipse/jgit/submodule/SubmoduleWalk
instanceKlass org/eclipse/jgit/attributes/AttributesHandler
instanceKlass org/eclipse/jgit/attributes/Attributes
instanceKlass org/eclipse/jgit/attributes/FilterCommandRegistry
instanceKlass org/eclipse/jgit/internal/storage/file/FileRepository$AttributesNodeProviderImpl
instanceKlass org/eclipse/jgit/treewalk/TreeWalk
instanceKlass org/eclipse/jgit/attributes/AttributesProvider
instanceKlass org/eclipse/jgit/util/Paths
instanceKlass org/eclipse/jgit/lib/FileMode
instanceKlass org/eclipse/jgit/util/FS$Attributes
instanceKlass java/nio/file/Files$3
instanceKlass java/nio/file/FileTreeWalker$Event
instanceKlass java/nio/file/FileTreeWalker$DirectoryNode
instanceKlass java/nio/file/FileTreeWalker
instanceKlass java/nio/file/SimpleFileVisitor
instanceKlass org/eclipse/jgit/treewalk/WorkingTreeIterator$IteratorState
instanceKlass org/eclipse/jgit/treewalk/InstantComparator
instanceKlass org/eclipse/jgit/treewalk/FileTreeIterator$DefaultFileModeStrategy
instanceKlass org/eclipse/jgit/lib/Config$ConfigEnum
instanceKlass  @bci org/eclipse/jgit/treewalk/WorkingTreeOptions <clinit> ()V 0 <appendix> argL0 ; # org/eclipse/jgit/treewalk/WorkingTreeOptions$$Lambda+0x0000013c9c36dd30
instanceKlass org/eclipse/jgit/treewalk/WorkingTreeOptions
instanceKlass  @bci org/eclipse/jgit/treewalk/WorkingTreeIterator <clinit> ()V 91 <appendix> argL0 ; # org/eclipse/jgit/treewalk/WorkingTreeIterator$$Lambda+0x0000013c9c36cf30
instanceKlass org/eclipse/jgit/treewalk/FileTreeIterator$FileModeStrategy
instanceKlass org/eclipse/jgit/attributes/AttributesNode
instanceKlass org/eclipse/jgit/ignore/IgnoreNode
instanceKlass  @bci org/sonar/scanner/scan/filesystem/ProjectFilePreprocessor execute ()V 14 <appendix> member <vmtarget> ; # org/sonar/scanner/scan/filesystem/ProjectFilePreprocessor$$Lambda+0x0000013c9c367090
instanceKlass  @bci org/sonar/scanner/util/ProgressReport <init> (Ljava/lang/String;J)V 5 <appendix> argL0 ; # org/sonar/scanner/util/ProgressReport$$Lambda+0x0000013c9c366e70
instanceKlass org/sonar/scanner/util/ProgressReport
# instanceKlass java/lang/invoke/LambdaForm$MH+0x0000013c9c368800
# instanceKlass java/lang/invoke/LambdaForm$MH+0x0000013c9c368400
# instanceKlass java/lang/invoke/LambdaForm$MH+0x0000013c9c368000
# instanceKlass java/lang/invoke/LambdaForm$MH+0x0000013c9c363c00
# instanceKlass java/lang/invoke/LambdaForm$MH+0x0000013c9c363800
# instanceKlass java/lang/invoke/LambdaForm$MH+0x0000013c9c363400
# instanceKlass java/lang/invoke/LambdaForm$MH+0x0000013c9c363000
# instanceKlass java/lang/invoke/LambdaForm$MH+0x0000013c9c362c00
# instanceKlass java/lang/invoke/LambdaForm$MH+0x0000013c9c362800
# instanceKlass java/lang/invoke/LambdaForm$MH+0x0000013c9c362400
# instanceKlass java/lang/invoke/LambdaForm$MH+0x0000013c9c362000
# instanceKlass java/lang/invoke/LambdaForm$MH+0x0000013c9c361c00
# instanceKlass java/lang/invoke/LambdaForm$MH+0x0000013c9c361800
instanceKlass org/sonar/scanner/scan/filesystem/package-info
# instanceKlass java/lang/invoke/LambdaForm$MH+0x0000013c9c361400
# instanceKlass java/lang/invoke/LambdaForm$MH+0x0000013c9c361000
# instanceKlass java/lang/invoke/LambdaForm$MH+0x0000013c9c360c00
# instanceKlass java/lang/invoke/LambdaForm$MH+0x0000013c9c360800
# instanceKlass java/lang/invoke/LambdaForm$MH+0x0000013c9c360400
instanceKlass  @bci org/apache/commons/lang3/ArrayUtils addAll ([Ljava/lang/Object;[Ljava/lang/Object;)[Ljava/lang/Object; 31 <appendix> member <vmtarget> ; # org/apache/commons/lang3/ArrayUtils$$Lambda+0x0000013c9c3667e8
instanceKlass  @bci org/apache/commons/lang3/ClassUtils <clinit> ()V 522 <appendix> argL0 ; # org/apache/commons/lang3/ClassUtils$$Lambda+0x0000013c9c3665a8
instanceKlass  @bci org/apache/commons/lang3/ClassUtils <clinit> ()V 517 <appendix> argL0 ; # org/apache/commons/lang3/ClassUtils$$Lambda+0x0000013c9c366368
instanceKlass  @bci org/apache/commons/lang3/ClassUtils <clinit> ()V 353 <appendix> argL0 ; # org/apache/commons/lang3/ClassUtils$$Lambda+0x0000013c9c366138
instanceKlass  @bci org/apache/commons/lang3/ClassUtils <clinit> ()V 0 <appendix> argL0 ; # org/apache/commons/lang3/ClassUtils$$Lambda+0x0000013c9c365ea0
instanceKlass org/apache/commons/lang3/ClassUtils
instanceKlass org/apache/commons/lang3/ObjectUtils$Null
instanceKlass org/apache/commons/lang3/ObjectUtils
instanceKlass  @bci org/sonar/scanner/scan/filesystem/AbstractExclusionFilters initTestExclusions (Ljava/util/function/Function;)[Ljava/lang/String; 56 <appendix> argL0 ; # org/sonar/scanner/scan/filesystem/AbstractExclusionFilters$$Lambda+0x0000013c9c365408
instanceKlass  @bci org/sonar/scanner/scan/filesystem/AbstractExclusionFilters initTestExclusions (Ljava/util/function/Function;)[Ljava/lang/String; 46 <appendix> argL0 ; # org/sonar/scanner/scan/filesystem/AbstractExclusionFilters$$Lambda+0x0000013c9c3651c8
instanceKlass  @bci org/sonar/scanner/scan/filesystem/AbstractExclusionFilters initSourceExclusions (Ljava/util/function/Function;)[Ljava/lang/String; 37 <appendix> argL0 ; # org/sonar/scanner/scan/filesystem/AbstractExclusionFilters$$Lambda+0x0000013c9c364fa8
instanceKlass  @bci org/sonar/scanner/scan/filesystem/AbstractExclusionFilters initSourceExclusions (Ljava/util/function/Function;)[Ljava/lang/String; 27 <appendix> argL0 ; # org/sonar/scanner/scan/filesystem/AbstractExclusionFilters$$Lambda+0x0000013c9c364d68
instanceKlass  @bci org/sonar/scanner/scan/filesystem/AbstractExclusionFilters exclusions (Ljava/util/function/Function;Ljava/lang/String;)[Ljava/lang/String; 25 <appendix> argL0 ; # org/sonar/scanner/scan/filesystem/AbstractExclusionFilters$$Lambda+0x0000013c9c364b48
instanceKlass  @bci org/sonar/scanner/scan/filesystem/AbstractExclusionFilters exclusions (Ljava/util/function/Function;Ljava/lang/String;)[Ljava/lang/String; 15 <appendix> argL0 ; # org/sonar/scanner/scan/filesystem/AbstractExclusionFilters$$Lambda+0x0000013c9c364908
instanceKlass  @bci org/sonar/scanner/scan/filesystem/AbstractExclusionFilters inclusions (Ljava/util/function/Function;Ljava/lang/String;)[Ljava/lang/String; 43 <appendix> argL0 ; # org/sonar/scanner/scan/filesystem/AbstractExclusionFilters$$Lambda+0x0000013c9c3646e8
instanceKlass  @bci org/sonar/scanner/scan/filesystem/AbstractExclusionFilters inclusions (Ljava/util/function/Function;Ljava/lang/String;)[Ljava/lang/String; 33 <appendix> argL0 ; # org/sonar/scanner/scan/filesystem/AbstractExclusionFilters$$Lambda+0x0000013c9c364498
instanceKlass  @bci org/sonar/scanner/scan/filesystem/AbstractExclusionFilters inclusions (Ljava/util/function/Function;Ljava/lang/String;)[Ljava/lang/String; 23 <appendix> argL0 ; # org/sonar/scanner/scan/filesystem/AbstractExclusionFilters$$Lambda+0x0000013c9c364248
instanceKlass  @bci org/sonar/scanner/scan/filesystem/AbstractExclusionFilters inclusions (Ljava/util/function/Function;Ljava/lang/String;)[Ljava/lang/String; 13 <appendix> argL0 ; # org/sonar/scanner/scan/filesystem/AbstractExclusionFilters$$Lambda+0x0000013c9c35fdc0
instanceKlass  @bci org/sonar/scanner/scan/filesystem/ProjectExclusionFilters <init> (Lorg/sonar/api/config/Configuration;Lorg/sonar/api/notifications/AnalysisWarnings;)V 8 <appendix> member <vmtarget> ; # org/sonar/scanner/scan/filesystem/ProjectExclusionFilters$$Lambda+0x0000013c9c364000
instanceKlass  @cpi org/sonar/scanner/scan/filesystem/ProjectExclusionFilters 33 form vmentry <vmtarget> ; # java/lang/invoke/LambdaForm$DMH+0x0000013c9c360000
instanceKlass  @bci org/sonar/api/utils/WildcardPattern create (Ljava/lang/String;Ljava/lang/String;)Lorg/sonar/api/utils/WildcardPattern; 14 <appendix> member <vmtarget> ; # org/sonar/api/utils/WildcardPattern$$Lambda+0x0000013c9c35fb78
instanceKlass  @bci java/util/stream/StreamSpliterators$WrappingSpliterator forEachRemaining (Ljava/util/function/Consumer;)V 33 <appendix> member <vmtarget> ; # java/util/stream/StreamSpliterators$WrappingSpliterator$$Lambda+0x0000013c9c25ea58
instanceKlass java/util/stream/StreamSpliterators
instanceKlass  @bci org/sonar/scanner/scan/filesystem/LanguageDetection getLanguagePatterns (Lorg/sonar/scanner/repository/language/Language;)[Lorg/sonar/scanner/plugin/api/impl/fs/PathPattern; 70 <appendix> argL0 ; # org/sonar/scanner/scan/filesystem/LanguageDetection$$Lambda+0x0000013c9c35f958
instanceKlass java/util/stream/StreamSpliterators$AbstractWrappingSpliterator
instanceKlass  @bci java/util/stream/AbstractPipeline spliterator ()Ljava/util/Spliterator; 103 <appendix> member <vmtarget> ; # java/util/stream/AbstractPipeline$$Lambda+0x0000013c9c25e0f8
instanceKlass  @bci org/sonar/scanner/scan/filesystem/LanguageDetection getLanguagePatterns (Lorg/sonar/scanner/repository/language/Language;)[Lorg/sonar/scanner/plugin/api/impl/fs/PathPattern; 49 <appendix> argL0 ; # org/sonar/scanner/scan/filesystem/LanguageDetection$$Lambda+0x0000013c9c35f718
instanceKlass  @bci org/sonar/scanner/scan/filesystem/LanguageDetection getLanguagePatterns (Lorg/sonar/scanner/repository/language/Language;)[Lorg/sonar/scanner/plugin/api/impl/fs/PathPattern; 39 <appendix> argL0 ; # org/sonar/scanner/scan/filesystem/LanguageDetection$$Lambda+0x0000013c9c35f4d8
instanceKlass  @bci org/sonar/scanner/scan/filesystem/LanguageDetection getLanguagePatterns (Lorg/sonar/scanner/repository/language/Language;)[Lorg/sonar/scanner/plugin/api/impl/fs/PathPattern; 19 <appendix> argL0 ; # org/sonar/scanner/scan/filesystem/LanguageDetection$$Lambda+0x0000013c9c35f298
instanceKlass  @bci org/sonar/scanner/scan/filesystem/LanguageDetection getLanguagePatterns (Lorg/sonar/scanner/repository/language/Language;)[Lorg/sonar/scanner/plugin/api/impl/fs/PathPattern; 9 <appendix> argL0 ; # org/sonar/scanner/scan/filesystem/LanguageDetection$$Lambda+0x0000013c9c35f058
instanceKlass  @bci org/sonar/scanner/plugin/api/impl/fs/PathPattern create ([Ljava/lang/String;)[Lorg/sonar/scanner/plugin/api/impl/fs/PathPattern; 14 <appendix> argL0 ; # org/sonar/scanner/plugin/api/impl/fs/PathPattern$$Lambda+0x0000013c9c35ee38
instanceKlass  @bci org/sonar/scanner/plugin/api/impl/fs/PathPattern create ([Ljava/lang/String;)[Lorg/sonar/scanner/plugin/api/impl/fs/PathPattern; 4 <appendix> argL0 ; # org/sonar/scanner/plugin/api/impl/fs/PathPattern$$Lambda+0x0000013c9c35ebf8
instanceKlass sun/reflect/generics/tree/VoidDescriptor
instanceKlass  @bci org/sonar/scanner/scan/ScanProperties validateBranch ()V 11 <appendix> argL0 ; # org/sonar/scanner/scan/ScanProperties$$Lambda+0x0000013c9c35e588
instanceKlass  @bci org/sonar/scanner/scan/ScanProperties validatePassword ()V 11 <appendix> argL0 ; # org/sonar/scanner/scan/ScanProperties$$Lambda+0x0000013c9c35e358
instanceKlass org/sonar/scanner/repository/FileData
instanceKlass org/sonarsource/analyzer/commons/ExternalRuleLoader
instanceKlass org/sonar/api/server/rule/RulesDefinition$AbstractContext
instanceKlass java/util/concurrent/Executors$RunnableAdapter
instanceKlass java/util/concurrent/Callable
instanceKlass java/util/concurrent/FutureTask$WaitNode
instanceKlass java/util/concurrent/FutureTask
instanceKlass java/util/concurrent/ForkJoinPool$2
instanceKlass jdk/internal/access/JavaUtilConcurrentFJPAccess
instanceKlass java/util/concurrent/ForkJoinPool$DefaultForkJoinWorkerThreadFactory
instanceKlass java/util/concurrent/ForkJoinPool$WorkQueue
instanceKlass java/util/concurrent/ForkJoinPool$ForkJoinWorkerThreadFactory
instanceKlass  @bci org/eclipse/jgit/lib/RepositoryCache configureEviction (Lorg/eclipse/jgit/lib/RepositoryCacheConfig;)V 55 <appendix> argL0 ; # org/eclipse/jgit/lib/RepositoryCache$$Lambda+0x0000013c9c35daa0
instanceKlass org/eclipse/jgit/lib/internal/WorkQueue$2
instanceKlass java/util/concurrent/RunnableScheduledFuture
instanceKlass java/util/concurrent/ScheduledFuture
instanceKlass java/util/concurrent/Delayed
instanceKlass java/util/concurrent/RunnableFuture
instanceKlass java/util/concurrent/Future
instanceKlass org/eclipse/jgit/lib/internal/WorkQueue$1
instanceKlass java/util/concurrent/ScheduledExecutorService
instanceKlass org/eclipse/jgit/lib/internal/WorkQueue
instanceKlass org/eclipse/jgit/lib/RepositoryCacheConfig
instanceKlass org/eclipse/jgit/lib/RepositoryCache$Lock
instanceKlass org/eclipse/jgit/lib/RepositoryCache
instanceKlass org/eclipse/jgit/lib/InflaterCache
instanceKlass org/eclipse/jgit/internal/storage/file/DeltaBaseCache
instanceKlass org/eclipse/jgit/internal/storage/file/WindowCache$StatsRecorderImpl
instanceKlass org/eclipse/jgit/storage/file/WindowCacheStats
instanceKlass org/eclipse/jgit/internal/storage/file/WindowCache$Lock
instanceKlass org/eclipse/jgit/storage/file/WindowCacheConfig
instanceKlass org/eclipse/jgit/internal/storage/file/WindowCache$PageRef
instanceKlass org/eclipse/jgit/internal/storage/file/ByteWindow
instanceKlass org/eclipse/jgit/internal/storage/file/WindowCache$StatsRecorder
instanceKlass org/eclipse/jgit/internal/storage/file/WindowCache$CleanupQueue
instanceKlass org/eclipse/jgit/internal/storage/file/WindowCache
instanceKlass org/eclipse/jgit/lib/BitmapIndex
instanceKlass org/eclipse/jgit/revwalk/ReachabilityChecker
instanceKlass org/eclipse/jgit/revwalk/ObjectReachabilityChecker
instanceKlass org/eclipse/jgit/lib/AsyncObjectSizeQueue
instanceKlass org/eclipse/jgit/lib/AsyncObjectLoaderQueue
instanceKlass org/eclipse/jgit/lib/AsyncOperation
instanceKlass org/eclipse/jgit/internal/storage/file/FileCommitGraph$GraphSnapshot
instanceKlass org/eclipse/jgit/internal/storage/file/FileCommitGraph
instanceKlass org/eclipse/jgit/internal/storage/file/Pack
instanceKlass org/eclipse/jgit/internal/storage/file/PackDirectory$PackList
instanceKlass org/eclipse/jgit/internal/storage/pack/StoredObjectRepresentation
instanceKlass org/eclipse/jgit/internal/storage/file/PackDirectory
instanceKlass java/util/concurrent/atomic/AtomicReferenceArray
instanceKlass org/eclipse/jgit/internal/storage/file/UnpackedObjectCache$Table
instanceKlass org/eclipse/jgit/internal/storage/file/UnpackedObjectCache
instanceKlass org/eclipse/jgit/internal/storage/file/LooseObjects
instanceKlass org/eclipse/jgit/internal/storage/file/ObjectDirectory$AlternateHandle
instanceKlass org/eclipse/jgit/lib/ObjectInserter
instanceKlass org/eclipse/jgit/internal/storage/pack/ObjectReuseAsIs
instanceKlass org/eclipse/jgit/lib/ObjectReader
instanceKlass  @bci org/eclipse/jgit/lib/CoreConfig <clinit> ()V 8 <appendix> argL0 ; # org/eclipse/jgit/lib/CoreConfig$$Lambda+0x0000013c9c3568a8
instanceKlass org/eclipse/jgit/lib/Config$SectionParser
instanceKlass org/eclipse/jgit/lib/CoreConfig
instanceKlass org/eclipse/jgit/lib/RefRename
instanceKlass org/eclipse/jgit/lib/RefUpdate
instanceKlass org/eclipse/jgit/internal/storage/file/RefDirectory$LooseRef
instanceKlass org/eclipse/jgit/lib/BatchRefUpdate
instanceKlass org/eclipse/jgit/lib/ObjectIdRef
instanceKlass org/eclipse/jgit/lib/ReflogReader
instanceKlass org/eclipse/jgit/util/RefList
instanceKlass org/eclipse/jgit/events/ListenerHandle
instanceKlass  @bci org/eclipse/jgit/internal/storage/file/FileRepository <init> (Lorg/eclipse/jgit/lib/BaseRepositoryBuilder;)V 93 <appendix> member <vmtarget> ; # org/eclipse/jgit/internal/storage/file/FileRepository$$Lambda+0x0000013c9c351018
instanceKlass org/eclipse/jgit/events/ConfigChangedListener
instanceKlass java/time/Instant$1
instanceKlass java/lang/Thread$ThreadNumbering
instanceKlass java/io/FileOutputStream$1
instanceKlass java/lang/ProcessImpl$2
instanceKlass  @bci java/lang/ProcessHandleImpl lambda$static$1 ()Ljava/util/concurrent/Executor; 45 <appendix> member <vmtarget> ; # java/lang/ProcessHandleImpl$$Lambda+0x0000013c9c2590b0
instanceKlass  @cpi java/lang/ProcessHandleImpl 436 form vmentry <vmtarget> ; # java/lang/invoke/LambdaForm$DMH+0x0000013c9c354c00
# instanceKlass java/lang/invoke/LambdaForm$DMH+0x0000013c9c354800
instanceKlass  @bci java/lang/ProcessHandleImpl <clinit> ()V 32 <appendix> argL0 ; # java/lang/ProcessHandleImpl$$Lambda+0x0000013c9c258e90
instanceKlass java/lang/ProcessHandleImpl
instanceKlass java/lang/ProcessHandle
instanceKlass  @bci java/lang/ProcessHandleImpl lambda$static$1 ()Ljava/util/concurrent/Executor; 45 <appendix> form vmentry <vmtarget> ; # java/lang/invoke/LambdaForm$DMH+0x0000013c9c354400
instanceKlass  @bci java/lang/ProcessImpl <init> ([Ljava/lang/String;Ljava/lang/String;Ljava/lang/String;[JZZ)V 286 <appendix> member <vmtarget> ; # java/lang/ProcessImpl$$Lambda+0x0000013c9c2587d0
instanceKlass  @cpi java/lang/ProcessImpl 640 form vmentry <vmtarget> ; # java/lang/invoke/LambdaForm$DMH+0x0000013c9c354000
instanceKlass org/eclipse/jgit/util/FS$Holder
instanceKlass org/eclipse/jgit/lib/ConfigSnapshot$LineComparator
instanceKlass org/eclipse/jgit/lib/ConfigLine
instanceKlass org/eclipse/jgit/lib/Config$StringReader
instanceKlass org/eclipse/jgit/util/References
instanceKlass org/eclipse/jgit/util/NB
instanceKlass java/nio/file/attribute/FileTime$1
instanceKlass org/eclipse/jgit/util/FileUtils
instanceKlass  @bci org/eclipse/jgit/storage/file/FileBasedConfig load ()V 15 <appendix> member <vmtarget> ; # org/eclipse/jgit/storage/file/FileBasedConfig$$Lambda+0x0000013c9c34c800
instanceKlass org/eclipse/jgit/util/FileUtils$IOFunction
instanceKlass java/util/concurrent/locks/ReentrantReadWriteLock$WriteLock
instanceKlass java/util/concurrent/locks/ReentrantReadWriteLock$ReadLock
instanceKlass java/util/concurrent/locks/ReentrantReadWriteLock
instanceKlass java/util/concurrent/locks/ReadWriteLock
instanceKlass org/eclipse/jgit/internal/storage/file/FileSnapshot
instanceKlass org/eclipse/jgit/lib/ConfigSnapshot
instanceKlass org/eclipse/jgit/lib/DefaultTypedConfigGetter
instanceKlass org/eclipse/jgit/lib/TypedConfigGetter
instanceKlass org/eclipse/jgit/events/RepositoryListener
instanceKlass org/eclipse/jgit/events/ListenerList
instanceKlass org/eclipse/jgit/lib/ObjectDatabase
instanceKlass org/eclipse/jgit/events/RepositoryEvent
instanceKlass org/eclipse/jgit/attributes/AttributesNodeProvider
instanceKlass org/eclipse/jgit/lib/RefDatabase
instanceKlass org/sonar/scm/git/JGitUtils
instanceKlass  @bci org/sonar/scanner/repository/language/DefaultLanguagesLoader load ()Ljava/util/Map; 112 <appendix> argL0 ; # org/sonar/scanner/repository/language/DefaultLanguagesLoader$$Lambda+0x0000013c9c346b40
instanceKlass  @bci org/sonar/scanner/repository/language/DefaultLanguagesLoader load ()Ljava/util/Map; 102 <appendix> member <vmtarget> ; # org/sonar/scanner/repository/language/DefaultLanguagesLoader$$Lambda+0x0000013c9c3468f8
instanceKlass jdk/internal/vm/annotation/ForceInline
instanceKlass com/google/gson/internal/UnsafeAllocator
instanceKlass com/google/gson/internal/GsonTypes$GenericArrayTypeImpl
instanceKlass  @bci com/google/gson/internal/ConstructorConstructor newUnsafeAllocator (Ljava/lang/Class;)Lcom/google/gson/internal/ObjectConstructor; 8 <appendix> member <vmtarget> ; # com/google/gson/internal/ConstructorConstructor$$Lambda+0x0000013c9c345a20
instanceKlass org/sonar/scanner/repository/language/DefaultLanguagesLoader$LanguagesWSResponse
instanceKlass  @bci java/util/Comparator comparing (Ljava/util/function/Function;)Ljava/util/Comparator; 6 <appendix> member <vmtarget> ; # java/util/Comparator$$Lambda+0x0000013c9c2563b8
instanceKlass  @bci org/sonar/scanner/report/AnalysisContextReportPublisher writeScannerProps (Ljava/io/BufferedWriter;Ljava/util/Map;)V 11 <appendix> argL0 ; # org/sonar/scanner/report/AnalysisContextReportPublisher$$Lambda+0x0000013c9c3455d0
instanceKlass  @bci org/sonar/scanner/bootstrap/ScannerPluginRepository getBundledPluginsInfos ()Ljava/util/Collection; 24 <appendix> argL0 ; # org/sonar/scanner/bootstrap/ScannerPluginRepository$$Lambda+0x0000013c9c345390
instanceKlass  @bci org/sonar/scanner/bootstrap/ScannerPluginRepository getBundledPluginsInfos ()Ljava/util/Collection; 14 <appendix> argL0 ; # org/sonar/scanner/bootstrap/ScannerPluginRepository$$Lambda+0x0000013c9c345140
instanceKlass  @bci org/sonar/scanner/bootstrap/ScannerPluginRepository getExternalPluginsInfos ()Ljava/util/Collection; 24 <appendix> argL0 ; # org/sonar/scanner/bootstrap/ScannerPluginRepository$$Lambda+0x0000013c9c344f00
instanceKlass  @bci org/sonar/scanner/bootstrap/ScannerPluginRepository getExternalPluginsInfos ()Ljava/util/Collection; 14 <appendix> argL0 ; # org/sonar/scanner/bootstrap/ScannerPluginRepository$$Lambda+0x0000013c9c344cb0
instanceKlass org/sonar/scanner/protocol/output/ScannerReport$AdHocRuleOrBuilder
# instanceKlass java/lang/invoke/LambdaForm$MH+0x0000013c9c34c400
# instanceKlass java/lang/invoke/LambdaForm$MH+0x0000013c9c34c000
# instanceKlass java/lang/invoke/LambdaForm$DMH+0x0000013c9c34bc00
# instanceKlass java/lang/invoke/LambdaForm$MH+0x0000013c9c34b800
# instanceKlass java/lang/invoke/LambdaForm$DMH+0x0000013c9c34b400
# instanceKlass java/lang/invoke/LambdaForm$MH+0x0000013c9c34b000
# instanceKlass java/lang/invoke/LambdaForm$DMH+0x0000013c9c34ac00
# instanceKlass java/lang/invoke/LambdaForm$MH+0x0000013c9c34a800
# instanceKlass java/lang/invoke/LambdaForm$DMH+0x0000013c9c34a400
# instanceKlass java/lang/invoke/LambdaForm$MH+0x0000013c9c34a000
# instanceKlass java/lang/invoke/LambdaForm$MH+0x0000013c9c349c00
# instanceKlass java/lang/invoke/LambdaForm$MH+0x0000013c9c349800
# instanceKlass java/lang/invoke/LambdaForm$MH+0x0000013c9c349400
# instanceKlass java/lang/invoke/LambdaForm$MH+0x0000013c9c349000
# instanceKlass java/lang/invoke/LambdaForm$MH+0x0000013c9c348c00
# instanceKlass java/lang/invoke/LambdaForm$MH+0x0000013c9c348800
# instanceKlass java/lang/invoke/LambdaForm$MH+0x0000013c9c348400
# instanceKlass java/lang/invoke/LambdaForm$MH+0x0000013c9c348000
# instanceKlass java/lang/invoke/LambdaForm$MH+0x0000013c9c343c00
# instanceKlass java/lang/invoke/LambdaForm$BMH+0x0000013c9c343800
# instanceKlass java/lang/invoke/LambdaForm$DMH+0x0000013c9c343400
# instanceKlass java/lang/invoke/LambdaForm$DMH+0x0000013c9c343000
# instanceKlass java/lang/invoke/LambdaForm$MH+0x0000013c9c342c00
# instanceKlass java/lang/invoke/LambdaForm$MH+0x0000013c9c342800
# instanceKlass java/lang/invoke/LambdaForm$MH+0x0000013c9c342400
# instanceKlass java/lang/invoke/LambdaForm$MH+0x0000013c9c342000
# instanceKlass java/lang/invoke/LambdaForm$MH+0x0000013c9c341c00
# instanceKlass java/lang/invoke/LambdaForm$MH+0x0000013c9c341800
instanceKlass  @bci org/springframework/beans/factory/support/DisposableBeanAdapter <init> (Ljava/lang/Object;Ljava/lang/String;Lorg/springframework/beans/factory/support/RootBeanDefinition;Ljava/util/List;)V 317 <appendix> argL0 ; # org/springframework/beans/factory/support/DisposableBeanAdapter$$Lambda+0x0000013c9c344210
instanceKlass org/sonar/scanner/cache/WriteCacheImpl
# instanceKlass java/lang/invoke/LambdaForm$MH+0x0000013c9c341400
# instanceKlass java/lang/invoke/LambdaForm$MH+0x0000013c9c341000
# instanceKlass java/lang/invoke/LambdaForm$MH+0x0000013c9c340c00
# instanceKlass java/lang/invoke/LambdaForm$MH+0x0000013c9c340800
# instanceKlass java/lang/invoke/LambdaForm$MH+0x0000013c9c340400
# instanceKlass java/lang/invoke/LambdaForm$MH+0x0000013c9c340000
# instanceKlass java/lang/invoke/LambdaForm$DMH+0x0000013c9c33bc00
instanceKlass org/sonar/scanner/cache/ReadCacheImpl
instanceKlass  @bci org/sonar/scanner/protocol/internal/SensorCacheData <init> (Ljava/util/List;)V 16 <appendix> argL0 ; # org/sonar/scanner/protocol/internal/SensorCacheData$$Lambda+0x0000013c9c33f388
instanceKlass  @bci org/sonar/scanner/protocol/internal/SensorCacheData <init> (Ljava/util/List;)V 11 <appendix> argL0 ; # org/sonar/scanner/protocol/internal/SensorCacheData$$Lambda+0x0000013c9c33f148
instanceKlass org/sonar/scanner/protobuf/utils/CloseableIterator
instanceKlass org/sonar/scanner/protobuf/utils/Protobuf
instanceKlass org/sonar/scanner/protocol/internal/ScannerInternal$SensorCacheEntryOrBuilder
instanceKlass  @bci org/sonar/scanner/cache/DefaultAnalysisCacheLoader read (Ljava/io/InputStream;)Lorg/sonar/scanner/protocol/internal/SensorCacheData; 1 <appendix> member <vmtarget> ; # org/sonar/scanner/cache/DefaultAnalysisCacheLoader$$Lambda+0x0000013c9c33cb40
instanceKlass  @bci org/sonar/scanner/cache/DefaultAnalysisCacheLoader load ()Ljava/util/Optional; 113 <appendix> argL0 ; # org/sonar/scanner/cache/DefaultAnalysisCacheLoader$$Lambda+0x0000013c9c33c900
# instanceKlass java/lang/invoke/LambdaForm$MH+0x0000013c9c33b800
# instanceKlass java/lang/invoke/LambdaForm$MH+0x0000013c9c33b400
# instanceKlass java/lang/invoke/LambdaForm$MH+0x0000013c9c33b000
# instanceKlass java/lang/invoke/LambdaForm$MH+0x0000013c9c33ac00
instanceKlass  @bci org/sonar/scanner/plugin/api/impl/rule/DefaultActiveRules <init> (Ljava/util/Collection;)V 265 <appendix> argL0 ; # org/sonar/scanner/plugin/api/impl/rule/DefaultActiveRules$$Lambda+0x0000013c9c33c6c0
instanceKlass  @bci org/sonar/scanner/plugin/api/impl/rule/DefaultActiveRules <init> (Ljava/util/Collection;)V 176 <appendix> argL0 ; # org/sonar/scanner/plugin/api/impl/rule/DefaultActiveRules$$Lambda+0x0000013c9c33c480
instanceKlass  @bci org/sonar/scanner/plugin/api/impl/rule/DefaultActiveRules <init> (Ljava/util/Collection;)V 149 <appendix> argL0 ; # org/sonar/scanner/plugin/api/impl/rule/DefaultActiveRules$$Lambda+0x0000013c9c33c240
instanceKlass  @bci org/sonar/scanner/plugin/api/impl/rule/DefaultActiveRules <init> (Ljava/util/Collection;)V 111 <appendix> argL0 ; # org/sonar/scanner/plugin/api/impl/rule/DefaultActiveRules$$Lambda+0x0000013c9c33c000
instanceKlass java/util/AbstractMap$SimpleEntry
instanceKlass org/sonar/api/rule/Severity
instanceKlass org/sonar/scanner/plugin/api/impl/rule/NewActiveRule$Builder
instanceKlass  @bci org/sonar/scanner/rule/ActiveRulesProvider load (Lorg/sonar/scanner/rule/ActiveRulesLoader;Ljava/lang/String;)Lorg/sonar/scanner/plugin/api/impl/rule/DefaultActiveRules; 36 <appendix> member <vmtarget> ; # org/sonar/scanner/rule/ActiveRulesProvider$$Lambda+0x0000013c9c3377c0
instanceKlass  @bci org/sonar/scanner/rule/ActiveRulesProvider load (Lorg/sonar/scanner/rule/ActiveRulesLoader;Ljava/lang/String;)Lorg/sonar/scanner/plugin/api/impl/rule/DefaultActiveRules; 20 <appendix> argL0 ; # org/sonar/scanner/rule/ActiveRulesProvider$$Lambda+0x0000013c9c337580
instanceKlass  @bci org/sonar/scanner/rule/DefaultActiveRulesLoader convertParams (Ljava/util/List;)Ljava/util/Map; 11 <appendix> argL0 ; # org/sonar/scanner/rule/DefaultActiveRulesLoader$$Lambda+0x0000013c9c337340
instanceKlass  @bci org/sonar/scanner/rule/DefaultActiveRulesLoader convertParams (Ljava/util/List;)Ljava/util/Map; 6 <appendix> argL0 ; # org/sonar/scanner/rule/DefaultActiveRulesLoader$$Lambda+0x0000013c9c337100
instanceKlass  @bci org/sonar/scanner/rule/DefaultActiveRulesLoader convertDeprecatedKeys (Ljava/util/List;)Ljava/util/Set; 18 <appendix> argL0 ; # org/sonar/scanner/rule/DefaultActiveRulesLoader$$Lambda+0x0000013c9c336ec0
instanceKlass  @bci org/sonar/scanner/rule/DefaultActiveRulesLoader convertActiveRule (Lorg/sonar/scanner/rule/DefaultActiveRulesLoader$ActiveRuleGson;)Lorg/sonar/scanner/rule/LoadedActiveRule; 122 <appendix> member <vmtarget> ; # org/sonar/scanner/rule/DefaultActiveRulesLoader$$Lambda+0x0000013c9c336c88
instanceKlass  @bci org/sonar/scanner/rule/DefaultActiveRulesLoader convertActiveRule (Lorg/sonar/scanner/rule/DefaultActiveRulesLoader$ActiveRuleGson;)Lorg/sonar/scanner/rule/LoadedActiveRule; 108 <appendix> argL0 ; # org/sonar/scanner/rule/DefaultActiveRulesLoader$$Lambda+0x0000013c9c336a48
instanceKlass  @bci org/sonar/scanner/rule/DefaultActiveRulesLoader convertActiveRule (Lorg/sonar/scanner/rule/DefaultActiveRulesLoader$ActiveRuleGson;)Lorg/sonar/scanner/rule/LoadedActiveRule; 100 <appendix> argL0 ; # org/sonar/scanner/rule/DefaultActiveRulesLoader$$Lambda+0x0000013c9c336808
instanceKlass  @bci org/sonar/scanner/rule/DefaultActiveRulesLoader convert (Ljava/util/List;)Ljava/util/List; 6 <appendix> argL0 ; # org/sonar/scanner/rule/DefaultActiveRulesLoader$$Lambda+0x0000013c9c3365c8
# instanceKlass java/lang/invoke/LambdaForm$MH+0x0000013c9c33a800
# instanceKlass java/lang/invoke/LambdaForm$MH+0x0000013c9c33a400
# instanceKlass java/lang/invoke/LambdaForm$MH+0x0000013c9c33a000
# instanceKlass java/lang/invoke/LambdaForm$MH+0x0000013c9c339c00
# instanceKlass java/lang/invoke/LambdaForm$MH+0x0000013c9c339800
# instanceKlass java/lang/invoke/LambdaForm$MH+0x0000013c9c339400
# instanceKlass java/lang/invoke/LambdaForm$MH+0x0000013c9c339000
# instanceKlass java/lang/invoke/LambdaForm$MH+0x0000013c9c338c00
# instanceKlass java/lang/invoke/LambdaForm$BMH+0x0000013c9c338800
# instanceKlass java/lang/invoke/LambdaForm$DMH+0x0000013c9c338400
# instanceKlass java/lang/invoke/LambdaForm$DMH+0x0000013c9c338000
# instanceKlass java/lang/invoke/LambdaForm$MH+0x0000013c9c335c00
instanceKlass  @bci com/google/gson/internal/ConstructorConstructor newMapConstructor (Ljava/lang/reflect/Type;Ljava/lang/Class;)Lcom/google/gson/internal/ObjectConstructor; 31 <appendix> argL0 ; # com/google/gson/internal/ConstructorConstructor$$Lambda+0x0000013c9c3363a8
# instanceKlass com/google/gson/internal/reflect/ReflectionHelper$RecordSupportedHelper$$InjectedInvoker+0x0000013c9c335800
instanceKlass java/lang/invoke/MethodHandleImpl$BindCaller$InjectedInvokerHolder
instanceKlass java/lang/invoke/MethodHandleImpl$BindCaller
# instanceKlass java/lang/invoke/LambdaForm$MH+0x0000013c9c335400
# instanceKlass java/lang/invoke/LambdaForm$MH+0x0000013c9c335000
instanceKlass org/sonar/scanner/plugin/api/impl/rule/ActiveRulesBuilder
# instanceKlass java/lang/invoke/LambdaForm$MH+0x0000013c9c334c00
# instanceKlass java/lang/invoke/LambdaForm$MH+0x0000013c9c334800
# instanceKlass java/lang/invoke/LambdaForm$DMH+0x0000013c9c334400
# instanceKlass java/lang/invoke/LambdaForm$MH+0x0000013c9c334000
# instanceKlass java/lang/invoke/LambdaForm$DMH+0x0000013c9c333c00
# instanceKlass java/lang/invoke/LambdaForm$MH+0x0000013c9c333800
# instanceKlass java/lang/invoke/LambdaForm$MH+0x0000013c9c333400
# instanceKlass java/lang/invoke/LambdaForm$MH+0x0000013c9c333000
# instanceKlass java/lang/invoke/LambdaForm$MH+0x0000013c9c332c00
# instanceKlass java/lang/invoke/LambdaForm$MH+0x0000013c9c332800
# instanceKlass java/lang/invoke/LambdaForm$MH+0x0000013c9c332400
# instanceKlass java/lang/invoke/LambdaForm$MH+0x0000013c9c332000
# instanceKlass java/lang/invoke/LambdaForm$MH+0x0000013c9c331c00
# instanceKlass java/lang/invoke/LambdaForm$DMH+0x0000013c9c331800
# instanceKlass java/lang/invoke/LambdaForm$MH+0x0000013c9c331400
# instanceKlass java/lang/invoke/LambdaForm$MH+0x0000013c9c331000
# instanceKlass java/lang/invoke/LambdaForm$MH+0x0000013c9c330c00
# instanceKlass java/lang/invoke/LambdaForm$MH+0x0000013c9c330800
# instanceKlass java/lang/invoke/LambdaForm$MH+0x0000013c9c330400
# instanceKlass java/lang/invoke/LambdaForm$MH+0x0000013c9c330000
# instanceKlass java/lang/invoke/LambdaForm$MH+0x0000013c9c329c00
# instanceKlass java/lang/invoke/LambdaForm$MH+0x0000013c9c329800
# instanceKlass java/lang/invoke/LambdaForm$MH+0x0000013c9c329400
# instanceKlass java/lang/invoke/LambdaForm$MH+0x0000013c9c329000
instanceKlass org/eclipse/jgit/util/IO
instanceKlass org/eclipse/jgit/lib/RepositoryCache$FileKey
instanceKlass org/eclipse/jgit/lib/RepositoryCache$Key
instanceKlass org/eclipse/jgit/util/StringUtils
instanceKlass org/eclipse/jgit/util/MutableInteger
instanceKlass org/eclipse/jgit/util/RawParseUtils
instanceKlass sun/nio/cs/Surrogate
instanceKlass sun/nio/cs/Surrogate$Parser
instanceKlass org/eclipse/jgit/lib/Constants
instanceKlass org/eclipse/jgit/lib/ObjectChecker
instanceKlass org/eclipse/jgit/util/time/MonotonicClock
instanceKlass org/eclipse/jgit/util/SystemReader
instanceKlass org/eclipse/jgit/util/FS$FSFactory
instanceKlass  @bci java/util/regex/Pattern union (Ljava/util/regex/Pattern$CharPredicate;Ljava/util/regex/Pattern$CharPredicate;Z)Ljava/util/regex/Pattern$CharPredicate; 14 <appendix> member <vmtarget> ; # java/util/regex/Pattern$$Lambda+0x0000013c9c251b38
instanceKlass org/eclipse/jgit/treewalk/WorkingTreeIterator$Entry
# instanceKlass java/lang/invoke/LambdaForm$MH+0x0000013c9c328c00
# instanceKlass java/lang/invoke/LambdaForm$MH+0x0000013c9c328800
# instanceKlass java/lang/invoke/LambdaForm$MH+0x0000013c9c328400
# instanceKlass java/lang/invoke/LambdaForm$MH+0x0000013c9c328000
# instanceKlass java/lang/invoke/LambdaForm$MH+0x0000013c9c327c00
# instanceKlass java/lang/invoke/LambdaForm$MH+0x0000013c9c327800
# instanceKlass java/lang/invoke/LambdaForm$MH+0x0000013c9c327400
# instanceKlass java/lang/invoke/LambdaForm$MH+0x0000013c9c327000
# instanceKlass java/lang/invoke/LambdaForm$MH+0x0000013c9c326c00
# instanceKlass java/lang/invoke/LambdaForm$MH+0x0000013c9c326800
# instanceKlass java/lang/invoke/LambdaForm$MH+0x0000013c9c326400
instanceKlass org/sonar/scm/git/IncludedFilesRepository
instanceKlass  @bci org/sonar/api/config/Configuration getInt (Ljava/lang/String;)Ljava/util/Optional; 15 <appendix> argL0 ; # org/sonar/api/config/Configuration$$Lambda+0x0000013c9c322e28
instanceKlass  @bci org/sonar/api/config/Configuration getInt (Ljava/lang/String;)Ljava/util/Optional; 7 <appendix> argL0 ; # org/sonar/api/config/Configuration$$Lambda+0x0000013c9c322be8
# instanceKlass java/lang/invoke/LambdaForm$MH+0x0000013c9c326000
# instanceKlass java/lang/invoke/LambdaForm$MH+0x0000013c9c325c00
# instanceKlass java/lang/invoke/LambdaForm$MH+0x0000013c9c325800
# instanceKlass java/lang/invoke/LambdaForm$MH+0x0000013c9c325400
# instanceKlass java/lang/invoke/LambdaForm$MH+0x0000013c9c325000
# instanceKlass java/lang/invoke/LambdaForm$MH+0x0000013c9c324c00
# instanceKlass java/lang/invoke/LambdaForm$MH+0x0000013c9c324800
# instanceKlass java/lang/invoke/LambdaForm$DMH+0x0000013c9c324400
instanceKlass  @bci org/sonar/scm/git/NativeGitBlameCommand <init> (Lorg/sonar/api/utils/System2;Lorg/sonar/scanner/process/executor/ProcessWrapperFactory;)V 5 <appendix> argL0 ; # org/sonar/scm/git/NativeGitBlameCommand$$Lambda+0x0000013c9c3229b8
instanceKlass org/sonar/scanner/ci/CiConfigurationProvider$EmptyCiConfiguration
instanceKlass  @bci org/sonar/scanner/ci/vendors/Bitrise environmentVariableIsTrue (Ljava/lang/String;)Z 11 <appendix> argL0 ; # org/sonar/scanner/ci/vendors/Bitrise$$Lambda+0x0000013c9c322530
instanceKlass  @bci org/sonar/scanner/ci/CiConfigurationProvider provide (Lorg/sonar/api/config/Configuration;[Lorg/sonar/scanner/ci/CiVendor;)Lorg/sonar/scanner/ci/CiConfiguration; 38 <appendix> argL0 ; # org/sonar/scanner/ci/CiConfigurationProvider$$Lambda+0x0000013c9c3222e0
instanceKlass  @bci org/springframework/core/OrderComparator withSourceProvider (Lorg/springframework/core/OrderComparator$OrderSourceProvider;)Ljava/util/Comparator; 2 <appendix> member <vmtarget> ; # org/springframework/core/OrderComparator$$Lambda+0x0000013c9c322040
instanceKlass  @cpi org/springframework/core/OrderComparator 150 form vmentry <vmtarget> ; # java/lang/invoke/LambdaForm$DMH+0x0000013c9c324000
instanceKlass org/springframework/beans/factory/support/DefaultListableBeanFactory$FactoryAwareOrderSourceProvider
instanceKlass  @bci org/springframework/beans/factory/support/DefaultListableBeanFactory createFactoryAwareOrderSourceProvider (Ljava/util/Map;)Lorg/springframework/core/OrderComparator$OrderSourceProvider; 10 <appendix> member <vmtarget> ; # org/springframework/beans/factory/support/DefaultListableBeanFactory$$Lambda+0x0000013c9c31fda0
instanceKlass org/springframework/core/io/ContextResource
instanceKlass java/beans/PropertyEditorSupport
instanceKlass  @bci org/springframework/core/convert/TypeDescriptor <init> (Lorg/springframework/core/ResolvableType;Ljava/lang/Class;[Ljava/lang/annotation/Annotation;)V 27 <appendix> member <vmtarget> ; # org/springframework/core/convert/TypeDescriptor$$Lambda+0x0000013c9c31ccb0
instanceKlass org/springframework/core/convert/TypeDescriptor$AnnotatedElementSupplier
instanceKlass org/springframework/core/convert/TypeDescriptor
instanceKlass org/sonar/scanner/rule/QProfile
instanceKlass  @bci java/time/OffsetDateTime parse (Ljava/lang/CharSequence;Ljava/time/format/DateTimeFormatter;)Ljava/time/OffsetDateTime; 9 <appendix> argL0 ; # java/time/OffsetDateTime$$Lambda+0x0000013c9c2513a0
instanceKlass java/time/OffsetDateTime
instanceKlass org/sonar/api/utils/DateUtils
instanceKlass org/sonar/scanner/rule/QProfile$Builder
instanceKlass  @bci java/util/stream/Collectors toMap (Ljava/util/function/Function;Ljava/util/function/Function;Ljava/util/function/BinaryOperator;Ljava/util/function/Supplier;)Ljava/util/stream/Collector; 3 <appendix> member <vmtarget> ; # java/util/stream/Collectors$$Lambda+0x0000013c9c250e90
instanceKlass  @bci org/sonar/scanner/repository/DefaultQualityProfileLoader call (Ljava/lang/String;)Ljava/util/Map; 54 <appendix> argL0 ; # org/sonar/scanner/repository/DefaultQualityProfileLoader$$Lambda+0x0000013c9c31bf40
instanceKlass  @bci org/sonar/scanner/repository/DefaultQualityProfileLoader throwingMerger ()Ljava/util/function/BinaryOperator; 0 <appendix> argL0 ; # org/sonar/scanner/repository/DefaultQualityProfileLoader$$Lambda+0x0000013c9c31bcf8
instanceKlass  @bci java/util/function/Function identity ()Ljava/util/function/Function; 0 <appendix> argL0 ; # java/util/function/Function$$Lambda+0x0000013c9c250c50
instanceKlass  @bci org/sonar/scanner/repository/DefaultQualityProfileLoader call (Ljava/lang/String;)Ljava/util/Map; 43 <appendix> argL0 ; # org/sonar/scanner/repository/DefaultQualityProfileLoader$$Lambda+0x0000013c9c31bab8
instanceKlass com/google/protobuf/ByteString$2
instanceKlass com/google/protobuf/ByteString$ArraysByteArrayCopier
instanceKlass com/google/protobuf/ByteString$ByteIterator
instanceKlass com/google/protobuf/ByteString$ByteArrayCopier
instanceKlass com/google/protobuf/ByteString
instanceKlass org/sonarqube/ws/Qualityprofiles$SearchWsResponse$QualityProfile$ActionsOrBuilder
instanceKlass org/sonarqube/ws/Qualityprofiles$SearchWsResponse$QualityProfileOrBuilder
instanceKlass org/sonarqube/ws/Qualityprofiles$SearchWsResponse$ActionsOrBuilder
instanceKlass org/sonarqube/ws/Qualityprofiles$SearchWsResponseOrBuilder
instanceKlass  @bci org/sonar/scanner/repository/DefaultQualityProfileLoader load (Ljava/lang/String;)Ljava/util/List; 20 <appendix> member <vmtarget> ; # org/sonar/scanner/repository/DefaultQualityProfileLoader$$Lambda+0x0000013c9c314678
# instanceKlass java/lang/invoke/LambdaForm$MH+0x0000013c9c313400
# instanceKlass java/lang/invoke/LambdaForm$MH+0x0000013c9c313000
# instanceKlass java/lang/invoke/LambdaForm$MH+0x0000013c9c312c00
# instanceKlass java/lang/invoke/LambdaForm$MH+0x0000013c9c312800
# instanceKlass java/lang/invoke/LambdaForm$MH+0x0000013c9c312400
# instanceKlass java/lang/invoke/LambdaForm$MH+0x0000013c9c312000
# instanceKlass java/lang/invoke/LambdaForm$MH+0x0000013c9c311c00
instanceKlass  @bci org/sonar/python/tree/PythonTreeMaker formattedExpression (Lcom/sonar/sslr/api/AstNode;)Lorg/sonar/python/tree/FormattedExpressionImpl; 162 <appendix> form vmentry <vmtarget> ; # java/lang/invoke/LambdaForm$DMH+0x0000013c9c311800
instanceKlass  @bci org/sonar/scanner/scan/ScanPropertiesTelemetryProvider isProvisioningDisabled ()Z 42 <appendix> argL0 ; # org/sonar/scanner/scan/ScanPropertiesTelemetryProvider$$Lambda+0x0000013c9c314240
instanceKlass  @bci org/sonar/scanner/scan/ScanPropertiesTelemetryProvider isProvisioningDisabled ()Z 9 <appendix> argL0 ; # org/sonar/scanner/scan/ScanPropertiesTelemetryProvider$$Lambda+0x0000013c9c314000
instanceKlass org/springframework/core/DecoratingProxy
# instanceKlass java/lang/invoke/LambdaForm$MH+0x0000013c9c311400
# instanceKlass java/lang/invoke/LambdaForm$MH+0x0000013c9c311000
# instanceKlass java/lang/invoke/LambdaForm$MH+0x0000013c9c310c00
instanceKlass org/sonar/scanner/scan/branch/DefaultBranchConfiguration
# instanceKlass java/lang/invoke/LambdaForm$MH+0x0000013c9c310800
# instanceKlass java/lang/invoke/LambdaForm$MH+0x0000013c9c310400
# instanceKlass java/lang/invoke/LambdaForm$MH+0x0000013c9c310000
# instanceKlass java/lang/invoke/LambdaForm$MH+0x0000013c9c30b400
instanceKlass org/sonar/scanner/scan/branch/BranchInfo
# instanceKlass java/lang/invoke/LambdaForm$MH+0x0000013c9c30b000
# instanceKlass java/lang/invoke/LambdaForm$MH+0x0000013c9c30ac00
# instanceKlass java/lang/invoke/LambdaForm$MH+0x0000013c9c30a800
instanceKlass  @bci org/sonar/scanner/ProjectInfo start ()V 58 <appendix> argL0 ; # org/sonar/scanner/ProjectInfo$$Lambda+0x0000013c9c30fd58
instanceKlass  @bci org/sonar/scanner/ProjectInfo validateLengthLimit (Ljava/lang/String;)Ljava/util/function/Predicate; 1 <appendix> member <vmtarget> ; # org/sonar/scanner/ProjectInfo$$Lambda+0x0000013c9c30fb00
instanceKlass  @bci org/sonar/scanner/ProjectInfo start ()V 20 <appendix> argL0 ; # org/sonar/scanner/ProjectInfo$$Lambda+0x0000013c9c30f8c0
instanceKlass  @bci org/sonar/scanner/scan/SonarGlobalPropertiesFilter getSonarGlobalProperties (Ljava/util/Map;)Ljava/util/Map; 26 <appendix> argL0 ; # org/sonar/scanner/scan/SonarGlobalPropertiesFilter$$Lambda+0x0000013c9c30f680
instanceKlass  @bci org/sonar/scanner/scan/SonarGlobalPropertiesFilter getSonarGlobalProperties (Ljava/util/Map;)Ljava/util/Map; 21 <appendix> argL0 ; # org/sonar/scanner/scan/SonarGlobalPropertiesFilter$$Lambda+0x0000013c9c30f440
instanceKlass  @bci org/sonar/scanner/scan/SonarGlobalPropertiesFilter getSonarGlobalProperties (Ljava/util/Map;)Ljava/util/Map; 11 <appendix> argL0 ; # org/sonar/scanner/scan/SonarGlobalPropertiesFilter$$Lambda+0x0000013c9c30f1f0
instanceKlass  @bci org/sonar/scanner/scan/SonarGlobalPropertiesFilter getNonSonarGlobalProperties (Ljava/util/Map;)Ljava/util/Map; 10 <appendix> member <vmtarget> ; # org/sonar/scanner/scan/SonarGlobalPropertiesFilter$$Lambda+0x0000013c9c30efb8
instanceKlass  @bci org/sonar/scanner/scan/ProjectConfigurationProvider provide (Lorg/sonar/scanner/plugin/api/impl/fs/DefaultInputProject;Lorg/sonar/scanner/bootstrap/GlobalConfiguration;Lorg/sonar/scanner/bootstrap/GlobalServerSettings;Lorg/sonar/scanner/scan/ProjectServerSettings;Ljava/util/List;)Lorg/sonar/scanner/scan/ProjectConfiguration; 33 <appendix> member <vmtarget> ; # org/sonar/scanner/scan/ProjectConfigurationProvider$$Lambda+0x0000013c9c30ed80
instanceKlass  @bci org/sonar/scanner/scan/ProjectConfigurationProvider provide (Lorg/sonar/scanner/plugin/api/impl/fs/DefaultInputProject;Lorg/sonar/scanner/bootstrap/GlobalConfiguration;Lorg/sonar/scanner/bootstrap/GlobalServerSettings;Lorg/sonar/scanner/scan/ProjectServerSettings;Ljava/util/List;)Lorg/sonar/scanner/scan/ProjectConfiguration; 16 <appendix> argL0 ; # org/sonar/scanner/scan/ProjectConfigurationProvider$$Lambda+0x0000013c9c30eb40
# instanceKlass java/lang/invoke/LambdaForm$MH+0x0000013c9c30a400
# instanceKlass java/lang/invoke/LambdaForm$MH+0x0000013c9c30a000
# instanceKlass java/lang/invoke/LambdaForm$MH+0x0000013c9c309c00
# instanceKlass java/lang/invoke/LambdaForm$MH+0x0000013c9c309800
# instanceKlass java/lang/invoke/LambdaForm$MH+0x0000013c9c309400
# instanceKlass java/lang/invoke/LambdaForm$MH+0x0000013c9c309000
# instanceKlass java/lang/invoke/LambdaForm$MH+0x0000013c9c308c00
instanceKlass org/springframework/core/CollectionFactory
instanceKlass java/lang/reflect/AnnotatedParameterizedType
instanceKlass org/springframework/core/SerializableTypeWrapper$MethodInvokeTypeProvider
instanceKlass  @bci java/lang/reflect/Proxy getProxyConstructor (Ljava/lang/Class;Ljava/lang/ClassLoader;[Ljava/lang/Class;)Ljava/lang/reflect/Constructor; 80 <appendix> argL0 ; # java/lang/reflect/Proxy$$Lambda+0x0000013c9c2502c0
instanceKlass org/springframework/core/SerializableTypeWrapper$TypeProxyInvocationHandler
instanceKlass java/net/URLEncoder
instanceKlass org/sonar/scanner/plugin/api/impl/utils/ScannerUtils
# instanceKlass java/lang/invoke/LambdaForm$MH+0x0000013c9c308800
# instanceKlass java/lang/invoke/LambdaForm$MH+0x0000013c9c308400
instanceKlass org/sonar/scanner/engine/commons/ProjectConfigurationSource
instanceKlass org/sonar/scanner/scan/DirectoryLock
instanceKlass java/util/concurrent/Executors$DefaultThreadFactory
instanceKlass java/util/concurrent/Executors
instanceKlass java/nio/file/TempFileHelper
instanceKlass org/sonar/scanner/plugin/api/impl/utils/DefaultTempFolder
instanceKlass  @bci org/sonar/scanner/scan/WorkDirectoriesInitializer list (Ljava/nio/file/Path;)Ljava/nio/file/DirectoryStream; 1 <appendix> argL0 ; # org/sonar/scanner/scan/WorkDirectoriesInitializer$$Lambda+0x0000013c9c30cec0
instanceKlass java/nio/file/attribute/DosFileAttributeView
instanceKlass org/apache/commons/lang3/CharSequenceUtils
instanceKlass  @bci org/apache/commons/lang3/SystemUtils <clinit> ()V 222 <appendix> argL0 ; # org/apache/commons/lang3/SystemUtils$$Lambda+0x0000013c9c30ca98
instanceKlass jdk/internal/math/MathUtils
instanceKlass jdk/internal/math/FloatToDecimal
instanceKlass org/apache/commons/lang3/math/NumberUtils
instanceKlass  @bci org/apache/commons/lang3/SystemProperties getProperty (Ljava/lang/String;Ljava/lang/String;)Ljava/lang/String; 2 <appendix> member <vmtarget> ; # org/apache/commons/lang3/SystemProperties$$Lambda+0x0000013c9c30c470
instanceKlass  @bci org/apache/commons/lang3/function/Suppliers <clinit> ()V 0 <appendix> argL0 ; # org/apache/commons/lang3/function/Suppliers$$Lambda+0x0000013c9c30c000
instanceKlass org/apache/commons/lang3/function/Suppliers
instanceKlass org/apache/commons/lang3/SystemProperties
instanceKlass org/apache/commons/lang3/SystemUtils
instanceKlass sun/nio/fs/WindowsLinkSupport
instanceKlass  @bci org/sonar/scanner/scan/ProjectReactorValidator validatePullRequestParamsWhenPluginAbsent (Ljava/util/List;)V 35 <appendix> member <vmtarget> ; # org/sonar/scanner/scan/ProjectReactorValidator$$Lambda+0x0000013c9c307738
instanceKlass  @bci org/sonar/scanner/scan/ProjectReactorValidator validatePullRequestParamsWhenPluginAbsent (Ljava/util/List;)V 23 <appendix> member <vmtarget> ; # org/sonar/scanner/scan/ProjectReactorValidator$$Lambda+0x0000013c9c3074e0
# instanceKlass java/lang/invoke/LambdaForm$MH+0x0000013c9c308000
# instanceKlass java/lang/invoke/LambdaForm$MH+0x0000013c9c305c00
# instanceKlass java/lang/invoke/LambdaForm$MH+0x0000013c9c305800
# instanceKlass java/lang/invoke/LambdaForm$MH+0x0000013c9c305400
# instanceKlass java/lang/invoke/LambdaForm$MH+0x0000013c9c305000
# instanceKlass java/lang/invoke/LambdaForm$MH+0x0000013c9c304c00
# instanceKlass java/lang/invoke/LambdaForm$MH+0x0000013c9c304800
# instanceKlass java/lang/invoke/LambdaForm$DMH+0x0000013c9c304400
instanceKlass  @bci org/sonar/scanner/plugin/api/impl/config/MultivalueProperty processRecords (Ljava/util/List;Ljava/util/List;Ljava/util/function/UnaryOperator;)V 148 <appendix> member <vmtarget> ; # org/sonar/scanner/plugin/api/impl/config/MultivalueProperty$$Lambda+0x0000013c9c3072a8
instanceKlass org/apache/commons/csv/CSVParser$1
instanceKlass org/apache/commons/io/input/Input
instanceKlass org/apache/commons/io/function/Uncheck
instanceKlass  @bci org/apache/commons/csv/CSVParser$CSVRecordIterator getNextRecord ()Lorg/apache/commons/csv/CSVRecord; 28 <appendix> member <vmtarget> ; # org/apache/commons/csv/CSVParser$CSVRecordIterator$$Lambda+0x0000013c9c306a48
instanceKlass org/apache/commons/csv/CSVRecord
instanceKlass org/apache/commons/csv/CSVParser$Headers
instanceKlass org/apache/commons/csv/CSVParser$CSVRecordIterator
instanceKlass org/apache/commons/csv/Lexer
instanceKlass org/apache/commons/csv/Token
instanceKlass  @bci org/apache/commons/io/build/AbstractStreamBuilder <init> ()V 47 <appendix> member <vmtarget> ; # org/apache/commons/io/build/AbstractStreamBuilder$$Lambda+0x0000013c9c302a28
instanceKlass  @bci org/sonar/plugins/python/api/types/v2/FullyQualifiedNameHelper getFullyQualifiedName (Lorg/sonar/plugins/python/api/types/v2/PythonType;)Ljava/util/Optional; 11 <appendix> form names 4 function resolvedHandle form vmentry <vmtarget> ; # java/lang/invoke/LambdaForm$DMH+0x0000013c9c304000
instanceKlass java/util/function/IntUnaryOperator
instanceKlass org/apache/commons/io/file/DeleteOption
instanceKlass org/apache/commons/io/file/PathUtils
instanceKlass org/apache/commons/io/build/AbstractSupplier
instanceKlass org/apache/commons/io/function/IOSupplier
instanceKlass org/apache/commons/csv/CSVParser
instanceKlass org/apache/commons/csv/Constants
instanceKlass org/apache/commons/csv/CSVFormat$Builder
instanceKlass org/apache/commons/csv/CSVFormat
instanceKlass  @bci java/util/function/UnaryOperator identity ()Ljava/util/function/UnaryOperator; 0 <appendix> argL0 ; # java/util/function/UnaryOperator$$Lambda+0x0000013c9c24deb0
instanceKlass org/sonar/scanner/plugin/api/impl/config/MultivalueProperty
instanceKlass org/sonar/scanner/buildsystem/BuildSystemAutoConfigUtils
instanceKlass java/util/stream/Streams$2
instanceKlass java/util/stream/Streams$ConcatSpliterator
instanceKlass  @bci java/util/regex/CharPredicates ctype (I)Ljava/util/regex/Pattern$CharPredicate; 1 <appendix> member <vmtarget> ; # java/util/regex/CharPredicates$$Lambda+0x0000013c9c24d4b0
instanceKlass  @bci org/sonar/scanner/documentation/ServerDocumentationLinkGenerator <init> (Lorg/sonar/api/config/Configuration;Lorg/sonar/core/documentation/DocumentationBaseLinkProvider;)V 22 <appendix> argL0 ; # org/sonar/scanner/documentation/ServerDocumentationLinkGenerator$$Lambda+0x0000013c9c2f9b58
instanceKlass  @bci org/sonar/scanner/documentation/ServerDocumentationLinkGenerator lambda$new$0 (Lorg/sonar/core/documentation/DocumentationBaseLinkProvider;)Ljava/util/Optional; 4 <appendix> argL0 ; # org/sonar/scanner/documentation/ServerDocumentationLinkGenerator$$Lambda+0x0000013c9c2f9918
instanceKlass  @bci org/sonar/scanner/documentation/ServerDocumentationLinkGenerator <init> (Lorg/sonar/api/config/Configuration;Lorg/sonar/core/documentation/DocumentationBaseLinkProvider;)V 14 <appendix> member <vmtarget> ; # org/sonar/scanner/documentation/ServerDocumentationLinkGenerator$$Lambda+0x0000013c9c2f96f0
# instanceKlass java/lang/invoke/LambdaForm$DMH+0x0000013c9c2fec00
instanceKlass  @bci org/springframework/core/annotation/AnnotationUtils findAnnotation (Ljava/lang/Class;Ljava/lang/Class;)Ljava/lang/annotation/Annotation; 81 <appendix> argL0 ; # org/springframework/core/annotation/AnnotationUtils$$Lambda+0x0000013c9c2f94a0
instanceKlass javax/annotation/Nullable
instanceKlass org/sonar/scanner/scan/branch/BranchParamsValidator
instanceKlass  @bci org/eclipse/jgit/treewalk/WorkingTreeIterator concatPath (Ljava/lang/String;Ljava/lang/String;)Ljava/lang/String; 25 <appendix> form vmentry <vmtarget> ; # java/lang/invoke/LambdaForm$MH+0x0000013c9c2fe800
# instanceKlass java/lang/invoke/LambdaForm$MH+0x0000013c9c2fe400
instanceKlass  @bci org/eclipse/jgit/treewalk/WorkingTreeIterator concatPath (Ljava/lang/String;Ljava/lang/String;)Ljava/lang/String; 25 <appendix> argL3 form vmentry <vmtarget> ; # java/lang/invoke/LambdaForm$MH+0x0000013c9c2fe000
# instanceKlass java/lang/invoke/LambdaForm$MH+0x0000013c9c2fdc00
# instanceKlass java/lang/invoke/LambdaForm$MH+0x0000013c9c2fd800
# instanceKlass java/lang/invoke/LambdaForm$MH+0x0000013c9c2fd400
# instanceKlass java/lang/invoke/LambdaForm$MH+0x0000013c9c2fd000
instanceKlass  @bci org/eclipse/jgit/treewalk/WorkingTreeIterator concatPath (Ljava/lang/String;Ljava/lang/String;)Ljava/lang/String; 25 <appendix> argL1 form vmentry <vmtarget> ; # java/lang/invoke/LambdaForm$MH+0x0000013c9c2fcc00
# instanceKlass java/lang/invoke/LambdaForm$MH+0x0000013c9c2fc800
# instanceKlass java/lang/invoke/LambdaForm$MH+0x0000013c9c2fc400
# instanceKlass java/lang/invoke/LambdaForm$MH+0x0000013c9c2fc000
instanceKlass org/jspecify/annotations/NullUnmarked
instanceKlass javax/annotation/meta/TypeQualifierDefault
instanceKlass javax/annotation/ParametersAreNonnullByDefault
instanceKlass org/sonar/scanner/scan/package-info
instanceKlass  @bci java/lang/Package getPackageInfo ()Ljava/lang/Class; 41 <appendix> member <vmtarget> ; # java/lang/Package$$Lambda+0x0000013c9c24d288
instanceKlass org/jspecify/annotations/NullMarked
instanceKlass org/jspecify/annotations/NonNull
instanceKlass org/jspecify/annotations/Nullable
instanceKlass java/lang/reflect/AnnotatedArrayType
instanceKlass sun/reflect/annotation/TypeAnnotation$LocationInfo$Location
instanceKlass sun/reflect/annotation/TypeAnnotation$LocationInfo
instanceKlass sun/reflect/annotation/AnnotatedTypeFactory$AnnotatedTypeBaseImpl
instanceKlass sun/reflect/annotation/AnnotatedTypeFactory
instanceKlass sun/reflect/annotation/TypeAnnotation
instanceKlass sun/reflect/annotation/TypeAnnotationParser
instanceKlass  @bci org/sonar/scanner/spring/PriorityBeanFactory determineHighestPriorityCandidate (Ljava/util/Map;Ljava/lang/Class;)Ljava/lang/String; 90 <appendix> member <vmtarget> ; # org/sonar/scanner/spring/PriorityBeanFactory$$Lambda+0x0000013c9c2f7398
instanceKlass  @bci org/sonar/scanner/spring/PriorityBeanFactory determineHighestPriorityCandidate (Ljava/util/Map;Ljava/lang/Class;)Ljava/lang/String; 39 <appendix> member <vmtarget> ; # org/sonar/scanner/spring/PriorityBeanFactory$$Lambda+0x0000013c9c2f7170
instanceKlass org/sonar/scanner/spring/PriorityBeanFactory$PriorityFunction
instanceKlass  @bci org/sonar/scanner/spring/PriorityBeanFactory determineHighestPriorityCandidate (Ljava/util/Map;Ljava/lang/Class;)Ljava/lang/String; 21 <appendix> argL0 ; # org/sonar/scanner/spring/PriorityBeanFactory$$Lambda+0x0000013c9c2f6d30
instanceKlass org/sonar/scanner/spring/PriorityBeanFactory$Bean
instanceKlass  @bci org/sonar/scanner/spring/PriorityBeanFactory determineHighestPriorityCandidate (Ljava/util/Map;Ljava/lang/Class;)Ljava/lang/String; 11 <appendix> argL0 ; # org/sonar/scanner/spring/PriorityBeanFactory$$Lambda+0x0000013c9c2f68c0
instanceKlass sun/reflect/generics/tree/MethodTypeSignature
instanceKlass org/tmatesoft/svn/core/wc/ISVNAnnotateHandler
instanceKlass org/tmatesoft/svn/core/SVNLogEntryPath
instanceKlass org/tmatesoft/svn/core/SVNLogEntry
instanceKlass org/sonar/scm/svn/ChangedLinesComputer
instanceKlass org/tmatesoft/svn/core/wc/SVNClientManager
instanceKlass org/tmatesoft/svn/core/wc/ISVNRepositoryPool
instanceKlass org/tmatesoft/svn/core/SVNURL
instanceKlass org/eclipse/jgit/lib/BaseRepositoryBuilder
instanceKlass org/sonar/scm/git/ChangedLinesComputer
instanceKlass org/eclipse/jgit/diff/DiffEntry
instanceKlass org/sonar/scm/git/ChangedFile
instanceKlass org/eclipse/jgit/lib/Ref
instanceKlass org/eclipse/jgit/lib/Config
instanceKlass org/eclipse/jgit/lib/ProgressMonitor
instanceKlass org/eclipse/jgit/treewalk/filter/TreeFilter
instanceKlass org/eclipse/jgit/treewalk/AbstractTreeIterator
instanceKlass org/sonar/scanner/process/executor/ProcessWrapper
instanceKlass org/sonar/scm/git/NativeGitBlameCommand$MutableString
instanceKlass org/sonar/scm/git/blame/BlameResult$FileBlame
instanceKlass org/eclipse/jgit/lib/Repository
instanceKlass org/eclipse/jgit/lib/AnyObjectId
instanceKlass org/eclipse/jgit/api/Git
instanceKlass org/sonar/api/a3s/A3SContextCollector$Item
instanceKlass org/sonar/scanner/deprecated/test/DefaultTestPlan
instanceKlass org/sonar/sarif/pojo/Region
instanceKlass org/sonar/sarif/pojo/PhysicalLocation
instanceKlass com/google/common/cache/CacheLoader
instanceKlass org/sonar/sarif/pojo/Message
instanceKlass org/sonar/sarif/pojo/Location
instanceKlass org/sonar/api/batch/sensor/issue/NewIssueLocation
instanceKlass org/sonar/sarif/pojo/StackFrame
instanceKlass org/sonar/sarif/pojo/Stack
instanceKlass org/sonar/sarif/pojo/Result
instanceKlass org/sonar/sarif/pojo/ReportingDescriptor
instanceKlass org/sonar/sarif/pojo/ToolComponent
instanceKlass org/sonar/sarif/pojo/Tool
instanceKlass org/sonar/scanner/externalissue/sarif/SarifImportResults
instanceKlass org/sonar/scanner/externalissue/sarif/RunMapper$RunMapperResult
instanceKlass org/sonar/sarif/pojo/Run
instanceKlass org/sonar/sarif/pojo/SarifSchema210
instanceKlass tools/jackson/databind/deser/DeserializationProblemHandler
instanceKlass org/sonar/scanner/repository/language/SupportedLanguageDto
instanceKlass org/sonarqube/ws/Batch$WsProjectResponse$FileDataOrBuilder
instanceKlass org/sonarqube/ws/Batch$WsProjectResponseOrBuilder
instanceKlass org/sonar/scanner/ci/CiConfigurationImpl
instanceKlass org/sonar/api/batch/fs/InputDir
instanceKlass org/sonar/scanner/sensor/SensorId
instanceKlass org/sonar/api/config/Settings
instanceKlass org/sonar/api/batch/sensor/issue/NewIssueResolution
instanceKlass org/sonar/api/batch/sensor/rule/NewAdHocRule
instanceKlass org/sonar/api/batch/sensor/error/NewAnalysisError
instanceKlass org/sonar/api/batch/sensor/issue/NewExternalIssue
instanceKlass org/sonar/api/batch/sensor/issue/NewIssue
instanceKlass org/sonar/api/measures/FileLinesContext
instanceKlass org/sonar/scanner/plugin/api/impl/sensor/highlighting/SyntaxHighlightingRule
instanceKlass org/sonar/scanner/protocol/output/ScannerReport$SyntaxHighlightingRuleOrBuilder
instanceKlass org/sonar/scanner/protocol/output/ScannerReport$LineSgnificantCodeOrBuilder
instanceKlass org/sonar/scanner/protocol/output/ScannerReport$SymbolOrBuilder
instanceKlass org/sonar/scanner/protocol/output/ScannerReport$LineCoverageOrBuilder
instanceKlass org/sonar/scanner/sensor/AnalysisDataHandler
instanceKlass org/sonar/scanner/sensor/DefaultSensorStorage$LineCoverageOperation
instanceKlass org/sonar/scanner/protocol/output/ScannerReport$MeasureOrBuilder
instanceKlass org/sonar/api/batch/sensor/error/AnalysisError
instanceKlass org/sonar/api/batch/sensor/coverage/NewCoverage
instanceKlass org/sonar/api/batch/sensor/cpd/NewCpdTokens
instanceKlass org/sonar/api/batch/sensor/code/NewSignificantCode
instanceKlass org/sonar/api/batch/sensor/rule/AdHocRule
instanceKlass org/sonar/api/batch/sensor/highlighting/NewHighlighting
instanceKlass org/sonar/api/batch/sensor/symbol/NewSymbolTable
instanceKlass org/sonar/api/batch/scm/BlameCommand$BlameInput
instanceKlass org/sonar/api/batch/scm/BlameCommand$BlameOutput
instanceKlass org/sonar/scanner/protocol/output/ScannerReport$CpdTextBlockOrBuilder
instanceKlass org/sonar/duplications/block/ByteArray
instanceKlass org/sonar/duplications/block/Block
instanceKlass org/sonar/duplications/index/CloneGroup
instanceKlass org/sonar/scanner/protocol/output/ScannerReport$DuplicateOrBuilder
instanceKlass org/sonar/scanner/protocol/output/ScannerReport$DuplicationOrBuilder
instanceKlass org/sonar/scanner/protocol/output/ScannerReport$AnalysisWarningOrBuilder
instanceKlass org/sonar/scanner/notifications/DefaultAnalysisWarnings$Message
instanceKlass org/sonar/scanner/plugin/api/impl/DefaultStorable
instanceKlass org/sonar/api/batch/sensor/measure/NewMeasure
instanceKlass org/sonar/api/batch/sensor/measure/Measure
instanceKlass org/sonar/scanner/deprecated/test/DefaultTestCase
instanceKlass org/sonar/scanner/protocol/output/ScannerReport$TelemetryEntryOrBuilder
instanceKlass org/sonar/scanner/protocol/output/ScannerReport$ContextPropertyOrBuilder
instanceKlass org/sonar/scanner/protocol/output/ScannerReport$ComponentLinkOrBuilder
instanceKlass org/sonar/scanner/protocol/output/ScannerReport$ComponentOrBuilder
instanceKlass org/sonar/scanner/protocol/output/ScannerReport$ImpactOrBuilder
instanceKlass org/sonar/scanner/plugin/api/impl/rule/DefaultActiveRule
instanceKlass org/sonar/api/batch/rule/ActiveRule
instanceKlass org/sonar/scanner/protocol/output/ScannerReport$ActiveRuleOrBuilder
instanceKlass org/sonar/scanner/protocol/output/ScannerReport$MetadataOrBuilder
instanceKlass org/sonar/scanner/ci/DevOpsPlatformInfo
instanceKlass org/sonar/scanner/protocol/output/ScannerReportWriter
instanceKlass org/sonar/scanner/protocol/output/ScannerReportReader
instanceKlass org/sonar/scanner/protocol/internal/SensorCacheData
instanceKlass org/springframework/core/type/classreading/SimpleAnnotationMetadata
instanceKlass org/springframework/core/annotation/MergedAnnotationsCollection
instanceKlass  @bci org/springframework/core/annotation/TypeMappedAnnotation of (Ljava/lang/ClassLoader;Ljava/lang/Object;Ljava/lang/Class;Ljava/util/Map;)Lorg/springframework/core/annotation/MergedAnnotation; 26 <appendix> argL0 ; # org/springframework/core/annotation/TypeMappedAnnotation$$Lambda+0x0000013c9c2d5878
instanceKlass  @bci org/springframework/core/type/classreading/MergedAnnotationReadingVisitor visitArray (Ljava/lang/String;)Lorg/springframework/asm/AnnotationVisitor; 7 <appendix> member <vmtarget> ; # org/springframework/core/type/classreading/MergedAnnotationReadingVisitor$$Lambda+0x0000013c9c2d5640
instanceKlass org/springframework/asm/Type
instanceKlass org/springframework/asm/AnnotationVisitor
instanceKlass  @bci org/springframework/core/type/classreading/SimpleMethodMetadataReadingVisitor visitAnnotation (Ljava/lang/String;Z)Lorg/springframework/asm/AnnotationVisitor; 19 <appendix> member <vmtarget> ; # org/springframework/core/type/classreading/SimpleMethodMetadataReadingVisitor$$Lambda+0x0000013c9c2d4b30
instanceKlass org/springframework/core/type/classreading/SimpleMethodMetadataReadingVisitor$Source
instanceKlass  @bci org/springframework/core/type/classreading/SimpleAnnotationMetadataReadingVisitor visitMethod (ILjava/lang/String;Ljava/lang/String;Ljava/lang/String;[Ljava/lang/String;)Lorg/springframework/asm/MethodVisitor; 43 <appendix> member <vmtarget> ; # org/springframework/core/type/classreading/SimpleAnnotationMetadataReadingVisitor$$Lambda+0x0000013c9c2d43c8
instanceKlass org/springframework/core/type/classreading/SimpleMethodMetadata
instanceKlass org/springframework/asm/Context
instanceKlass org/springframework/asm/Attribute
instanceKlass org/springframework/asm/ClassReader
instanceKlass org/springframework/asm/MethodVisitor
instanceKlass org/springframework/asm/ClassVisitor
instanceKlass org/springframework/core/type/classreading/SimpleMetadataReader
instanceKlass org/sonar/scanner/protocol/output/FileStructure
instanceKlass org/sonar/api/batch/sensor/cache/ReadCache
instanceKlass org/sonar/scanner/cache/ScannerWriteCache
instanceKlass org/sonar/api/batch/sensor/cache/WriteCache
instanceKlass org/sonar/scanner/documentation/ServerDocumentationLinkGenerator
instanceKlass org/sonar/scanner/log/utils/DocumentationLinkGenerator
instanceKlass org/sonar/core/documentation/DocumentationBaseLinkProvider
instanceKlass org/sonar/api/batch/sensor/issue/IssueResolution
instanceKlass org/sonar/api/utils/WildcardPattern
instanceKlass org/sonar/api/rule/RuleKey
instanceKlass org/sonar/scanner/issue/ignore/pattern/IssuePattern
instanceKlass org/sonar/api/batch/measure/Metric
instanceKlass org/sonar/scanner/protocol/output/ScannerReport$IssueLocationOrBuilder
instanceKlass com/google/protobuf/ProtocolMessageEnum
instanceKlass org/sonar/api/batch/sensor/issue/Issue
instanceKlass org/sonar/api/batch/fs/TextRange
instanceKlass org/sonar/scanner/protocol/output/ScannerReport$TextRangeOrBuilder
instanceKlass org/sonar/api/batch/sensor/issue/ExternalIssue
instanceKlass org/sonar/api/batch/sensor/issue/IIssue
instanceKlass org/sonar/scanner/protocol/output/ScannerReport$MessageFormattingOrBuilder
instanceKlass org/sonar/api/batch/sensor/issue/MessageFormatting
instanceKlass org/sonar/scanner/protocol/output/ScannerReport$ExternalIssueOrBuilder
instanceKlass org/sonar/scanner/protocol/output/ScannerReport$IssueOrBuilder
instanceKlass org/sonar/api/scan/issue/filter/IssueFilterChain
instanceKlass org/sonar/api/scan/issue/filter/FilterableIssue
instanceKlass org/sonar/api/batch/rule/Checks
instanceKlass org/sonar/scanner/rule/QualityProfiles
instanceKlass org/sonar/scanner/plugin/api/impl/rule/NewActiveRule
instanceKlass org/sonar/scanner/rule/LoadedActiveRule
instanceKlass org/sonar/scanner/plugin/api/impl/rule/DefaultActiveRules
instanceKlass org/sonar/api/batch/rule/ActiveRules
instanceKlass java/nio/file/FileVisitor
instanceKlass org/sonar/scanner/scan/filesystem/ProjectFilePreprocessor$ExclusionCounter
instanceKlass org/sonar/scanner/plugin/api/impl/fs/FileMetadata$LineHashConsumer
instanceKlass org/sonar/scanner/plugin/api/impl/fs/Metadata
instanceKlass org/sonar/scanner/plugin/api/impl/fs/charhandler/CharHandler
instanceKlass org/sonar/scanner/plugin/api/impl/fs/PathPattern
instanceKlass org/sonar/scanner/repository/language/Language
instanceKlass org/sonar/scanner/scm/ScmChangedFiles
instanceKlass org/sonar/scanner/scan/DefaultInputModuleHierarchy
instanceKlass org/sonar/scanner/scan/ProjectServerSettings
instanceKlass org/sonar/scanner/repository/ProjectRepositories
instanceKlass org/sonar/scanner/scan/branch/ProjectBranchesLoader
instanceKlass org/sonar/scanner/scan/branch/ProjectBranches
instanceKlass org/sonar/scanner/scan/branch/BranchConfigurationLoader
instanceKlass org/sonar/api/batch/bootstrap/ProjectBuilder
instanceKlass org/sonar/api/batch/bootstrap/ProjectBuilder$Context
instanceKlass org/sonar/api/batch/fs/InputModule
instanceKlass org/sonar/api/scanner/fs/InputProject
instanceKlass org/sonar/scanner/plugin/api/impl/fs/DefaultInputComponent
instanceKlass org/sonar/api/batch/bootstrap/ProjectDefinition
instanceKlass org/sonar/api/batch/bootstrap/ProjectReactor
instanceKlass  @bci org/springframework/context/annotation/ConfigurationClassParser removeKnownSuperclass (Ljava/lang/String;Z)V 54 <appendix> member <vmtarget> ; # org/springframework/context/annotation/ConfigurationClassParser$$Lambda+0x0000013c9c2c6a10
instanceKlass org/sonar/api/config/PropertyDefinition$Result
instanceKlass org/sonar/plugins/secrets/utils/CheckContainer$SingleEmittingEmitHandler
instanceKlass org/sonar/plugins/common/Check
instanceKlass org/sonar/plugins/common/InputFileContext
instanceKlass org/ahocorasick/trie/PayloadTrie
instanceKlass org/ahocorasick/trie/handler/PayloadEmitHandler
instanceKlass org/sonar/plugins/secrets/api/SecretsSpecificationLoader
instanceKlass org/sonar/plugins/secrets/api/SpecificationLoader
instanceKlass org/sonar/plugins/common/measures/DurationStatistics
instanceKlass org/sonar/api/batch/fs/FilePredicates
instanceKlass org/sonar/iac/common/predicates/YamlFileTypePredicate
instanceKlass org/sonar/api/batch/fs/FilePredicate
instanceKlass org/sonar/iac/common/extension/DurationStatistics
instanceKlass org/sonar/api/batch/fs/InputFile
instanceKlass org/sonar/api/batch/fs/IndexedFile
instanceKlass org/sonar/api/batch/fs/InputPath
instanceKlass org/sonar/api/batch/fs/InputComponent
instanceKlass com/google/protobuf/AbstractMessageLite
instanceKlass com/google/protobuf/Message
instanceKlass com/google/protobuf/MessageLite
instanceKlass org/sonar/iac/helm/protobuf/TemplateEvaluationResultOrBuilder
instanceKlass com/google/protobuf/MessageOrBuilder
instanceKlass com/google/protobuf/MessageLiteOrBuilder
instanceKlass java/lang/ProcessBuilder
instanceKlass java/lang/Process
instanceKlass org/sonar/iac/terraform/plugin/TerraformProviders$Provider
instanceKlass org/sonar/iac/common/extension/visitors/SensorTelemetry
instanceKlass org/sonar/api/batch/sensor/SensorDescriptor
instanceKlass org/sonar/scm/svn/SvnConfiguration
instanceKlass org/tmatesoft/svn/core/wc/ISVNOptions
instanceKlass org/tmatesoft/svn/core/io/ISVNTunnelProvider
instanceKlass org/sonar/scm/svn/SvnScmSupport
instanceKlass org/sonar/scm/git/GitRemoteUrlProvider
instanceKlass org/sonar/scm/git/GitIgnoreCommand
instanceKlass org/sonar/api/batch/scm/IgnoreCommand
instanceKlass org/sonar/api/batch/scm/ScmProvider
instanceKlass org/sonar/scanner/process/executor/ProcessWrapperFactory
instanceKlass org/sonar/scm/git/strategy/DefaultBlameStrategy
instanceKlass org/sonar/scm/git/strategy/BlameStrategy
instanceKlass org/sonar/scm/git/NativeGitBlameCommand
instanceKlass org/sonar/api/batch/scm/BlameCommand
instanceKlass org/sonar/scm/git/JGitBlameCommand
instanceKlass  @bci org/eclipse/jgit/util/FS$FileStoreAttributes <clinit> ()V 180 <appendix> argL0 ; # org/eclipse/jgit/util/FS$FileStoreAttributes$$Lambda+0x0000013c9c2c1080
instanceKlass  @cpi org/eclipse/jgit/lib/RepositoryCache 314 form vmentry <vmtarget> ; # java/lang/invoke/LambdaForm$DMH+0x0000013c9c2c4000
instanceKlass org/eclipse/jgit/internal/util/ShutdownHook$Listener
instanceKlass  @bci org/eclipse/jgit/internal/util/ShutdownHook <init> (Ljava/lang/String;I)V 28 <appendix> member <vmtarget> ; # org/eclipse/jgit/internal/util/ShutdownHook$$Lambda+0x0000013c9c2c0a60
instanceKlass  @bci org/eclipse/jgit/util/FS$FileStoreAttributes <clinit> ()V 166 <appendix> argL0 ; # org/eclipse/jgit/util/FS$FileStoreAttributes$$Lambda+0x0000013c9c2bfde0
instanceKlass org/eclipse/jgit/util/FS
instanceKlass org/eclipse/jgit/util/SimpleLruCache
instanceKlass org/eclipse/jgit/util/FS$FileStoreAttributes
instanceKlass org/sonar/scm/git/GitScmSupport
instanceKlass org/sonar/scanner/a3s/NoopA3SContextCollector
instanceKlass org/sonar/api/a3s/A3SContextCollector
instanceKlass org/sonar/api/config/PropertyFieldDefinition
instanceKlass org/sonar/api/PropertyField
instanceKlass  @bci sun/reflect/annotation/AnnotationParser parseAnnotationArray (ILjava/lang/Class;Ljava/nio/ByteBuffer;Ljdk/internal/reflect/ConstantPool;Ljava/lang/Class;)Ljava/lang/Object; 15 <appendix> member <vmtarget> ; # sun/reflect/annotation/AnnotationParser$$Lambda+0x0000013c9c248bd0
instanceKlass org/sonar/scanner/deprecated/test/TestPlanBuilder
instanceKlass org/sonar/scanner/externalissue/sarif/RuleMapper
instanceKlass org/sonar/scanner/externalissue/sarif/RegionMapper
instanceKlass org/sonar/scanner/externalissue/sarif/LocationMapper
instanceKlass org/sonar/scanner/externalissue/sarif/ResultMapper
instanceKlass org/sonar/scanner/externalissue/sarif/RunMapper
instanceKlass org/sonar/scanner/externalissue/sarif/DefaultSarif210Importer
instanceKlass org/sonar/scanner/externalissue/sarif/Sarif210Importer
instanceKlass org/sonar/sarif/SarifSerializerImpl
instanceKlass org/sonar/sarif/SarifSerializer
instanceKlass org/sonar/scanner/repository/featureflags/DefaultFeatureFlagsRepository
instanceKlass org/sonar/scanner/repository/featureflags/FeatureFlagsRepository
instanceKlass org/sonar/scanner/repository/featureflags/DefaultFeatureFlagsLoader
instanceKlass org/sonar/scanner/repository/featureflags/FeatureFlagsLoader
instanceKlass org/sonar/scanner/repository/language/DefaultLanguagesRepository
instanceKlass org/sonar/scanner/repository/language/LanguagesRepository
instanceKlass org/sonar/scanner/repository/language/DefaultLanguagesLoader
instanceKlass org/sonar/scanner/repository/language/LanguagesLoader
instanceKlass org/sonar/scanner/repository/DefaultProjectRepositoriesLoader
instanceKlass org/sonar/scanner/repository/ProjectRepositoriesLoader
instanceKlass org/sonar/scanner/repository/DefaultQualityProfileLoader
instanceKlass org/sonar/scanner/repository/QualityProfileLoader
instanceKlass org/sonar/scanner/rule/DefaultActiveRulesLoader
instanceKlass org/sonar/scanner/rule/ActiveRulesLoader
instanceKlass org/sonar/scanner/repository/settings/ProjectSettingsLoader
instanceKlass org/sonar/scanner/ci/vendors/TravisCi
instanceKlass org/sonar/scanner/ci/vendors/SemaphoreCi
instanceKlass org/sonar/scanner/ci/vendors/Jenkins
instanceKlass org/sonar/scanner/ci/vendors/GitlabCi
instanceKlass org/sonar/scanner/ci/vendors/CodeMagic
instanceKlass org/sonar/scanner/ci/vendors/GithubActions
instanceKlass org/sonar/scanner/ci/vendors/DroneCi
instanceKlass org/sonar/scanner/ci/vendors/CirrusCi
instanceKlass org/sonar/scanner/ci/vendors/CircleCi
instanceKlass org/sonar/scanner/ci/vendors/Buildkite
instanceKlass org/sonar/scanner/ci/vendors/Bitrise
instanceKlass org/sonar/scanner/ci/vendors/BitbucketPipelines
instanceKlass org/sonar/scanner/ci/vendors/Bamboo
instanceKlass org/sonar/scanner/ci/vendors/AzureDevops
instanceKlass org/sonar/scanner/ci/vendors/AwsCodeBuild
instanceKlass org/sonar/scanner/ci/vendors/AppVeyor
instanceKlass org/sonar/scanner/ci/CiVendor
instanceKlass org/sonar/scanner/ci/CiConfiguration
instanceKlass org/sonar/scanner/ci/CiConfigurationProvider
instanceKlass org/sonar/scanner/plugin/api/impl/fs/DefaultFileSystem
instanceKlass org/sonar/api/batch/fs/FileSystem
instanceKlass org/sonar/scanner/sensor/UnchangedFilesHandler
instanceKlass org/sonar/scanner/sensor/ExecutingSensorContext
instanceKlass org/sonar/scanner/sensor/ProjectSensorContext
instanceKlass org/sonar/api/batch/sensor/SensorContext
instanceKlass org/sonar/scanner/DefaultFileLinesContextFactory
instanceKlass org/sonar/api/measures/FileLinesContextFactory
instanceKlass org/sonar/scanner/sensor/DefaultSensorStorage
instanceKlass org/sonar/scanner/plugin/api/impl/SensorStorage
instanceKlass org/sonar/scanner/scm/ScmRevisionImpl
instanceKlass org/sonar/scanner/scm/ScmRevision
instanceKlass org/sonar/scanner/scm/ScmPublisher
instanceKlass org/sonar/scanner/scm/ScmConfiguration
instanceKlass org/sonar/duplications/index/AbstractCloneIndex
instanceKlass org/sonar/duplications/index/CloneIndex
instanceKlass org/sonar/scanner/cpd/CpdSettings
instanceKlass org/sonar/scanner/cpd/CpdExecutor
instanceKlass org/sonar/scanner/report/CeTaskReportDataHolder
instanceKlass org/sonar/scanner/report/IssueResolutionPublisher
instanceKlass org/sonar/scanner/report/AnalysisWarningsPublisher
instanceKlass org/sonar/scanner/report/ChangedLinesPublisher
instanceKlass org/sonar/scanner/report/SourcePublisher
instanceKlass org/sonar/scanner/report/TestExecutionPublisher
instanceKlass org/sonar/scanner/report/AnalysisCachePublisher
instanceKlass org/sonar/scanner/report/TelemetryPublisher
instanceKlass org/sonar/scanner/report/ContextPropertiesPublisher
instanceKlass org/sonar/scanner/report/ComponentsPublisher
instanceKlass org/sonar/scanner/report/ActiveRulesPublisher
instanceKlass org/sonar/scanner/report/MetadataPublisher
instanceKlass org/sonar/scanner/report/ReportPublisherStep
instanceKlass org/sonar/scanner/report/AnalysisContextReportPublisher
instanceKlass org/sonar/scanner/report/ScannerFileStructureProvider
instanceKlass org/sonar/scanner/report/ReportPublisher
instanceKlass org/sonar/scanner/report/JavaArchitectureInformationProvider
instanceKlass org/sonar/core/metric/ScannerMetrics
instanceKlass org/sonar/scanner/repository/ReferenceBranchSupplier
instanceKlass org/sonar/scanner/cache/DefaultAnalysisCacheLoader
instanceKlass org/sonar/scanner/cache/AnalysisCacheLoader
instanceKlass org/sonar/scanner/cache/AnalysisCacheMemoryStorage
instanceKlass org/sonar/scanner/cache/AnalysisCacheStorage
instanceKlass org/sonar/scanner/cache/AnalysisCacheProvider
instanceKlass org/sonar/scanner/scan/filesystem/AbstractCoverageAndDuplicationExclusions
instanceKlass org/sonar/scanner/documentation/DocumentationLinkGeneratorProvider
instanceKlass org/sonar/scanner/scan/ProjectConfigurationProvider
instanceKlass org/sonar/scanner/scan/SonarGlobalPropertiesFilter
instanceKlass org/sonar/scanner/scan/ScanPropertiesTelemetryProvider
instanceKlass org/sonar/scanner/issue/IssueResolutionCache
instanceKlass org/sonar/scanner/repository/TelemetryCache
instanceKlass org/sonar/scanner/telemetry/TelemetrySink
instanceKlass org/sonar/scanner/repository/ContextPropertiesCache
instanceKlass org/sonar/scanner/issue/ignore/IgnoreIssuesFilter
instanceKlass org/sonar/scanner/issue/ignore/EnforceIssuesFilter
instanceKlass org/sonar/api/scan/issue/filter/IssueFilter
instanceKlass org/sonar/scanner/issue/ignore/scanner/IssueExclusionsLoader
instanceKlass org/sonar/scanner/issue/ignore/pattern/AbstractPatternInitializer
instanceKlass org/sonar/scanner/scan/measure/DefaultMetricFinder
instanceKlass org/sonar/api/batch/measure/MetricFinder
instanceKlass org/sonar/scanner/issue/IssuePublisher
instanceKlass org/sonar/scanner/issue/IssueFilters
instanceKlass org/sonar/api/issue/NoSonarFilter
instanceKlass org/sonar/scanner/rule/QProfileVerifier
instanceKlass org/sonar/api/batch/rule/CheckFactory
instanceKlass org/sonar/scanner/repository/QualityProfilesProvider
instanceKlass org/sonar/scanner/rule/ActiveRulesProvider
instanceKlass org/sonar/scanner/scan/filesystem/HiddenFilesProjectData
instanceKlass org/sonar/scanner/scan/filesystem/AbstractExclusionFilters
instanceKlass org/sonar/scanner/scan/filesystem/ProjectFilePreprocessor
instanceKlass org/sonar/scanner/plugin/api/impl/scan/ModuleLanguageProvider
instanceKlass org/sonar/scanner/scan/filesystem/FilePreprocessor
instanceKlass org/sonar/scanner/scan/filesystem/ModuleRelativePathWarner
instanceKlass org/sonar/scanner/plugin/api/impl/fs/FileMetadata
instanceKlass org/sonar/scanner/scan/filesystem/MetadataGenerator
instanceKlass org/sonar/scanner/scan/filesystem/LanguageDetection
instanceKlass org/sonar/scanner/scan/filesystem/StatusDetection
instanceKlass org/sonar/scanner/scm/ScmChangedFilesProvider
instanceKlass org/sonar/scanner/scan/filesystem/ScannerComponentIdGenerator
instanceKlass java/util/function/IntSupplier
instanceKlass org/sonar/scanner/fs/InputModuleHierarchy
instanceKlass org/sonar/scanner/scan/InputModuleHierarchyProvider
instanceKlass org/sonar/scanner/scan/InputProjectProvider
instanceKlass org/sonar/api/scan/filesystem/PathResolver
instanceKlass org/sonar/scanner/plugin/api/impl/fs/DefaultFileSystem$Cache
instanceKlass org/sonar/api/batch/fs/FileSystem$Index
instanceKlass org/sonar/scanner/scan/ModuleIndexer
instanceKlass org/sonar/scanner/analysis/AnalysisTempFolderProvider
instanceKlass org/sonar/scanner/scan/DeprecatedPropertiesWarningGenerator
instanceKlass org/sonar/scanner/cache/AnalysisCacheEnabled
instanceKlass org/sonar/scanner/scan/ProjectServerSettingsProvider
instanceKlass org/sonar/scanner/repository/ProjectRepositoriesProvider
instanceKlass org/sonar/scanner/scan/branch/ProjectBranchesProvider
instanceKlass org/sonar/scanner/scan/branch/BranchConfiguration
instanceKlass org/sonar/scanner/scan/branch/BranchConfigurationProvider
instanceKlass org/sonar/scanner/ProjectInfo
instanceKlass org/sonar/scanner/scan/ProjectReactorValidator
instanceKlass org/sonar/scanner/scan/ProjectLock
instanceKlass org/sonar/scanner/scan/ProjectBuildersExecutor
instanceKlass org/sonar/scanner/scan/MutableProjectReactorProvider
instanceKlass org/sonar/scanner/scan/WorkDirectoriesInitializer
instanceKlass org/sonar/scanner/scan/ProjectReactorBuilder
instanceKlass org/sonar/scanner/scan/ScanProperties
instanceKlass  @bci org/sonar/plugins/common/TextAndSecretsPlugin createUIProperties ()Ljava/util/List; 19 <appendix> argL0 ; # org/sonar/plugins/common/TextAndSecretsPlugin$$Lambda+0x0000013c9c2a9930
instanceKlass org/sonar/plugins/secrets/utils/CheckContainer
instanceKlass org/sonar/plugins/secrets/configuration/SecretsSpecificationContainer
instanceKlass org/sonar/plugins/common/DefaultQualityProfileDefinition
instanceKlass org/sonar/plugins/common/CommonRulesDefinition
instanceKlass org/sonar/plugins/common/warnings/DefaultAnalysisWarningsWrapper
instanceKlass org/sonar/plugins/common/warnings/AnalysisWarningsWrapper
instanceKlass org/sonar/plugins/common/TextAndSecretsSensor
instanceKlass org/sonar/api/batch/Phase
instanceKlass org/sonar/api/batch/DependsUpon
instanceKlass org/sonar/api/batch/DependedUpon
instanceKlass  @bci org/sonar/scanner/extension/PropertyDefinitions add (Lorg/sonar/api/config/PropertyDefinition;Ljava/lang/String;)V 47 <appendix> argL0 ; # org/sonar/scanner/extension/PropertyDefinitions$$Lambda+0x0000013c9c299cd8
instanceKlass org/sonar/api/batch/InstantiationStrategy
instanceKlass org/sonar/iac/common/json/JsonEmptyBuiltInProfileDefinition
instanceKlass org/sonar/iac/common/yaml/YamlEmptyBuiltInProfileDefinition
instanceKlass org/sonar/iac/common/warnings/DefaultAnalysisWarningsWrapper
instanceKlass org/sonar/iac/common/warnings/AnalysisWarningsWrapper
instanceKlass org/sonar/iac/common/predicates/YamlFileTypeClassificationSensor
instanceKlass org/sonar/iac/common/predicates/YamlFileTypeResolver
instanceKlass org/sonar/iac/common/predicates/YamlFileTypeCache
instanceKlass org/sonar/iac/common/json/JsonFileFilter
instanceKlass org/sonar/api/batch/fs/InputFileFilter
instanceKlass org/sonar/iac/jvmframeworkconfig/plugin/JvmFrameworkConfigSettings
instanceKlass org/sonar/iac/jvmframeworkconfig/plugin/JvmFrameworkConfigExtension$JvmFrameworkConfigLanguage
instanceKlass org/sonar/iac/jvmframeworkconfig/plugin/JvmFrameworkConfigExtension
instanceKlass org/sonar/iac/arm/plugin/ArmSettings
instanceKlass org/sonar/iac/arm/plugin/ArmExtension
instanceKlass org/sonar/iac/docker/plugin/DockerSettings
instanceKlass org/sonar/iac/docker/plugin/DockerExtension
instanceKlass org/sonar/iac/kubernetes/plugin/KubernetesSettings
instanceKlass org/sonar/iac/helm/HelmEvaluator
instanceKlass org/sonar/iac/kubernetes/plugin/kustomization/KustomizationInfoProvider
instanceKlass org/sonar/iac/kubernetes/plugin/KubernetesExtension
instanceKlass org/sonar/iac/cloudformation/plugin/CloudformationSettings
instanceKlass org/sonar/iac/cloudformation/plugin/CloudformationExtension
instanceKlass org/sonar/iac/common/reports/AbstractExternalReportSensor
instanceKlass org/sonar/iac/common/reports/AbstractExternalRulesDefinition
instanceKlass org/sonar/api/internal/apachecommons/lang3/CharSequenceUtils
instanceKlass org/sonar/api/internal/apachecommons/lang3/Strings
instanceKlass org/sonar/api/config/PropertyDefinition$Builder
instanceKlass org/sonar/iac/terraform/plugin/TerraformSettings
instanceKlass org/sonar/iac/terraform/plugin/TerraformProviders
instanceKlass org/sonar/iac/common/extension/IacDefaultProfileDefinition
instanceKlass org/sonar/api/server/profile/BuiltInQualityProfilesDefinition
instanceKlass org/sonar/iac/common/extension/IacRulesDefinition
instanceKlass org/sonar/iac/common/extension/UsesRulesFolder
instanceKlass org/sonar/iac/common/extension/ProvideLanguageKey
instanceKlass org/sonar/api/server/rule/RulesDefinition
instanceKlass org/sonar/iac/common/extension/TogglableSensor
instanceKlass org/sonar/api/batch/sensor/Sensor
instanceKlass org/sonar/api/resources/AbstractLanguage
instanceKlass org/sonar/api/resources/Language
instanceKlass org/sonar/iac/terraform/plugin/TerraformExtension
instanceKlass org/sonar/iac/common/extension/IacProjectSensor
instanceKlass org/sonar/api/scanner/sensor/ProjectSensor
instanceKlass org/sonar/api/ExtensionPoint
instanceKlass org/sonar/api/batch/ScannerSide
instanceKlass org/sonar/scanner/extension/ExtensionUtils
instanceKlass org/sonar/plugin/cayc/CAYCPageDefinition
instanceKlass org/sonar/api/web/page/PageDefinition
instanceKlass org/sonar/scanner/extension/PluginContextImpl$Builder
instanceKlass  @bci org/sonar/scanner/bootstrap/SpringScannerContainer getScannerProjectExtensionsFilter ()Lorg/sonar/scanner/extension/ExtensionMatcher; 0 <appendix> argL0 ; # org/sonar/scanner/bootstrap/SpringScannerContainer$$Lambda+0x0000013c9c2915e0
instanceKlass  @bci org/sonar/core/extension/CoreExtensionsInstaller install (Lorg/sonar/scanner/extension/ExtensionContainer;Ljava/util/function/Predicate;Ljava/util/function/Predicate;)V 13 <appendix> member <vmtarget> ; # org/sonar/core/extension/CoreExtensionsInstaller$$Lambda+0x0000013c9c2913a8
instanceKlass  @bci org/sonar/scanner/bootstrap/SpringScannerContainer addScannerExtensions ()V 13 <appendix> argL0 ; # org/sonar/scanner/bootstrap/SpringScannerContainer$$Lambda+0x0000013c9c291158
instanceKlass  @bci org/sonar/core/extension/CoreExtensionsInstaller noExtensionFilter ()Ljava/util/function/Predicate; 0 <appendix> argL0 ; # org/sonar/core/extension/CoreExtensionsInstaller$$Lambda+0x0000013c9c290f08
# instanceKlass java/lang/invoke/LambdaForm$MH+0x0000013c9c295400
instanceKlass org/springframework/beans/factory/annotation/InitDestroyAnnotationBeanPostProcessor$LifecycleMethod
# instanceKlass java/lang/invoke/LambdaForm$MH+0x0000013c9c295000
# instanceKlass java/lang/invoke/LambdaForm$MH+0x0000013c9c294c00
# instanceKlass java/lang/invoke/LambdaForm$MH+0x0000013c9c294800
instanceKlass com/google/common/base/Preconditions
instanceKlass  @bci org/sonar/core/extension/CoreExtensionsLoader ensureNoDuplicateName (Ljava/util/Set;)V 57 <appendix> argL0 ; # org/sonar/core/extension/CoreExtensionsLoader$$Lambda+0x0000013c9c290490
instanceKlass  @bci org/sonar/core/extension/CoreExtensionsLoader ensureNoDuplicateName (Ljava/util/Set;)V 47 <appendix> argL0 ; # org/sonar/core/extension/CoreExtensionsLoader$$Lambda+0x0000013c9c290240
instanceKlass  @bci java/util/stream/Collectors lambda$groupingBy$55 (Ljava/util/function/Function;Ljava/util/Map;)Ljava/util/Map; 2 <appendix> member <vmtarget> ; # java/util/stream/Collectors$$Lambda+0x0000013c9c248320
instanceKlass  @bci java/util/stream/Collectors groupingBy (Ljava/util/function/Function;Ljava/util/function/Supplier;Ljava/util/stream/Collector;)Ljava/util/stream/Collector; 84 <appendix> member <vmtarget> ; # java/util/stream/Collectors$$Lambda+0x0000013c9c2480d8
instanceKlass  @bci java/util/stream/Collectors mapMerger (Ljava/util/function/BinaryOperator;)Ljava/util/function/BinaryOperator; 1 <appendix> member <vmtarget> ; # java/util/stream/Collectors$$Lambda+0x0000013c9c247e88
instanceKlass  @bci java/util/stream/Collectors groupingBy (Ljava/util/function/Function;Ljava/util/function/Supplier;Ljava/util/stream/Collector;)Ljava/util/stream/Collector; 19 <appendix> member <vmtarget> ; # java/util/stream/Collectors$$Lambda+0x0000013c9c247c50
instanceKlass  @cpi java/util/stream/Collectors 1299 form vmentry <vmtarget> ; # java/lang/invoke/LambdaForm$DMH+0x0000013c9c294400
instanceKlass  @bci java/util/stream/Collectors groupingBy (Ljava/util/function/Function;Ljava/util/stream/Collector;)Ljava/util/stream/Collector; 1 <appendix> argL0 ; # java/util/stream/Collectors$$Lambda+0x0000013c9c247a30
instanceKlass  @bci java/util/stream/Collectors summingLong (Ljava/util/function/ToLongFunction;)Ljava/util/stream/Collector; 20 <appendix> argL0 ; # java/util/stream/Collectors$$Lambda+0x0000013c9c2477f0
instanceKlass  @bci java/util/stream/Collectors summingLong (Ljava/util/function/ToLongFunction;)Ljava/util/stream/Collector; 15 <appendix> argL0 ; # java/util/stream/Collectors$$Lambda+0x0000013c9c2475a8
instanceKlass  @bci java/util/stream/Collectors summingLong (Ljava/util/function/ToLongFunction;)Ljava/util/stream/Collector; 10 <appendix> member <vmtarget> ; # java/util/stream/Collectors$$Lambda+0x0000013c9c247370
instanceKlass  @bci java/util/stream/Collectors summingLong (Ljava/util/function/ToLongFunction;)Ljava/util/stream/Collector; 4 <appendix> argL0 ; # java/util/stream/Collectors$$Lambda+0x0000013c9c247150
instanceKlass  @bci java/util/stream/Collectors counting ()Ljava/util/stream/Collector; 0 <appendix> argL0 ; # java/util/stream/Collectors$$Lambda+0x0000013c9c246f30
instanceKlass  @cpi java/util/stream/Collectors 1161 form vmentry <vmtarget> ; # java/lang/invoke/LambdaForm$DMH+0x0000013c9c294000
instanceKlass java/util/function/ToLongFunction
instanceKlass  @bci org/sonar/core/extension/CoreExtensionsLoader ensureNoDuplicateName (Ljava/util/Set;)V 16 <appendix> argL0 ; # org/sonar/core/extension/CoreExtensionsLoader$$Lambda+0x0000013c9c290000
instanceKlass  @bci org/sonar/core/extension/CoreExtensionsLoader ensureNoDuplicateName (Ljava/util/Set;)V 6 <appendix> argL0 ; # org/sonar/core/extension/CoreExtensionsLoader$$Lambda+0x0000013c9c28dd40
instanceKlass com/google/common/collect/ImmutableSet$SetBuilderImpl
instanceKlass org/sonar/core/extension/ServiceLoaderWrapper
instanceKlass  @bci org/sonar/scanner/bootstrap/ScannerPluginRepository getPluginInfos ()Ljava/util/Collection; 14 <appendix> argL0 ; # org/sonar/scanner/bootstrap/ScannerPluginRepository$$Lambda+0x0000013c9c28bae8
instanceKlass org/springframework/beans/factory/config/NamedBeanHolder
instanceKlass org/springframework/beans/factory/NamedBean
instanceKlass org/springframework/context/event/AbstractApplicationEventMulticaster$CachedListenerRetriever
instanceKlass org/springframework/context/event/AbstractApplicationEventMulticaster$ListenerCacheKey
instanceKlass  @bci org/springframework/context/support/DefaultLifecycleProcessor startBeans (Z)V 18 <adapter> ; # java/lang/invoke/LambdaForm$MH+0x0000013c9c28cc00
# instanceKlass java/lang/invoke/LambdaForm$DMH+0x0000013c9c28c800
instanceKlass  @bci org/springframework/context/support/DefaultLifecycleProcessor startBeans (Z)V 18 <appendix> form vmentry <vmtarget> ; # java/lang/invoke/LambdaForm$DMH+0x0000013c9c28c400
instanceKlass  @bci org/springframework/context/support/DefaultLifecycleProcessor startBeans (Z)V 18 <appendix> member <vmtarget> ; # org/springframework/context/support/DefaultLifecycleProcessor$$Lambda+0x0000013c9c28b038
instanceKlass  @cpi org/springframework/context/support/DefaultLifecycleProcessor 556 form vmentry <vmtarget> ; # java/lang/invoke/LambdaForm$DMH+0x0000013c9c28c000
instanceKlass org/springframework/context/support/DefaultLifecycleProcessor
instanceKlass org/springframework/util/ConcurrentReferenceHashMap$EntryIterator
instanceKlass org/springframework/util/ConcurrentReferenceHashMap$KeyIterator
instanceKlass  @bci org/springframework/beans/CachedIntrospectionResults clearClassLoader (Ljava/lang/ClassLoader;)V 44 <appendix> member <vmtarget> ; # org/springframework/beans/CachedIntrospectionResults$$Lambda+0x0000013c9c28a220
instanceKlass  @bci org/springframework/beans/CachedIntrospectionResults clearClassLoader (Ljava/lang/ClassLoader;)V 24 <appendix> member <vmtarget> ; # org/springframework/beans/CachedIntrospectionResults$$Lambda+0x0000013c9c289fc8
instanceKlass  @bci org/springframework/beans/CachedIntrospectionResults clearClassLoader (Ljava/lang/ClassLoader;)V 4 <appendix> member <vmtarget> ; # org/springframework/beans/CachedIntrospectionResults$$Lambda+0x0000013c9c289d70
instanceKlass java/beans/BeanInfo
instanceKlass org/springframework/beans/SimpleBeanInfoFactory
instanceKlass org/springframework/core/log/LogMessage
instanceKlass  @bci org/springframework/core/io/support/SpringFactoriesLoader loadFactoriesResource (Ljava/lang/ClassLoader;Ljava/lang/String;)Ljava/util/Map; 63 <appendix> argL0 ; # org/springframework/core/io/support/SpringFactoriesLoader$$Lambda+0x0000013c9c288478
instanceKlass  @bci org/springframework/core/io/support/SpringFactoriesLoader lambda$loadFactoriesResource$0 (Ljava/util/Map;Ljava/lang/Object;Ljava/lang/Object;)V 53 <appendix> member <vmtarget> ; # org/springframework/core/io/support/SpringFactoriesLoader$$Lambda+0x0000013c9c288240
instanceKlass  @bci org/springframework/core/io/support/SpringFactoriesLoader lambda$loadFactoriesResource$0 (Ljava/util/Map;Ljava/lang/Object;Ljava/lang/Object;)V 36 <appendix> argL0 ; # org/springframework/core/io/support/SpringFactoriesLoader$$Lambda+0x0000013c9c288000
instanceKlass  @bci org/springframework/core/io/support/SpringFactoriesLoader lambda$loadFactoriesResource$0 (Ljava/util/Map;Ljava/lang/Object;Ljava/lang/Object;)V 17 <appendix> member <vmtarget> ; # org/springframework/core/io/support/SpringFactoriesLoader$$Lambda+0x0000013c9c283cf0
instanceKlass  @bci org/springframework/core/io/support/SpringFactoriesLoader loadFactoriesResource (Ljava/lang/ClassLoader;Ljava/lang/String;)Ljava/util/Map; 51 <appendix> member <vmtarget> ; # org/springframework/core/io/support/SpringFactoriesLoader$$Lambda+0x0000013c9c283ab8
instanceKlass java/net/URLDecoder
instanceKlass org/springframework/util/ResourceUtils
instanceKlass org/springframework/util/PropertiesPersister
instanceKlass org/springframework/core/io/support/PropertiesLoaderUtils
instanceKlass  @bci org/springframework/core/io/support/SpringFactoriesLoader forResourceLocation (Ljava/lang/String;Ljava/lang/ClassLoader;)Lorg/springframework/core/io/support/SpringFactoriesLoader; 42 <appendix> member <vmtarget> ; # org/springframework/core/io/support/SpringFactoriesLoader$$Lambda+0x0000013c9c283260
instanceKlass  @bci org/springframework/core/io/support/SpringFactoriesLoader forResourceLocation (Ljava/lang/String;Ljava/lang/ClassLoader;)Lorg/springframework/core/io/support/SpringFactoriesLoader; 24 <appendix> argL0 ; # org/springframework/core/io/support/SpringFactoriesLoader$$Lambda+0x0000013c9c282e10
instanceKlass  @bci org/springframework/core/io/support/SpringFactoriesLoader$FailureHandler handleMessage (Ljava/util/function/BiConsumer;)Lorg/springframework/core/io/support/SpringFactoriesLoader$FailureHandler; 1 <appendix> member <vmtarget> ; # org/springframework/core/io/support/SpringFactoriesLoader$FailureHandler$$Lambda+0x0000013c9c282be8
instanceKlass  @bci org/springframework/core/io/support/SpringFactoriesLoader$FailureHandler throwing (Ljava/util/function/BiFunction;)Lorg/springframework/core/io/support/SpringFactoriesLoader$FailureHandler; 1 <appendix> member <vmtarget> ; # org/springframework/core/io/support/SpringFactoriesLoader$FailureHandler$$Lambda+0x0000013c9c2829b0
instanceKlass  @bci org/springframework/core/io/support/SpringFactoriesLoader$FailureHandler throwing ()Lorg/springframework/core/io/support/SpringFactoriesLoader$FailureHandler; 0 <appendix> argL0 ; # org/springframework/core/io/support/SpringFactoriesLoader$FailureHandler$$Lambda+0x0000013c9c282780
instanceKlass org/springframework/core/io/support/SpringFactoriesLoader$FailureHandler
instanceKlass org/springframework/core/io/support/SpringFactoriesLoader
instanceKlass org/springframework/beans/BeanInfoFactory
instanceKlass java/beans/FeatureDescriptor
instanceKlass org/springframework/beans/CachedIntrospectionResults
instanceKlass org/springframework/core/annotation/OrderUtils
instanceKlass java/lang/constant/DynamicConstantDesc
instanceKlass java/lang/constant/ClassDesc
instanceKlass java/io/ObjectStreamConstants
instanceKlass java/io/ObjectInput
instanceKlass  @bci org/springframework/core/BridgeMethodResolver resolveBridgeMethod (Ljava/lang/reflect/Method;Ljava/lang/Class;)Ljava/lang/reflect/Method; 97 <appendix> member <vmtarget> ; # org/springframework/core/BridgeMethodResolver$$Lambda+0x0000013c9c287778
instanceKlass  @bci org/springframework/core/BridgeMethodResolver resolveBridgeMethod (Ljava/lang/reflect/Method;Ljava/lang/Class;)Ljava/lang/reflect/Method; 91 <appendix> member <vmtarget> ; # org/springframework/core/BridgeMethodResolver$$Lambda+0x0000013c9c287550
instanceKlass  @bci org/springframework/core/annotation/AnnotatedElementUtils findMergedAnnotation (Ljava/lang/reflect/AnnotatedElement;Ljava/lang/Class;)Ljava/lang/annotation/Annotation; 41 <appendix> argL0 ; # org/springframework/core/annotation/AnnotatedElementUtils$$Lambda+0x0000013c9c287300
instanceKlass  @bci org/springframework/core/MethodIntrospector selectMethods (Ljava/lang/Class;Lorg/springframework/core/MethodIntrospector$MetadataLookup;)Ljava/util/Map; 102 <appendix> member <vmtarget> ; # org/springframework/core/MethodIntrospector$$Lambda+0x0000013c9c2870d8
instanceKlass org/springframework/core/MethodIntrospector
instanceKlass  @bci org/springframework/context/event/EventListenerMethodProcessor processBean (Ljava/lang/String;Ljava/lang/Class;)V 32 <appendix> argL0 ; # org/springframework/context/event/EventListenerMethodProcessor$$Lambda+0x0000013c9c286cb0
instanceKlass org/springframework/core/MethodIntrospector$MetadataLookup
instanceKlass org/springframework/context/event/EventListener
instanceKlass org/springframework/aop/scope/ScopedObject
instanceKlass org/springframework/aop/RawTargetAccess
instanceKlass org/springframework/aop/framework/autoproxy/AutoProxyUtils
instanceKlass org/springframework/aop/scope/ScopedProxyUtils
instanceKlass org/sonar/plugins/common/TextAndSecretsPlugin
instanceKlass org/sonar/plugins/iac/IacPlugin
instanceKlass org/sonar/plugin/cayc/CleanAsYouCodePlugin
instanceKlass  @bci java/io/FilePermissionCollection add (Ljava/security/Permission;)V 68 <appendix> argL0 ; # java/io/FilePermissionCollection$$Lambda+0x0000013c9c244b70
instanceKlass java/net/URLClassLoader$1
instanceKlass org/sonar/classloader/DefaultClassloaderRef
instanceKlass org/sonar/classloader/ClassloaderBuilder$NewRealm
instanceKlass org/sonar/classloader/SelfFirstStrategy
instanceKlass org/sonar/classloader/ParentFirstStrategy
instanceKlass org/sonar/classloader/Strategy
instanceKlass org/sonar/classloader/NullClassloaderRef
instanceKlass org/sonar/classloader/ClassloaderBuilder$1
instanceKlass org/sonar/classloader/ClassloaderRef
instanceKlass org/sonar/classloader/StrategyContext
instanceKlass org/sonar/classloader/Mask$Builder
instanceKlass  @bci org/sonar/scanner/bootstrap/ScannerPluginRepository start ()V 110 <appendix> member <vmtarget> ; # org/sonar/scanner/bootstrap/ScannerPluginRepository$$Lambda+0x0000013c9c284240
instanceKlass  @bci org/sonar/scanner/bootstrap/ScannerPluginRepository start ()V 104 <appendix> argL0 ; # org/sonar/scanner/bootstrap/ScannerPluginRepository$$Lambda+0x0000013c9c284000
instanceKlass  @bci java/util/function/Predicate negate ()Ljava/util/function/Predicate; 1 <appendix> member <vmtarget> ; # java/util/function/Predicate$$Lambda+0x0000013c9c244150
instanceKlass  @cpi java/util/function/Predicate 75 form vmentry <vmtarget> ; # java/lang/invoke/LambdaForm$DMH+0x0000013c9c280800
instanceKlass  @bci org/sonar/scanner/plugin/PluginInfo create (Ljava/io/File;Lorg/sonar/updatecenter/common/PluginManifest;)Lorg/sonar/scanner/plugin/PluginInfo; 278 <appendix> member <vmtarget> ; # org/sonar/scanner/plugin/PluginInfo$$Lambda+0x0000013c9c23f788
instanceKlass  @bci org/sonar/scanner/plugin/PluginInfo create (Ljava/io/File;Lorg/sonar/updatecenter/common/PluginManifest;)Lorg/sonar/scanner/plugin/PluginInfo; 246 <appendix> member <vmtarget> ; # org/sonar/scanner/plugin/PluginInfo$$Lambda+0x0000013c9c23f550
instanceKlass  @bci org/sonar/scanner/plugin/PluginInfo create (Ljava/io/File;Lorg/sonar/updatecenter/common/PluginManifest;)Lorg/sonar/scanner/plugin/PluginInfo; 230 <appendix> argL0 ; # org/sonar/scanner/plugin/PluginInfo$$Lambda+0x0000013c9c23f300
instanceKlass  @bci org/sonar/scanner/plugin/PluginInfo create (Ljava/io/File;Lorg/sonar/updatecenter/common/PluginManifest;)Lorg/sonar/scanner/plugin/PluginInfo; 220 <appendix> argL0 ; # org/sonar/scanner/plugin/PluginInfo$$Lambda+0x0000013c9c23f0c0
instanceKlass  @bci org/sonar/scanner/plugin/PluginInfo getDocumentationPath (Ljava/io/File;)Ljava/lang/String; 19 <appendix> argL0 ; # org/sonar/scanner/plugin/PluginInfo$$Lambda+0x0000013c9c23ec70
instanceKlass java/text/CalendarBuilder
instanceKlass  @bci sun/util/locale/provider/JRELocaleProviderAdapter getDateFormatSymbolsProvider ()Ljava/text/spi/DateFormatSymbolsProvider; 8 <appendix> member <vmtarget> ; # sun/util/locale/provider/JRELocaleProviderAdapter$$Lambda+0x800000064
instanceKlass java/text/DateFormatSymbols
instanceKlass  @bci sun/util/locale/provider/LocaleProviderAdapter toLocaleArray (Ljava/util/Set;)[Ljava/util/Locale; 16 <appendix> argL0 ; # sun/util/locale/provider/LocaleProviderAdapter$$Lambda+0x800000068
instanceKlass  @bci sun/util/locale/provider/LocaleProviderAdapter toLocaleArray (Ljava/util/Set;)[Ljava/util/Locale; 6 <appendix> argL0 ; # sun/util/locale/provider/LocaleProviderAdapter$$Lambda+0x800000067
instanceKlass  @bci sun/util/cldr/CLDRLocaleProviderAdapter getCalendarDataProvider ()Ljava/util/spi/CalendarDataProvider; 8 <appendix> member <vmtarget> ; # sun/util/cldr/CLDRLocaleProviderAdapter$$Lambda+0x800000061
instanceKlass sun/util/locale/provider/CalendarDataUtility$CalendarWeekParameterGetter
instanceKlass sun/util/locale/provider/LocaleServiceProviderPool$LocalizedObjectGetter
instanceKlass sun/util/locale/provider/LocaleServiceProviderPool
instanceKlass java/util/Calendar$Builder
instanceKlass  @bci sun/util/locale/provider/JRELocaleProviderAdapter getCalendarProvider ()Lsun/util/spi/CalendarProvider; 8 <appendix> member <vmtarget> ; # sun/util/locale/provider/JRELocaleProviderAdapter$$Lambda+0x800000062
instanceKlass java/text/AttributedCharacterIterator$Attribute
instanceKlass org/sonar/updatecenter/common/FormatUtils
instanceKlass org/apache/commons/lang3/Strings
instanceKlass org/sonar/updatecenter/common/PluginKeyUtils
instanceKlass org/sonar/updatecenter/common/PluginManifest
instanceKlass java/util/ImmutableCollections$Access$1
instanceKlass jdk/internal/access/JavaUtilCollectionAccess
instanceKlass java/util/ImmutableCollections$Access
instanceKlass  @bci jdk/internal/reflect/MethodHandleLongFieldAccessorImpl setLong (Ljava/lang/Object;J)V 41 <adapter> ; # java/lang/invoke/LambdaForm$MH+0x0000013c9c280400
# instanceKlass java/lang/invoke/LambdaForm$MH+0x0000013c9c280000
# instanceKlass java/lang/invoke/LambdaForm$BMH+0x0000013c9c23bc00
# instanceKlass java/lang/invoke/LambdaForm$DMH+0x0000013c9c23b800
# instanceKlass java/lang/invoke/LambdaForm$MH+0x0000013c9c23b400
# instanceKlass java/lang/invoke/LambdaForm$BMH+0x0000013c9c23b000
# instanceKlass java/lang/invoke/LambdaForm$MH+0x0000013c9c23ac00
# instanceKlass java/lang/invoke/LambdaForm$MH+0x0000013c9c23a800
instanceKlass  @bci com/google/gson/internal/ConstructorConstructor newCollectionConstructor (Ljava/lang/Class;)Lcom/google/gson/internal/ObjectConstructor; 24 <appendix> argL0 ; # com/google/gson/internal/ConstructorConstructor$$Lambda+0x0000013c9c23dbd8
instanceKlass org/sonar/scanner/bootstrap/ScannerPluginInstaller$InstalledPlugins
instanceKlass okhttp3/internal/Internal
instanceKlass okio/InflaterSource
instanceKlass okio/GzipSource
instanceKlass okhttp3/internal/connection/ReusePlan
instanceKlass  @bci org/sonar/scanner/bootstrap/ScannerPluginInstaller installRequiredPlugins ()Ljava/util/Map; 11 <appendix> argL0 ; # org/sonar/scanner/bootstrap/ScannerPluginInstaller$$Lambda+0x0000013c9c23c918
instanceKlass  @bci org/sonar/api/config/Configuration getBoolean (Ljava/lang/String;)Ljava/util/Optional; 15 <appendix> argL0 ; # org/sonar/api/config/Configuration$$Lambda+0x0000013c9c23c6d8
instanceKlass  @bci org/sonar/api/config/Configuration getBoolean (Ljava/lang/String;)Ljava/util/Optional; 7 <appendix> argL0 ; # org/sonar/api/config/Configuration$$Lambda+0x0000013c9c23c498
# instanceKlass java/lang/invoke/LambdaForm$MH+0x0000013c9c23a400
# instanceKlass java/lang/invoke/LambdaForm$MH+0x0000013c9c23a000
# instanceKlass java/lang/invoke/LambdaForm$MH+0x0000013c9c239c00
# instanceKlass java/lang/invoke/LambdaForm$MH+0x0000013c9c239800
instanceKlass org/apache/commons/lang3/ArrayFill
instanceKlass org/sonar/updatecenter/common/Version
instanceKlass  @bci jdk/internal/reflect/DirectConstructorHandleAccessor invokeImpl ([Ljava/lang/Object;)Ljava/lang/Object; 88 <adapter> ; # java/lang/invoke/LambdaForm$MH+0x0000013c9c239400
# instanceKlass java/lang/invoke/LambdaForm$MH+0x0000013c9c239000
# instanceKlass java/lang/invoke/LambdaForm$MH+0x0000013c9c238c00
# instanceKlass java/lang/invoke/LambdaForm$MH+0x0000013c9c238800
instanceKlass  @bci org/sonar/scanner/config/DefaultConfiguration unmodifiableMapWithTrimmedValues (Lorg/sonar/scanner/extension/PropertyDefinitions;Ljava/util/Map;)Ljava/util/Map; 13 <appendix> member <vmtarget> ; # org/sonar/scanner/config/DefaultConfiguration$$Lambda+0x0000013c9c235cd0
# instanceKlass java/lang/invoke/LambdaForm$MH+0x0000013c9c238400
# instanceKlass java/lang/invoke/LambdaForm$MH+0x0000013c9c238000
# instanceKlass java/lang/invoke/LambdaForm$MH+0x0000013c9c234c00
# instanceKlass java/lang/invoke/LambdaForm$MH+0x0000013c9c234800
# instanceKlass java/lang/invoke/LambdaForm$DMH+0x0000013c9c234400
instanceKlass org/slf4j/helpers/FormattingTuple
instanceKlass org/slf4j/helpers/NormalizedParameters
instanceKlass org/slf4j/helpers/MessageFormatter
instanceKlass  @bci org/sonar/scanner/bootstrap/GlobalServerSettingsProvider provide (Lorg/sonar/scanner/repository/settings/GlobalSettingsLoader;)Lorg/sonar/scanner/bootstrap/GlobalServerSettings; 21 <appendix> argL0 ; # org/sonar/scanner/bootstrap/GlobalServerSettingsProvider$$Lambda+0x0000013c9c235448
instanceKlass org/apache/commons/text/translate/CsvTranslators
instanceKlass  @bci org/sonar/scanner/repository/settings/AbstractSettingsLoader toMap (Ljava/util/List;)Ljava/util/Map; 139 <appendix> argL0 ; # org/sonar/scanner/repository/settings/AbstractSettingsLoader$$Lambda+0x0000013c9c235000
instanceKlass com/google/protobuf/AbstractMessageLite$InternalOneOfEnum
instanceKlass com/google/protobuf/Internal$EnumLite
instanceKlass org/sonar/scanner/repository/settings/AbstractSettingsLoader$1
instanceKlass org/sonar/api/utils/log/Logger$1
instanceKlass org/sonar/api/internal/apachecommons/lang3/StringUtils
instanceKlass com/google/protobuf/GeneratedMessage$Builder$BuilderParentImpl
instanceKlass com/google/protobuf/SingleFieldBuilder
# instanceKlass java/lang/invoke/LambdaForm$MH+0x0000013c9c234000
instanceKlass sun/misc/Unsafe
instanceKlass com/google/protobuf/UnsafeUtil$1
instanceKlass com/google/protobuf/UnsafeUtil$MemoryAccessor
instanceKlass com/google/protobuf/UnsafeUtil
instanceKlass com/google/protobuf/Utf8$Processor
instanceKlass com/google/protobuf/Utf8
instanceKlass org/sonarqube/ws/Settings$ValuesOrBuilder
instanceKlass org/sonarqube/ws/Settings$FieldValuesOrBuilder
instanceKlass com/google/protobuf/WireFormat
instanceKlass com/google/protobuf/GeneratedFile
instanceKlass com/google/protobuf/AbstractMessage$BuilderParent
instanceKlass com/google/protobuf/AbstractMessageLite$Builder
instanceKlass com/google/protobuf/Internal
instanceKlass com/google/protobuf/CodedInputStream
instanceKlass com/google/protobuf/LazyStringList
instanceKlass com/google/protobuf/ExtensionRegistry$ExtensionInfo
instanceKlass com/google/protobuf/Descriptors$GenericDescriptor
instanceKlass com/google/protobuf/FieldSet$FieldDescriptorLite
instanceKlass com/google/protobuf/ExtensionLite
instanceKlass com/google/protobuf/ExtensionRegistryFactory
instanceKlass com/google/protobuf/Android
instanceKlass com/google/protobuf/ExtensionRegistryLite
instanceKlass com/google/protobuf/AbstractParser
instanceKlass com/google/protobuf/UnknownFieldSet
instanceKlass com/google/protobuf/RuntimeVersion
instanceKlass com/google/protobuf/ProtocolStringList
instanceKlass com/google/protobuf/Message$Builder
instanceKlass com/google/protobuf/GeneratedMessage$ExtensionDescriptorRetriever
instanceKlass com/google/protobuf/MutabilityOracle
instanceKlass com/google/protobuf/MapFieldReflectionAccessor
instanceKlass com/google/protobuf/Internal$DoubleList
instanceKlass com/google/protobuf/Internal$LongList
instanceKlass com/google/protobuf/Internal$FloatList
instanceKlass com/google/protobuf/Internal$IntList
instanceKlass com/google/protobuf/Internal$BooleanList
instanceKlass com/google/protobuf/Internal$ProtobufList
instanceKlass com/google/protobuf/MessageLite$Builder
instanceKlass org/sonarqube/ws/Settings$ValuesWsResponseOrBuilder
instanceKlass java/time/LocalTime$1
instanceKlass java/time/temporal/TemporalQueries$7
instanceKlass java/time/temporal/TemporalQueries$6
instanceKlass java/time/temporal/TemporalQueries$5
instanceKlass java/time/temporal/TemporalQueries$4
instanceKlass java/time/temporal/TemporalQueries$3
instanceKlass java/time/temporal/TemporalQueries$2
instanceKlass java/time/temporal/TemporalQueries$1
instanceKlass java/time/temporal/TemporalQueries
instanceKlass java/time/format/Parsed
instanceKlass java/time/format/DateTimeParseContext
instanceKlass java/text/ParsePosition
instanceKlass  @bci org/sonar/scanner/http/DefaultScannerWsClient checkAuthenticationWarnings (Lorg/sonarqube/ws/client/WsResponse;)V 21 <appendix> member <vmtarget> ; # org/sonar/scanner/http/DefaultScannerWsClient$$Lambda+0x0000013c9c223770
instanceKlass okhttp3/Dispatcher$promoteAndExecute$Effects
instanceKlass kotlin/ranges/IntRange$Companion
instanceKlass kotlin/ranges/IntProgression$Companion
instanceKlass kotlin/ranges/IntProgression
instanceKlass kotlin/ranges/OpenEndRange
instanceKlass kotlin/ranges/ClosedRange
instanceKlass kotlin/ranges/RangesKt__RangesKt
instanceKlass kotlin/text/RegexKt
instanceKlass kotlin/text/MatchNamedGroupCollection
instanceKlass kotlin/text/MatchGroupCollection
instanceKlass kotlin/text/MatcherMatchResult
instanceKlass kotlin/text/MatchResult
instanceKlass okhttp3/MediaType$Companion
instanceKlass okhttp3/MediaType
instanceKlass okhttp3/internal/UnreadableResponseBodyKt
instanceKlass okhttp3/internal/http/CallServerInterceptor$intercept$1
instanceKlass okio/ForwardingSource
instanceKlass okhttp3/internal/http1/Http1ExchangeCodec$AbstractSource
instanceKlass okhttp3/internal/http/HttpHeaders
instanceKlass okhttp3/TrailersSource$Companion$EMPTY$1
instanceKlass okhttp3/TrailersSource$Companion
instanceKlass okhttp3/TrailersSource
instanceKlass okio/internal/-ByteString
instanceKlass okhttp3/ResponseBody$Companion
instanceKlass okhttp3/ResponseBody
instanceKlass okhttp3/Response$Builder
instanceKlass okio/internal/-Buffer
instanceKlass okhttp3/internal/http/StatusLine$Companion
instanceKlass okhttp3/internal/http/StatusLine
instanceKlass okhttp3/internal/http/RequestLine
instanceKlass okhttp3/internal/connection/Exchange
instanceKlass okhttp3/internal/http1/HeadersReader$Companion
instanceKlass okhttp3/internal/http1/HeadersReader
instanceKlass okhttp3/internal/http1/Http1ExchangeCodec$Companion
instanceKlass okhttp3/internal/http1/Http1ExchangeCodec
instanceKlass okhttp3/internal/http/ExchangeCodec
instanceKlass okhttp3/internal/connection/RealConnection$Companion
instanceKlass okhttp3/internal/http2/Http2Connection$Listener$Companion
instanceKlass okhttp3/internal/http2/Http2Connection$Listener
instanceKlass okhttp3/Connection
instanceKlass java/util/concurrent/LinkedBlockingDeque$Node
instanceKlass okhttp3/internal/connection/RoutePlanner$ConnectResult
instanceKlass okio/RealBufferedSink
instanceKlass okio/RealBufferedSource
instanceKlass okio/Okio__OkioKt
instanceKlass okhttp3/internal/connection/BufferedSocketKt$asBufferedSocket$1
instanceKlass okhttp3/internal/connection/BufferedSocket
instanceKlass okio/internal/DefaultSocket$SocketSink
instanceKlass okio/internal/DefaultSocket$SocketSource
instanceKlass okio/internal/DefaultSocket
instanceKlass okio/Socket
instanceKlass okio/Okio__JvmOkioKt
instanceKlass okio/Okio
instanceKlass okhttp3/internal/connection/BufferedSocketKt
instanceKlass sun/net/NetHooks
instanceKlass java/net/SocksSocketImpl$3
instanceKlass  @bci sun/nio/ch/NioSocketImpl closerFor (Ljava/io/FileDescriptor;Z)Ljava/lang/Runnable; 5 <appendix> member <vmtarget> ; # sun/nio/ch/NioSocketImpl$$Lambda+0x0000013c9c240870
instanceKlass  @cpi java/lang/runtime/SwitchBootstraps 457 form vmentry <vmtarget> ; # java/lang/invoke/LambdaForm$DMH+0x0000013c9c21c000
instanceKlass jdk/net/ExtendedSocketOptions$2
instanceKlass jdk/net/ExtendedSocketOptions$PlatformSocketOptions
instanceKlass jdk/net/ExtendedSocketOptions$ExtSocketOption
instanceKlass java/net/SocketOption
instanceKlass jdk/net/ExtendedSocketOptions
instanceKlass sun/net/ext/ExtendedSocketOptions
instanceKlass sun/nio/ch/Net$1
instanceKlass java/net/ProtocolFamily
instanceKlass sun/nio/ch/Net
instanceKlass okhttp3/internal/connection/ConnectPlan$WhenMappings
instanceKlass okhttp3/internal/connection/FailedPlan
instanceKlass okhttp3/internal/connection/ConnectPlan$Companion
instanceKlass okhttp3/internal/connection/ConnectPlan
instanceKlass okhttp3/internal/http/ExchangeCodec$Carrier
instanceKlass okhttp3/internal/connection/RoutePlanner$Plan
instanceKlass okhttp3/internal/connection/RouteSelector$Selection
instanceKlass okhttp3/Route
instanceKlass java/net/InetSocketAddress$InetSocketAddressHolder
instanceKlass kotlin/collections/builders/ListBuilder$Itr
instanceKlass kotlin/jvm/internal/markers/KMutableListIterator
instanceKlass kotlin/jvm/internal/markers/KMutableIterator
instanceKlass kotlin/collections/builders/ListBuilderKt
instanceKlass kotlin/collections/builders/ListBuilder$Companion
instanceKlass kotlin/Pair
instanceKlass okhttp3/internal/connection/InetAddressOrderKt
instanceKlass java/util/concurrent/atomic/Striped64$1
instanceKlass jdk/internal/util/random/RandomSupport
instanceKlass java/net/InetAddress$CachedLookup
instanceKlass sun/net/InetAddressCachePolicy$1
instanceKlass sun/net/InetAddressCachePolicy
instanceKlass  @bci java/net/InetAddress getAddressesFromNameService (Ljava/lang/String;)[Ljava/net/InetAddress; 94 <appendix> argL0 ; # java/net/InetAddress$$Lambda+0x0000013c9c1fceb8
instanceKlass  @bci java/net/InetAddress loadResolver ()Ljava/net/spi/InetAddressResolver; 8 <appendix> argL0 ; # java/net/InetAddress$$Lambda+0x0000013c9c1fcc78
instanceKlass java/net/spi/InetAddressResolverProvider
instanceKlass java/net/InetAddress$NameServiceAddresses
instanceKlass java/net/InetAddress$Addresses
instanceKlass java/util/concurrent/ConcurrentSkipListMap$Iter
instanceKlass sun/net/spi/DefaultProxySelector$3
instanceKlass sun/net/spi/DefaultProxySelector$NonProxyInfo
instanceKlass okhttp3/internal/connection/RouteSelector$Companion
instanceKlass okhttp3/internal/connection/RouteSelector
instanceKlass java/util/concurrent/ConcurrentLinkedQueue$Itr
instanceKlass kotlin/time/DurationUnitKt__DurationUnitJvmKt
instanceKlass kotlin/time/DurationKt
instanceKlass kotlin/time/DurationJvmKt
instanceKlass kotlin/time/Duration$Companion
instanceKlass kotlin/time/Duration
instanceKlass okhttp3/CacheControl$Builder
instanceKlass okhttp3/internal/_CacheControlCommonKt
instanceKlass okhttp3/CacheControl$Companion
instanceKlass okhttp3/CacheControl
instanceKlass okhttp3/internal/cache/CacheStrategy$Companion
instanceKlass okhttp3/internal/cache/CacheStrategy
instanceKlass okhttp3/internal/cache/CacheStrategy$Factory
instanceKlass kotlin/internal/ProgressionUtilKt
instanceKlass java/util/concurrent/BlockingDeque
instanceKlass okhttp3/internal/connection/FastFallbackExchangeFinder
instanceKlass okhttp3/internal/connection/ExchangeFinder
instanceKlass kotlin/collections/ArrayDeque$Companion
instanceKlass kotlin/jvm/internal/markers/KMutableList
instanceKlass kotlin/jvm/internal/markers/KMutableCollection
instanceKlass kotlin/jvm/internal/markers/KMutableIterable
instanceKlass okhttp3/Address
instanceKlass okhttp3/internal/connection/RealRoutePlanner
instanceKlass okhttp3/internal/connection/RoutePlanner
instanceKlass kotlin/Unit
instanceKlass kotlin/collections/EmptyList
instanceKlass okhttp3/internal/http/RealInterceptorChain
instanceKlass okhttp3/internal/http/CallServerInterceptor
instanceKlass okhttp3/internal/connection/ConnectInterceptor
instanceKlass okhttp3/internal/cache/CacheInterceptor$Companion
instanceKlass okhttp3/internal/cache/CacheInterceptor
instanceKlass okhttp3/internal/http/BridgeInterceptor
instanceKlass okhttp3/internal/http/RetryAndFollowUpInterceptor$Companion
instanceKlass okhttp3/internal/http/RetryAndFollowUpInterceptor
instanceKlass okio/PriorityQueue
instanceKlass okio/AsyncTimeout$Companion
instanceKlass okio/Timeout$Companion
instanceKlass okio/Timeout
instanceKlass okhttp3/internal/connection/RealCall
instanceKlass okhttp3/Headers$Companion
instanceKlass okhttp3/Headers
instanceKlass okhttp3/Request
instanceKlass org/sonarqube/ws/client/BaseResponse
instanceKlass okhttp3/internal/http/HttpMethod
instanceKlass  @bci org/sonarqube/ws/client/GetRequest addVerbToBuilder ()Ljava/util/function/Function; 0 <appendix> argL0 ; # org/sonarqube/ws/client/GetRequest$$Lambda+0x0000013c9c20dc88
instanceKlass  @bci org/sonarqube/ws/client/HttpConnector prepareOkRequestBuilder (Lorg/sonarqube/ws/client/WsRequest;Lokhttp3/HttpUrl$Builder;)Lokhttp3/Request$Builder; 68 <appendix> member <vmtarget> ; # org/sonarqube/ws/client/HttpConnector$$Lambda+0x0000013c9c20da50
instanceKlass okhttp3/internal/_HeadersCommonKt
instanceKlass okhttp3/Headers$Builder
instanceKlass okhttp3/internal/Tags
instanceKlass okhttp3/Request$Builder
instanceKlass  @bci org/sonarqube/ws/client/HttpConnector completeUrlQueryParameters (Lorg/sonarqube/ws/client/BaseRequest;Lokhttp3/HttpUrl$Builder;)V 11 <appendix> member <vmtarget> ; # org/sonarqube/ws/client/HttpConnector$$Lambda+0x0000013c9c20cd28
instanceKlass java/util/OptionalInt
instanceKlass org/sonarqube/ws/client/BaseRequest$DefaultHeaders
instanceKlass org/sonarqube/ws/client/BaseRequest$DefaultParameters
instanceKlass org/sonarqube/ws/client/Headers
instanceKlass org/sonarqube/ws/client/Parameters
instanceKlass org/sonar/api/utils/log/Profiler
instanceKlass org/springframework/util/MethodInvoker
instanceKlass com/google/protobuf/Parser
instanceKlass org/sonarqube/ws/client/BaseService
instanceKlass org/sonarqube/ws/client/DefaultWsClient
instanceKlass okhttp3/internal/concurrent/Task
instanceKlass okhttp3/internal/concurrent/TaskQueue
instanceKlass okhttp3/internal/connection/RealConnectionPool$Companion
instanceKlass okhttp3/internal/connection/RealConnectionPool
instanceKlass okhttp3/internal/connection/ConnectionListener$Companion
instanceKlass okhttp3/internal/connection/ConnectionListener
instanceKlass okhttp3/ConnectionPool
instanceKlass okhttp3/internal/concurrent/TaskRunner$runnable$1
instanceKlass jdk/internal/vm/ThreadContainers
instanceKlass jdk/internal/vm/StackableScope
instanceKlass java/util/concurrent/LinkedTransferQueue$DualNode
instanceKlass java/util/concurrent/TransferQueue
instanceKlass java/util/concurrent/ThreadPoolExecutor$AbortPolicy
instanceKlass java/util/concurrent/RejectedExecutionHandler
instanceKlass java/util/concurrent/AbstractExecutorService
instanceKlass  @bci org/sonar/python/semantic/v2/typeshed/OverloadedFunctionSymbolToDescriptorConverter convert (Lorg/sonar/python/types/protobuf/SymbolsProtos$OverloadedFunctionSymbol;Z)Lorg/sonar/python/index/AmbiguousDescriptor; 48 <appendix> form vmentry <vmtarget> ; # java/lang/invoke/LambdaForm$DMH+0x0000013c9c200800
instanceKlass  @bci okhttp3/internal/_UtilJvmKt threadFactory (Ljava/lang/String;Z)Ljava/util/concurrent/ThreadFactory; 8 <appendix> member <vmtarget> ; # okhttp3/internal/_UtilJvmKt$$Lambda+0x0000013c9c1ef088
instanceKlass  @cpi okhttp3/internal/_UtilJvmKt 22 form vmentry <vmtarget> ; # java/lang/invoke/LambdaForm$DMH+0x0000013c9c200400
instanceKlass okhttp3/internal/concurrent/TaskRunner$RealBackend
instanceKlass okhttp3/internal/concurrent/TaskRunner$Backend
instanceKlass okhttp3/internal/concurrent/TaskRunner$Companion
instanceKlass okhttp3/internal/concurrent/TaskRunner
instanceKlass okhttp3/internal/concurrent/Lockable
instanceKlass okhttp3/internal/connection/RouteDatabase
instanceKlass sun/net/NetProperties$1
instanceKlass sun/net/NetProperties
instanceKlass sun/net/spi/DefaultProxySelector$1
instanceKlass java/net/Proxy
instanceKlass java/net/ProxySelector
instanceKlass  @bci org/sonarqube/ws/client/OkHttpClientBuilder buildLoggingInterceptor ()Lokhttp3/logging/HttpLoggingInterceptor; 12 <appendix> member <vmtarget> ; # org/sonarqube/ws/client/OkHttpClientBuilder$$Lambda+0x0000013c9c1eddb0
instanceKlass okhttp3/logging/HttpLoggingInterceptor$Logger
instanceKlass okhttp3/logging/HttpLoggingInterceptor$Companion
instanceKlass okhttp3/logging/HttpLoggingInterceptor
# instanceKlass java/lang/invoke/LambdaForm$MH+0x0000013c9c200000
instanceKlass jdk/internal/icu/impl/NormalizerImpl$ReorderingBuffer
instanceKlass jdk/internal/icu/impl/NormalizerImpl$UTF16Plus
instanceKlass jdk/internal/icu/impl/Norm2AllModes$NFKCSingleton
instanceKlass jdk/internal/icu/text/NormalizerBase$NFKDModeImpl
instanceKlass sun/security/pkcs/SignerInfo
instanceKlass sun/security/pkcs/PKCS9Attribute
instanceKlass sun/security/x509/AVAKeyword
instanceKlass java/util/stream/AbstractSpinedBuffer
instanceKlass  @bci nl/altindag/ssl/trustmanager/AggregatedX509ExtendedTrustManager getAcceptedIssuers ()[Ljava/security/cert/X509Certificate; 29 <appendix> argL0 ; # nl/altindag/ssl/trustmanager/AggregatedX509ExtendedTrustManager$$Lambda+0x0000013c9c1ed560
instanceKlass  @bci nl/altindag/ssl/trustmanager/AggregatedX509ExtendedTrustManager getAcceptedIssuers ()[Ljava/security/cert/X509Certificate; 19 <appendix> argL0 ; # nl/altindag/ssl/trustmanager/AggregatedX509ExtendedTrustManager$$Lambda+0x0000013c9c1ed320
instanceKlass  @bci nl/altindag/ssl/trustmanager/AggregatedX509ExtendedTrustManager getAcceptedIssuers ()[Ljava/security/cert/X509Certificate; 9 <appendix> argL0 ; # nl/altindag/ssl/trustmanager/AggregatedX509ExtendedTrustManager$$Lambda+0x0000013c9c1ed0e0
instanceKlass okhttp3/internal/tls/BasicTrustRootIndex
instanceKlass okhttp3/internal/tls/TrustRootIndex
instanceKlass okhttp3/internal/tls/BasicCertificateChainCleaner$Companion
instanceKlass java/util/logging/Logger$SystemLoggerHelper$1
instanceKlass java/util/logging/Logger$SystemLoggerHelper
instanceKlass java/util/logging/LogManager$4
instanceKlass jdk/internal/logger/BootstrapLogger$BootstrapExecutors
instanceKlass java/io/FilePermission$1
instanceKlass jdk/internal/access/JavaIOFilePermissionAccess
instanceKlass jdk/internal/logger/LoggerFinderLoader
instanceKlass  @bci java/lang/System$LoggerFinder accessProvider ()Ljava/lang/System$LoggerFinder; 8 <appendix> argL0 ; # java/lang/System$LoggerFinder$$Lambda+0x0000013c9c1f4040
instanceKlass java/util/stream/Streams
instanceKlass java/util/stream/Stream$Builder
instanceKlass java/util/stream/Streams$AbstractStreamBuilderImpl
instanceKlass  @bci java/util/logging/Level$KnownLevel findByName (Ljava/lang/String;Ljava/util/function/Function;)Ljava/util/Optional; 29 <appendix> argL0 ; # java/util/logging/Level$KnownLevel$$Lambda+0x800000022
instanceKlass  @bci java/util/logging/Level findLevel (Ljava/lang/String;)Ljava/util/logging/Level; 13 <appendix> argL0 ; # java/util/logging/Level$$Lambda+0x800000010
instanceKlass java/util/Hashtable$Enumerator
instanceKlass java/util/logging/LogManager$LoggerContext$1
instanceKlass java/util/logging/LogManager$VisitedLoggers
instanceKlass java/util/logging/LogManager$2
instanceKlass sun/security/util/FilePermCompat
instanceKlass java/util/logging/LogManager$LoggingProviderAccess
instanceKlass java/lang/Shutdown$Lock
instanceKlass java/lang/Shutdown
instanceKlass java/lang/ApplicationShutdownHooks$1
instanceKlass java/lang/ApplicationShutdownHooks
instanceKlass java/util/logging/LogManager$LogNode
instanceKlass java/util/logging/LogManager$LoggerContext
instanceKlass java/util/logging/LogManager$1
instanceKlass java/util/logging/LogManager
instanceKlass java/util/logging/Logger$ConfigurationData
instanceKlass java/util/logging/Logger$LoggerBundle
instanceKlass  @bci java/util/logging/Level$KnownLevel add (Ljava/util/logging/Level;)V 49 <appendix> argL0 ; # java/util/logging/Level$KnownLevel$$Lambda+0x800000021
instanceKlass  @bci java/util/logging/Level$KnownLevel add (Ljava/util/logging/Level;)V 19 <appendix> argL0 ; # java/util/logging/Level$KnownLevel$$Lambda+0x800000020
instanceKlass java/util/logging/Level
instanceKlass java/util/logging/Handler
instanceKlass java/util/logging/Logger
instanceKlass kotlin/text/CharsKt__CharJVMKt
instanceKlass okhttp3/internal/platform/Jdk9Platform$Companion
instanceKlass okhttp3/internal/platform/PlatformRegistry
instanceKlass okhttp3/internal/platform/Platform$Companion
instanceKlass okhttp3/internal/platform/Platform
instanceKlass okhttp3/internal/tls/CertificateChainCleaner$Companion
instanceKlass okhttp3/internal/tls/CertificateChainCleaner
instanceKlass java/util/Collections$UnmodifiableList$1
instanceKlass  @bci org/sonarqube/ws/client/OkHttpClientBuilder build ()Lokhttp3/OkHttpClient; 82 <appendix> member <vmtarget> ; # org/sonarqube/ws/client/OkHttpClientBuilder$$Lambda+0x0000013c9c1eb128
instanceKlass okhttp3/Interceptor$Chain
instanceKlass kotlin/collections/EmptySet
instanceKlass kotlin/collections/SetsKt__SetsJVMKt
instanceKlass okhttp3/CertificatePinner$Builder
instanceKlass okhttp3/CertificatePinner$Companion
instanceKlass okhttp3/CertificatePinner
instanceKlass okhttp3/internal/tls/OkHostnameVerifier
instanceKlass okhttp3/TlsVersion$Companion
instanceKlass okhttp3/ConnectionSpec$Builder
instanceKlass okhttp3/CipherSuite$Companion$ORDER_BY_NAME$1
instanceKlass okhttp3/CipherSuite$Companion
instanceKlass okhttp3/CipherSuite
instanceKlass okhttp3/ConnectionSpec$Companion
instanceKlass okhttp3/ConnectionSpec
instanceKlass kotlin/collections/ArraysUtilJVM
instanceKlass okhttp3/Protocol$Companion
instanceKlass kotlin/enums/EnumEntries
instanceKlass kotlin/enums/EnumEntriesKt
instanceKlass okhttp3/OkHttpClient$Companion
instanceKlass okhttp3/CookieJar$Companion$NoCookies
instanceKlass okhttp3/CookieJar$Companion
instanceKlass okhttp3/CookieJar
instanceKlass okhttp3/Dns$Companion$DnsSystem
instanceKlass okhttp3/Dns$Companion
instanceKlass okhttp3/Dns
instanceKlass okhttp3/internal/authenticator/JavaNetAuthenticator
instanceKlass okhttp3/Authenticator$Companion$AuthenticatorNone
instanceKlass okhttp3/Authenticator$Companion
instanceKlass okhttp3/Authenticator
instanceKlass  @bci okhttp3/internal/_UtilJvmKt asFactory (Lokhttp3/EventListener;)Lokhttp3/EventListener$Factory; 7 <appendix> member <vmtarget> ; # okhttp3/internal/_UtilJvmKt$$Lambda+0x0000013c9c1e5738
instanceKlass okhttp3/Call
instanceKlass okhttp3/EventListener$Factory
instanceKlass okhttp3/internal/_UtilJvmKt
instanceKlass okhttp3/EventListener$Companion
instanceKlass okhttp3/EventListener
instanceKlass okhttp3/Dispatcher
instanceKlass okhttp3/OkHttpClient$Builder
instanceKlass okio/-Base64
instanceKlass okhttp3/Credentials
instanceKlass okhttp3/Interceptor
instanceKlass org/sonarqube/ws/client/OkHttpClientBuilder
instanceKlass okio/_JvmPlatformKt
instanceKlass okhttp3/internal/idn/Punycode
instanceKlass jdk/internal/icu/util/CodePointTrie$Data
instanceKlass jdk/internal/icu/util/CodePointMap
instanceKlass jdk/internal/icu/util/VersionInfo
instanceKlass  @bci jdk/internal/module/SystemModuleFinders$SystemModuleReader open (Ljava/lang/String;)Ljava/util/Optional; 6 <appendix> member <vmtarget> ; # jdk/internal/module/SystemModuleFinders$SystemModuleReader$$Lambda+0x0000013c9c1f0660
instanceKlass jdk/internal/icu/impl/ICUBinary$1
instanceKlass jdk/internal/icu/impl/ICUBinary
instanceKlass jdk/internal/icu/impl/NormalizerImpl$IsAcceptable
instanceKlass jdk/internal/icu/impl/ICUBinary$Authenticate
instanceKlass jdk/internal/icu/impl/NormalizerImpl
instanceKlass jdk/internal/icu/impl/Norm2AllModes$Norm2AllModesSingleton
instanceKlass jdk/internal/icu/impl/Norm2AllModes$NFCSingleton
instanceKlass jdk/internal/icu/impl/Norm2AllModes
instanceKlass jdk/internal/icu/text/Normalizer2
instanceKlass jdk/internal/icu/text/NormalizerBase$ModeImpl
instanceKlass jdk/internal/icu/text/NormalizerBase$NFCModeImpl
instanceKlass jdk/internal/icu/text/NormalizerBase$1
instanceKlass jdk/internal/icu/text/NormalizerBase$Mode
instanceKlass jdk/internal/icu/text/NormalizerBase
instanceKlass java/text/Normalizer
instanceKlass okhttp3/internal/_NormalizeJvmKt
instanceKlass kotlin/text/Charsets
instanceKlass okhttp3/internal/idn/IdnaMappingTableKt
instanceKlass okhttp3/internal/idn/IdnaMappingTable
instanceKlass okhttp3/internal/idn/IdnaMappingTableInstanceKt
instanceKlass kotlin/text/Regex$Companion
instanceKlass kotlin/text/Regex
instanceKlass okhttp3/internal/_HostnamesCommonKt
instanceKlass okhttp3/internal/url/_UrlKt
instanceKlass kotlin/text/StringsKt__AppendableKt
instanceKlass okio/Segment$Companion
instanceKlass okio/Segment
instanceKlass okio/SegmentPool
instanceKlass okio/Buffer
instanceKlass okio/BufferedSink
instanceKlass okio/Sink
instanceKlass okio/BufferedSource
instanceKlass okio/Source
instanceKlass okio/Buffer$UnsafeCursor
instanceKlass okio/-SegmentedByteString
instanceKlass kotlin/comparisons/ComparisonsKt__ComparisonsKt
instanceKlass kotlin/collections/ArraysKt__ArraysJVMKt
instanceKlass okio/internal/-ByteStringNonJs
instanceKlass okio/ByteString$Companion
instanceKlass okio/ByteString
instanceKlass okio/Options$Companion
instanceKlass kotlin/collections/AbstractList$Companion
instanceKlass kotlin/collections/AbstractCollection
instanceKlass okhttp3/internal/_UtilCommonKt
instanceKlass kotlin/collections/ArrayAsCollection
instanceKlass kotlin/jvm/internal/markers/KMappedMarker
instanceKlass kotlin/collections/CollectionsKt__CollectionsJVMKt
instanceKlass okhttp3/HttpUrl$Builder
instanceKlass kotlin/jvm/internal/Intrinsics
instanceKlass okhttp3/HttpUrl$Companion
instanceKlass okhttp3/HttpUrl
instanceKlass org/sonarqube/ws/WsUtils
instanceKlass org/sonarqube/ws/client/WsClient
instanceKlass org/sonarqube/ws/client/LocalWsClientFactory
instanceKlass org/sonarqube/ws/client/WsClientFactory
instanceKlass org/sonarqube/ws/client/WsClientFactories
instanceKlass javax/net/ServerSocketFactory
instanceKlass nl/altindag/ssl/util/SSLSocketUtils
instanceKlass java/time/Duration$Lazy
instanceKlass nl/altindag/ssl/model/internal/SSLMaterial
instanceKlass nl/altindag/ssl/model/internal/SSLMaterial$Builder
instanceKlass  @bci nl/altindag/ssl/SSLFactory$Builder build ()Lnl/altindag/ssl/SSLFactory; 135 <appendix> member <vmtarget> ; # nl/altindag/ssl/SSLFactory$Builder$$Lambda+0x0000013c9c1d3018
instanceKlass javax/net/ssl/SSLEngine
instanceKlass  @bci nl/altindag/ssl/util/SSLParametersUtils merge (Ljavax/net/ssl/SSLParameters;Ljavax/net/ssl/SSLParameters;Ljava/util/List;Ljava/util/List;)Ljavax/net/ssl/SSLParameters; 64 <appendix> member <vmtarget> ; # nl/altindag/ssl/util/SSLParametersUtils$$Lambda+0x0000013c9c1d2528
instanceKlass  @bci nl/altindag/ssl/util/SSLParametersUtils merge (Ljavax/net/ssl/SSLParameters;Ljavax/net/ssl/SSLParameters;Ljava/util/List;Ljava/util/List;)Ljavax/net/ssl/SSLParameters; 50 <appendix> argL0 ; # nl/altindag/ssl/util/SSLParametersUtils$$Lambda+0x0000013c9c1d22d8
instanceKlass  @bci nl/altindag/ssl/util/SSLParametersUtils merge (Ljavax/net/ssl/SSLParameters;Ljavax/net/ssl/SSLParameters;Ljava/util/List;Ljava/util/List;)Ljavax/net/ssl/SSLParameters; 30 <appendix> member <vmtarget> ; # nl/altindag/ssl/util/SSLParametersUtils$$Lambda+0x0000013c9c1d20b0
instanceKlass  @bci nl/altindag/ssl/util/SSLParametersUtils merge (Ljavax/net/ssl/SSLParameters;Ljavax/net/ssl/SSLParameters;Ljava/util/List;Ljava/util/List;)Ljavax/net/ssl/SSLParameters; 16 <appendix> argL0 ; # nl/altindag/ssl/util/SSLParametersUtils$$Lambda+0x0000013c9c1d1e60
instanceKlass nl/altindag/ssl/util/SSLParametersUtils
instanceKlass  @bci nl/altindag/ssl/SSLFactory$Builder createSslParameters (Ljavax/net/ssl/SSLContext;)Ljavax/net/ssl/SSLParameters; 106 <appendix> member <vmtarget> ; # nl/altindag/ssl/SSLFactory$Builder$$Lambda+0x0000013c9c1d1460
instanceKlass  @bci nl/altindag/ssl/SSLFactory$Builder createSslParameters (Ljavax/net/ssl/SSLContext;)Ljavax/net/ssl/SSLParameters; 89 <appendix> argL0 ; # nl/altindag/ssl/SSLFactory$Builder$$Lambda+0x0000013c9c1d1210
instanceKlass  @bci nl/altindag/laleler/CollectorsUtils toArray ([Ljava/lang/Object;)Ljava/util/stream/Collector; 4 <appendix> member <vmtarget> ; # nl/altindag/laleler/CollectorsUtils$$Lambda+0x0000013c9c1d0fc8
instanceKlass  @bci nl/altindag/ssl/SSLFactory$Builder createSslParameters (Ljavax/net/ssl/SSLContext;)Ljavax/net/ssl/SSLParameters; 52 <appendix> member <vmtarget> ; # nl/altindag/ssl/SSLFactory$Builder$$Lambda+0x0000013c9c1d0d70
instanceKlass  @bci nl/altindag/ssl/SSLFactory$Builder createSslParameters (Ljavax/net/ssl/SSLContext;)Ljavax/net/ssl/SSLParameters; 36 <appendix> argL0 ; # nl/altindag/ssl/SSLFactory$Builder$$Lambda+0x0000013c9c1d0b20
instanceKlass nl/altindag/laleler/StringUtils
instanceKlass java/util/stream/DistinctOps
instanceKlass sun/security/ssl/SSLConfiguration$1
instanceKlass sun/security/ssl/DTLSRecord
instanceKlass sun/security/ssl/SessionId
instanceKlass java/util/concurrent/ConcurrentLinkedQueue$Node
instanceKlass java/security/spec/MGF1ParameterSpec
instanceKlass sun/security/ec/ParametersMap$1
instanceKlass  @bci sun/security/ec/ed/EdDSAParameters <clinit> ()V 268 <appendix> argL0 ; # sun/security/ec/ed/EdDSAParameters$$Lambda+0x0000013c9c1d6500
instanceKlass sun/security/ec/ed/EdDSAParameters$SHAKE256DigesterFactory
instanceKlass sun/security/ec/point/ProjectivePoint
instanceKlass  @bci sun/security/ec/ed/EdDSAParameters <clinit> ()V 117 <appendix> argL0 ; # sun/security/ec/ed/EdDSAParameters$$Lambda+0x0000013c9c1d5b38
instanceKlass sun/security/ec/ed/EdDSAParameters$Digester
instanceKlass sun/security/ec/ed/EdDSAParameters$SHA512DigesterFactory
instanceKlass sun/security/ec/point/ExtendedHomogeneousPoint
instanceKlass sun/security/ec/point/AffinePoint
instanceKlass sun/security/util/math/intpoly/IntegerPolynomial$Limb
instanceKlass sun/security/util/math/SmallValue
instanceKlass sun/security/ec/point/MutablePoint
instanceKlass sun/security/ec/point/ImmutablePoint
instanceKlass sun/security/ec/point/Point
instanceKlass sun/security/util/math/intpoly/IntegerPolynomial$Element
instanceKlass sun/security/util/math/ImmutableIntegerModuloP
instanceKlass sun/security/util/math/IntegerModuloP
instanceKlass sun/security/util/math/intpoly/IntegerPolynomial
instanceKlass sun/security/ec/ParametersMap
instanceKlass sun/security/ec/ed/EdECOperations
instanceKlass sun/security/ec/ed/EdDSAParameters$DigesterFactory
instanceKlass sun/security/util/math/IntegerFieldModuloP
instanceKlass sun/security/ec/ed/EdDSAParameters
instanceKlass  @bci sun/security/ec/ed/EdDSASignature <init> (Ljava/security/spec/NamedParameterSpec;)V 27 <appendix> argL0 ; # sun/security/ec/ed/EdDSASignature$$Lambda+0x0000013c9c1cb7b0
instanceKlass java/security/spec/EdDSAParameterSpec
instanceKlass sun/security/ec/ed/EdDSASignature$MessageAccumulator
instanceKlass javax/net/ssl/ExtendedSSLSession
instanceKlass javax/net/ssl/SSLSession
instanceKlass javax/crypto/spec/DHParameterSpec
instanceKlass sun/security/ssl/PredefinedDHParameterSpecs$1
instanceKlass sun/security/ssl/PredefinedDHParameterSpecs
instanceKlass sun/security/ssl/NamedGroup$SupportedGroups
instanceKlass sun/security/ssl/SSLConfiguration$CustomizedClientSignatureSchemes
instanceKlass javax/crypto/KeyGeneratorSpi
instanceKlass javax/crypto/KeyGenerator
instanceKlass sun/security/ssl/SSLConfiguration
instanceKlass sun/security/ssl/SSLCipher$SSLWriteCipher
instanceKlass sun/security/ssl/KeyUpdate$KeyUpdateProducer
instanceKlass sun/security/ssl/KeyUpdate$KeyUpdateConsumer
instanceKlass sun/security/ssl/KeyUpdate$KeyUpdateKickstartProducer
instanceKlass sun/security/ssl/KeyUpdate
instanceKlass sun/security/ssl/CertificateStatus$CertificateStatusAbsence
instanceKlass sun/security/ssl/HandshakeAbsence
instanceKlass sun/security/ssl/CertificateStatus$CertificateStatusProducer
instanceKlass sun/security/ssl/CertificateStatus$CertificateStatusConsumer
instanceKlass sun/security/ssl/CertificateStatus
instanceKlass sun/security/ssl/Finished$T13FinishedProducer
instanceKlass sun/security/ssl/Finished$T13FinishedConsumer
instanceKlass sun/security/ssl/Finished$T12FinishedProducer
instanceKlass sun/security/ssl/Finished$T12FinishedConsumer
instanceKlass sun/security/ssl/Finished
instanceKlass sun/security/ssl/ClientKeyExchange$ClientKeyExchangeProducer
instanceKlass sun/security/ssl/ClientKeyExchange$ClientKeyExchangeConsumer
instanceKlass sun/security/ssl/ClientKeyExchange
instanceKlass sun/security/ssl/CertificateVerify$T13CertificateVerifyProducer
instanceKlass sun/security/ssl/CertificateVerify$T13CertificateVerifyConsumer
instanceKlass sun/security/ssl/CertificateVerify$T12CertificateVerifyProducer
instanceKlass sun/security/ssl/CertificateVerify$T12CertificateVerifyConsumer
instanceKlass sun/security/ssl/CertificateVerify$T10CertificateVerifyProducer
instanceKlass sun/security/ssl/CertificateVerify$T10CertificateVerifyConsumer
instanceKlass sun/security/ssl/CertificateVerify$S30CertificateVerifyProducer
instanceKlass sun/security/ssl/CertificateVerify$S30CertificateVerifyConsumer
instanceKlass sun/security/ssl/CertificateVerify
instanceKlass sun/security/ssl/ServerHelloDone$ServerHelloDoneProducer
instanceKlass sun/security/ssl/ServerHelloDone$ServerHelloDoneConsumer
instanceKlass sun/security/ssl/ServerHelloDone
instanceKlass sun/security/ssl/CertificateRequest$T13CertificateRequestProducer
instanceKlass sun/security/ssl/CertificateRequest$T13CertificateRequestConsumer
instanceKlass sun/security/ssl/CertificateRequest$T12CertificateRequestProducer
instanceKlass sun/security/ssl/CertificateRequest$T12CertificateRequestConsumer
instanceKlass sun/security/ssl/CertificateRequest$T10CertificateRequestProducer
instanceKlass sun/security/ssl/CertificateRequest$T10CertificateRequestConsumer
instanceKlass sun/security/ssl/CertificateRequest
instanceKlass sun/security/ssl/ServerKeyExchange$ServerKeyExchangeProducer
instanceKlass sun/security/ssl/ServerKeyExchange$ServerKeyExchangeConsumer
instanceKlass sun/security/ssl/ServerKeyExchange
instanceKlass sun/security/ssl/CertificateMessage$T13CertificateProducer
instanceKlass sun/security/ssl/CertificateMessage$T13CertificateConsumer
instanceKlass sun/security/ssl/CertificateMessage$T12CertificateProducer
instanceKlass sun/security/ssl/CertificateMessage$T12CertificateConsumer
instanceKlass sun/security/ssl/CertificateMessage
instanceKlass sun/security/ssl/EncryptedExtensions$EncryptedExtensionsConsumer
instanceKlass sun/security/ssl/EncryptedExtensions$EncryptedExtensionsProducer
instanceKlass sun/security/ssl/EncryptedExtensions
instanceKlass sun/security/ssl/NewSessionTicket$T12NewSessionTicketProducer
instanceKlass sun/security/ssl/NewSessionTicket$T13NewSessionTicketProducer
instanceKlass sun/security/ssl/NewSessionTicket$T12NewSessionTicketConsumer
instanceKlass sun/security/ssl/NewSessionTicket$T13NewSessionTicketConsumer
instanceKlass sun/security/ssl/NewSessionTicket
instanceKlass sun/security/ssl/HelloVerifyRequest$HelloVerifyRequestProducer
instanceKlass sun/security/ssl/HelloVerifyRequest$HelloVerifyRequestConsumer
instanceKlass sun/security/ssl/HelloVerifyRequest
instanceKlass sun/security/ssl/ServerHello$T13HelloRetryRequestConsumer
instanceKlass sun/security/ssl/ServerHello$T13ServerHelloConsumer
instanceKlass sun/security/ssl/ServerHello$T12ServerHelloConsumer
instanceKlass sun/security/ssl/ServerHello$T13HelloRetryRequestReproducer
instanceKlass sun/security/ssl/ServerHello$T13HelloRetryRequestProducer
instanceKlass sun/security/ssl/ServerHello$T13ServerHelloProducer
instanceKlass sun/security/ssl/ServerHello$T12ServerHelloProducer
instanceKlass sun/security/ssl/ServerHello$ServerHelloConsumer
instanceKlass sun/security/ssl/ServerHello
instanceKlass sun/security/ssl/ClientHello$D13ClientHelloConsumer
instanceKlass sun/security/ssl/ClientHello$D12ClientHelloConsumer
instanceKlass sun/security/ssl/ClientHello$T13ClientHelloConsumer
instanceKlass sun/security/ssl/ClientHello$T12ClientHelloConsumer
instanceKlass sun/security/ssl/HandshakeConsumer
instanceKlass sun/security/ssl/ClientHello$ClientHelloProducer
instanceKlass sun/security/ssl/ClientHello$ClientHelloConsumer
instanceKlass sun/security/ssl/ClientHello$ClientHelloKickstartProducer
instanceKlass sun/security/ssl/ClientHello
instanceKlass sun/security/ssl/HelloRequest$HelloRequestProducer
instanceKlass sun/security/ssl/HelloRequest$HelloRequestConsumer
instanceKlass sun/security/ssl/HelloRequest$HelloRequestKickstartProducer
instanceKlass sun/security/ssl/SSLProducer
instanceKlass sun/security/ssl/HelloRequest
instanceKlass sun/security/ssl/HandshakeProducer
instanceKlass sun/security/ssl/SSLConsumer
instanceKlass sun/security/ssl/Authenticator$MacImpl
instanceKlass sun/security/ssl/Authenticator$MAC
instanceKlass sun/security/ssl/Authenticator
instanceKlass sun/security/ssl/SSLCipher$SSLReadCipher
instanceKlass sun/security/ssl/InputRecord
instanceKlass sun/security/ssl/SSLRecord
instanceKlass sun/security/ssl/Record
instanceKlass sun/security/ssl/TransportContext
instanceKlass sun/security/ssl/ConnectionContext
instanceKlass sun/security/ssl/HandshakeHash$CacheOnlyHash
instanceKlass sun/security/ssl/HandshakeHash$TranscriptHash
instanceKlass sun/security/ssl/HandshakeHash
instanceKlass java/net/SocksConsts
instanceKlass sun/net/PlatformSocketImpl
instanceKlass java/net/SocketImpl
instanceKlass java/net/SocketOptions
instanceKlass java/net/Socket
instanceKlass sun/security/ssl/SSLTransport
instanceKlass javax/net/SocketFactory
instanceKlass  @bci sun/security/ssl/SSLContextImpl engineInit ([Ljavax/net/ssl/KeyManager;[Ljavax/net/ssl/TrustManager;Ljava/security/SecureRandom;)V 57 <appendix> argL0 ; # sun/security/ssl/SSLContextImpl$$Lambda+0x0000013c9c1a1130
instanceKlass javax/net/ssl/X509ExtendedKeyManager
instanceKlass sun/security/ssl/SSLSessionContextImpl
instanceKlass javax/net/ssl/SSLSessionContext
instanceKlass sun/security/ssl/EphemeralKeyManager$EphemeralKeyPair
instanceKlass sun/security/ssl/EphemeralKeyManager
instanceKlass sun/security/ssl/SSLContextImpl$CustomizedSSLProtocols
instanceKlass java/security/spec/NamedParameterSpec
instanceKlass sun/security/util/ECKeySizeParameterSpec
instanceKlass java/security/KeyPairGeneratorSpi
instanceKlass javax/crypto/KeyAgreement
instanceKlass java/security/Signature$1
instanceKlass jdk/internal/access/JavaSecuritySignatureAccess
instanceKlass java/security/SignatureSpi
instanceKlass sun/security/ssl/JsseJce$EcAvailability
instanceKlass sun/security/ssl/SSLAlgorithmDecomposer$1
instanceKlass sun/security/ssl/Utilities
instanceKlass sun/security/ssl/JsseJce
instanceKlass sun/security/ssl/NamedGroup$XDHScheme
instanceKlass sun/security/ssl/NamedGroup$FFDHEScheme
instanceKlass sun/security/ssl/NamedGroup$ECDHEScheme
instanceKlass sun/security/ssl/NamedGroup$NamedGroupScheme
instanceKlass sun/security/ssl/SSLCipher$1
instanceKlass sun/security/ssl/SSLCipher$T13CC20P1305WriteCipherGenerator
instanceKlass sun/security/ssl/SSLCipher$T12CC20P1305WriteCipherGenerator
instanceKlass sun/security/ssl/SSLCipher$T13CC20P1305ReadCipherGenerator
instanceKlass sun/security/ssl/SSLCipher$T12CC20P1305ReadCipherGenerator
instanceKlass sun/security/ssl/SSLCipher$T13GcmWriteCipherGenerator
instanceKlass sun/security/ssl/SSLCipher$T13GcmReadCipherGenerator
instanceKlass sun/security/ssl/SSLCipher$T12GcmWriteCipherGenerator
instanceKlass sun/security/ssl/SSLCipher$T12GcmReadCipherGenerator
instanceKlass com/sun/crypto/provider/AESConstants
instanceKlass java/util/Vector$1
instanceKlass  @bci javax/crypto/JceSecurityManager <clinit> ()V 67 <appendix> argL0 ; # javax/crypto/JceSecurityManager$$Lambda+0x0000013c9c1981f8
instanceKlass  @bci javax/crypto/JceSecurityManager <clinit> ()V 49 <appendix> argL0 ; # javax/crypto/JceSecurityManager$$Lambda+0x0000013c9c197fd8
instanceKlass javax/crypto/JceSecurityManager
instanceKlass sun/security/ssl/SSLCipher$T11BlockWriteCipherGenerator
instanceKlass sun/security/ssl/SSLCipher$T11BlockReadCipherGenerator
instanceKlass com/sun/crypto/provider/PKCS5Padding
instanceKlass com/sun/crypto/provider/Padding
instanceKlass com/sun/crypto/provider/FeedbackCipher
instanceKlass com/sun/crypto/provider/SymmetricCipher
instanceKlass com/sun/crypto/provider/DESConstants
instanceKlass com/sun/crypto/provider/CipherCore
instanceKlass sun/security/ssl/SSLCipher$T10BlockWriteCipherGenerator
instanceKlass sun/security/ssl/SSLCipher$T10BlockReadCipherGenerator
instanceKlass javax/crypto/CipherSpi
instanceKlass javax/crypto/ProviderVerifier
instanceKlass java/lang/Class$Holder
instanceKlass javax/crypto/JceSecurity$3
instanceKlass javax/crypto/JceSecurity$2
instanceKlass java/net/spi/URLStreamHandlerProvider
instanceKlass java/net/URL$1
instanceKlass java/net/URL$2
instanceKlass java/net/URL$ThreadTrackHolder
instanceKlass java/util/Vector$Itr
instanceKlass javax/crypto/CryptoPolicyParser$CryptoPermissionEntry
instanceKlass javax/crypto/CryptoPolicyParser$GrantEntry
instanceKlass sun/nio/ch/Util$BufferCache
instanceKlass java/io/StreamTokenizer
instanceKlass javax/crypto/CryptoPolicyParser
instanceKlass java/nio/channels/NetworkChannel
instanceKlass sun/nio/ch/SelChImpl
instanceKlass sun/nio/ch/Streams
instanceKlass java/nio/channels/Channels
instanceKlass java/nio/file/Files$1
instanceKlass sun/nio/fs/WindowsFileSystem$2
instanceKlass java/nio/file/PathMatcher
instanceKlass sun/nio/fs/Globs
instanceKlass sun/nio/fs/WindowsFileSystemProvider$1
instanceKlass javax/crypto/JceSecurity$1
instanceKlass javax/crypto/JceSecurity
instanceKlass sun/security/jca/ServiceId
instanceKlass javax/crypto/Cipher$Transform
instanceKlass javax/crypto/Cipher
instanceKlass sun/security/ssl/SSLCipher$StreamWriteCipherGenerator
instanceKlass sun/security/ssl/SSLCipher$StreamReadCipherGenerator
instanceKlass sun/security/ssl/SSLCipher$NullWriteCipherGenerator
instanceKlass sun/security/ssl/SSLCipher$WriteCipherGenerator
instanceKlass sun/security/ssl/SSLCipher$NullReadCipherGenerator
instanceKlass sun/security/ssl/SSLCipher$ReadCipherGenerator
instanceKlass  @bci java/util/stream/MatchOps makeRef (Ljava/util/function/Predicate;Ljava/util/stream/MatchOps$MatchKind;)Ljava/util/stream/TerminalOp; 20 <appendix> member <vmtarget> ; # java/util/stream/MatchOps$$Lambda+0x0000013c9c18d720
instanceKlass java/util/stream/MatchOps$BooleanTerminalSink
instanceKlass java/util/stream/MatchOps$MatchOp
instanceKlass java/util/stream/MatchOps
instanceKlass  @bci sun/security/util/DisabledAlgorithmConstraints checkDisabledPatterns (Ljava/lang/String;)Z 17 <appendix> member <vmtarget> ; # sun/security/util/DisabledAlgorithmConstraints$$Lambda+0x0000013c9c18c988
instanceKlass java/time/ZonedDateTime
instanceKlass java/time/chrono/ChronoZonedDateTime
instanceKlass sun/security/util/DisabledAlgorithmConstraints$Constraints$Holder
instanceKlass java/util/StringTokenizer
instanceKlass sun/security/util/DisabledAlgorithmConstraints$Constraint
instanceKlass sun/security/util/DisabledAlgorithmConstraints$Constraints
instanceKlass sun/security/util/AbstractAlgorithmConstraints$1
instanceKlass sun/security/util/AlgorithmDecomposer
instanceKlass sun/security/ssl/SSLAlgorithmConstraints
instanceKlass javax/net/ssl/SSLContextSpi
instanceKlass nl/altindag/ssl/util/SSLContextUtils
instanceKlass  @bci nl/altindag/ssl/SSLFactory$Builder withSystemTrustMaterial ()Lnl/altindag/ssl/SSLFactory$Builder; 12 <appendix> member <vmtarget> ; # nl/altindag/ssl/SSLFactory$Builder$$Lambda+0x0000013c9c1d0278
instanceKlass java/util/Collections$2
instanceKlass  @bci nl/altindag/ssl/util/TrustManagerUtils$TrustManagerBuilder combine (Ljava/util/List;)Ljavax/net/ssl/X509ExtendedTrustManager; 47 <appendix> argL0 ; # nl/altindag/ssl/util/TrustManagerUtils$TrustManagerBuilder$$Lambda+0x0000013c9c1cf400
instanceKlass nl/altindag/ssl/trustmanager/CombinableX509TrustManager
instanceKlass  @bci nl/altindag/ssl/util/TrustManagerUtils$TrustManagerBuilder combine (Ljava/util/List;)Ljavax/net/ssl/X509ExtendedTrustManager; 37 <appendix> argL0 ; # nl/altindag/ssl/util/TrustManagerUtils$TrustManagerBuilder$$Lambda+0x0000013c9c1cf800
instanceKlass  @bci nl/altindag/ssl/util/TrustManagerUtils$TrustManagerBuilder combine (Ljava/util/List;)Ljavax/net/ssl/X509ExtendedTrustManager; 27 <appendix> argL0 ; # nl/altindag/ssl/util/TrustManagerUtils$TrustManagerBuilder$$Lambda+0x0000013c9c1c7c30
instanceKlass sun/security/mscapi/CKeyStore$1
instanceKlass  @bci nl/altindag/ssl/util/TrustManagerUtils createTrustManager ([Ljava/security/KeyStore;)Ljavax/net/ssl/X509ExtendedTrustManager; 14 <appendix> argL0 ; # nl/altindag/ssl/util/TrustManagerUtils$$Lambda+0x0000013c9c1c79f0
instanceKlass  @bci nl/altindag/ssl/util/TrustManagerUtils createTrustManager ([Ljava/security/KeyStore;)Ljavax/net/ssl/X509ExtendedTrustManager; 4 <appendix> argL0 ; # nl/altindag/ssl/util/TrustManagerUtils$$Lambda+0x0000013c9c1c77b0
instanceKlass  @bci nl/altindag/desidero/OperatingSystem getTrustStores ()Ljava/util/List; 12 <appendix> argL0 ; # nl/altindag/desidero/OperatingSystem$$Lambda+0x0000013c9c1c7590
instanceKlass sun/security/mscapi/CKey$NativeHandles
instanceKlass sun/security/x509/IPAddressName
instanceKlass  @bci org/eclipse/jgit/lib/Config fromTextRecurse (Ljava/lang/String;ILjava/lang/String;)Ljava/util/List; 242 <appendix> form vmentry <vmtarget> ; # java/lang/invoke/LambdaForm$MH+0x0000013c9c1cf000
# instanceKlass java/lang/invoke/LambdaForm$MH+0x0000013c9c1cec00
instanceKlass  @bci org/eclipse/jgit/lib/Config fromTextRecurse (Ljava/lang/String;ILjava/lang/String;)Ljava/util/List; 242 <appendix> argL3 form vmentry <vmtarget> ; # java/lang/invoke/LambdaForm$MH+0x0000013c9c1ce800
# instanceKlass java/lang/invoke/LambdaForm$MH+0x0000013c9c1ce400
# instanceKlass java/lang/invoke/LambdaForm$MH+0x0000013c9c1ce000
# instanceKlass java/lang/invoke/LambdaForm$MH+0x0000013c9c1cdc00
# instanceKlass java/lang/invoke/LambdaForm$MH+0x0000013c9c1cd800
instanceKlass  @bci org/eclipse/jgit/lib/Config fromTextRecurse (Ljava/lang/String;ILjava/lang/String;)Ljava/util/List; 242 <appendix> argL1 form vmentry <vmtarget> ; # java/lang/invoke/LambdaForm$MH+0x0000013c9c1cd400
instanceKlass  @bci org/sonar/scanner/scan/filesystem/ProjectFileIndexer index ()V 101 <appendix> argL1 argL0 form vmentry <vmtarget> ; # java/lang/invoke/LambdaForm$MH+0x0000013c9c1cd000
# instanceKlass java/lang/invoke/LambdaForm$MH+0x0000013c9c1ccc00
# instanceKlass java/lang/invoke/LambdaForm$MH+0x0000013c9c1cc800
# instanceKlass java/lang/invoke/LambdaForm$MH+0x0000013c9c1cc400
# instanceKlass java/lang/invoke/LambdaForm$DMH+0x0000013c9c1cc000
instanceKlass sun/security/mscapi/CKeyStore$KeyEntry
instanceKlass sun/security/pkcs/PKCS7
instanceKlass  @bci sun/security/mscapi/CKeyStore <init> (Ljava/lang/String;I)V 20 <appendix> argL0 ; # sun/security/mscapi/CKeyStore$$Lambda+0x0000013c9c1c8828
instanceKlass sun/security/mscapi/CKey
instanceKlass sun/security/util/Length
instanceKlass com/sun/security/sasl/Provider$1
instanceKlass  @bci sun/security/provider/certpath/ldap/JdkLDAP <init> ()V 15 <appendix> member <vmtarget> ; # sun/security/provider/certpath/ldap/JdkLDAP$$Lambda+0x0000013c9c184900
instanceKlass org/jcp/xml/dsig/internal/dom/XMLDSigRI$2
instanceKlass org/jcp/xml/dsig/internal/dom/XMLDSigRI$1
instanceKlass sun/security/mscapi/SunMSCAPI$2
instanceKlass sun/security/mscapi/SunMSCAPI$1
instanceKlass sun/security/smartcardio/SunPCSC$1
instanceKlass  @bci sun/security/pkcs11/SunPKCS11 register (Lsun/security/pkcs11/SunPKCS11$Descriptor;)V 27 <appendix> argL0 ; # sun/security/pkcs11/SunPKCS11$$Lambda+0x0000013c9c1c2210
instanceKlass sun/security/pkcs11/SunPKCS11$Descriptor
instanceKlass javax/security/auth/callback/CallbackHandler
instanceKlass javax/security/auth/Subject
instanceKlass nl/altindag/desidero/KeyStoreUtils
instanceKlass  @bci nl/altindag/laleler/CollectorsUtils toUnmodifiableList ()Ljava/util/stream/Collector; 3 <appendix> argL0 ; # nl/altindag/laleler/CollectorsUtils$$Lambda+0x0000013c9c1c6ee8
instanceKlass nl/altindag/laleler/CollectorsUtils
instanceKlass  @bci nl/altindag/desidero/WindowsCertificateUtils getTrustStores ()Ljava/util/List; 59 <appendix> argL0 ; # nl/altindag/desidero/WindowsCertificateUtils$$Lambda+0x0000013c9c1c6aa0
instanceKlass  @bci nl/altindag/desidero/WindowsCertificateUtils getTrustStores ()Ljava/util/List; 49 <appendix> argL0 ; # nl/altindag/desidero/WindowsCertificateUtils$$Lambda+0x0000013c9c1c6850
instanceKlass  @bci nl/altindag/desidero/WindowsCertificateUtils getTrustStores ()Ljava/util/List; 39 <appendix> member <vmtarget> ; # nl/altindag/desidero/WindowsCertificateUtils$$Lambda+0x0000013c9c1c6608
instanceKlass  @bci nl/altindag/desidero/OperatingSystem getTrustStores ()Ljava/util/List; 4 <appendix> argL0 ; # nl/altindag/desidero/OperatingSystem$$Lambda+0x0000013c9c1c63c8
instanceKlass  @bci nl/altindag/desidero/LinuxCertificateUtils <clinit> ()V 77 <appendix> argL0 ; # nl/altindag/desidero/LinuxCertificateUtils$$Lambda+0x0000013c9c1c6188
instanceKlass  @bci nl/altindag/desidero/MacCertificateUtils <clinit> ()V 42 <appendix> argL0 ; # nl/altindag/desidero/MacCertificateUtils$$Lambda+0x0000013c9c1c5f48
instanceKlass nl/altindag/laleler/CollectionUtils
instanceKlass nl/altindag/desidero/OSCertificateUtils
instanceKlass  @bci nl/altindag/ssl/util/KeyStoreUtils <clinit> ()V 8 <appendix> argL0 ; # nl/altindag/ssl/util/KeyStoreUtils$$Lambda+0x0000013c9c1c48f0
instanceKlass nl/altindag/ssl/util/KeyStoreUtils
instanceKlass  @bci nl/altindag/laleler/ValidationUtils requireNotNull (Ljava/lang/Object;Ljava/lang/String;)Ljava/lang/Object; 2 <appendix> member <vmtarget> ; # nl/altindag/laleler/ValidationUtils$$Lambda+0x0000013c9c1c44c0
instanceKlass  @bci nl/altindag/ssl/util/TrustManagerUtils$TrustManagerBuilder getUnsafeOrDummyTrustManagerIfConfigured (Ljava/util/List;)Ljava/util/Optional; 71 <appendix> member <vmtarget> ; # nl/altindag/ssl/util/TrustManagerUtils$TrustManagerBuilder$$Lambda+0x0000013c9c1c4268
instanceKlass  @bci java/util/stream/FindOps$FindSink$OfRef <clinit> ()V 43 <appendix> argL0 ; # java/util/stream/FindOps$FindSink$OfRef$$Lambda+0x800000047
instanceKlass  @bci java/util/stream/FindOps$FindSink$OfRef <clinit> ()V 38 <appendix> argL0 ; # java/util/stream/FindOps$FindSink$OfRef$$Lambda+0x800000049
instanceKlass  @bci java/util/stream/FindOps$FindSink$OfRef <clinit> ()V 16 <appendix> argL0 ; # java/util/stream/FindOps$FindSink$OfRef$$Lambda+0x800000048
instanceKlass  @bci java/util/stream/FindOps$FindSink$OfRef <clinit> ()V 11 <appendix> argL0 ; # java/util/stream/FindOps$FindSink$OfRef$$Lambda+0x80000004a
instanceKlass java/util/stream/FindOps$FindOp
instanceKlass java/util/stream/FindOps$FindSink
instanceKlass java/util/stream/FindOps
instanceKlass  @bci nl/altindag/ssl/util/TrustManagerUtils$TrustManagerBuilder getUnsafeOrDummyTrustManagerIfConfigured (Ljava/util/List;)Ljava/util/Optional; 13 <appendix> member <vmtarget> ; # nl/altindag/ssl/util/TrustManagerUtils$TrustManagerBuilder$$Lambda+0x0000013c9c17bbd0
instanceKlass  @bci nl/altindag/laleler/ValidationUtils <clinit> ()V 0 <appendix> argL0 ; # nl/altindag/laleler/ValidationUtils$$Lambda+0x0000013c9c17b710
instanceKlass java/util/function/UnaryOperator
instanceKlass nl/altindag/laleler/ValidationUtils
instanceKlass  @bci nl/altindag/ssl/util/TrustManagerUtils$TrustManagerBuilder build ()Ljavax/net/ssl/X509ExtendedTrustManager; 4 <appendix> argL0 ; # nl/altindag/ssl/util/TrustManagerUtils$TrustManagerBuilder$$Lambda+0x0000013c9c17b2e8
instanceKlass nl/altindag/ssl/util/TrustManagerUtils$TrustManagerBuilder
instanceKlass  @bci java/util/function/Function andThen (Ljava/util/function/Function;)Ljava/util/function/Function; 7 <appendix> member <vmtarget> ; # java/util/function/Function$$Lambda+0x0000013c9c182b28
instanceKlass  @cpi java/util/function/Function 58 form vmentry <vmtarget> ; # java/lang/invoke/LambdaForm$DMH+0x0000013c9c1c1000
instanceKlass  @bci nl/altindag/ssl/util/TrustManagerUtils getTrustManager (Ljavax/net/ssl/TrustManagerFactory;)Ljavax/net/ssl/X509ExtendedTrustManager; 54 <appendix> argL0 ; # nl/altindag/ssl/util/TrustManagerUtils$$Lambda+0x0000013c9c17ae98
instanceKlass  @bci nl/altindag/ssl/util/TrustManagerUtils getTrustManager (Ljavax/net/ssl/TrustManagerFactory;)Ljavax/net/ssl/X509ExtendedTrustManager; 41 <appendix> argL0 ; # nl/altindag/ssl/util/TrustManagerUtils$$Lambda+0x0000013c9c17ac58
instanceKlass sun/invoke/util/VerifyAccess$1
instanceKlass  @bci nl/altindag/ssl/util/TrustManagerUtils getTrustManager (Ljavax/net/ssl/TrustManagerFactory;)Ljavax/net/ssl/X509ExtendedTrustManager; 31 <appendix> member <vmtarget> ; # nl/altindag/ssl/util/TrustManagerUtils$$Lambda+0x0000013c9c17aa10
instanceKlass  @bci nl/altindag/ssl/util/TrustManagerUtils getTrustManager (Ljavax/net/ssl/TrustManagerFactory;)Ljavax/net/ssl/X509ExtendedTrustManager; 14 <appendix> member <vmtarget> ; # nl/altindag/ssl/util/TrustManagerUtils$$Lambda+0x0000013c9c17a7b8
instanceKlass java/util/Collections$3
instanceKlass sun/security/validator/TrustStoreUtil
# instanceKlass java/lang/invoke/LambdaForm$MH+0x0000013c9c1c0c00
# instanceKlass java/lang/invoke/LambdaForm$MH+0x0000013c9c1c0800
# instanceKlass java/lang/invoke/LambdaForm$MH+0x0000013c9c1c0400
# instanceKlass java/lang/invoke/LambdaForm$DMH+0x0000013c9c1c0000
instanceKlass sun/security/x509/NetscapeCertTypeExtension$MapEntry
instanceKlass sun/security/x509/RFC822Name
instanceKlass sun/security/x509/DistributionPoint
instanceKlass java/security/cert/PolicyQualifierInfo
instanceKlass sun/security/x509/DNSName
instanceKlass sun/security/x509/URIName
instanceKlass sun/security/x509/GeneralName
instanceKlass sun/security/x509/AccessDescription
instanceKlass sun/security/util/ECUtil
instanceKlass java/security/interfaces/ECPublicKey
instanceKlass java/security/interfaces/ECKey
instanceKlass java/security/PrivateKey
instanceKlass javax/security/auth/Destroyable
instanceKlass java/security/AlgorithmParametersSpi
instanceKlass java/security/AlgorithmParameters
instanceKlass java/security/PKCS12Attribute
instanceKlass java/security/KeyStore$Entry$Attribute
instanceKlass sun/security/pkcs12/PKCS12KeyStore$Entry
instanceKlass sun/util/logging/PlatformLogger
instanceKlass sun/util/logging/PlatformLogger$ConfigurableBridge$LoggerConfiguration
instanceKlass jdk/internal/logger/BootstrapLogger$RedirectedLoggers
instanceKlass jdk/internal/logger/LazyLoggers$LazyLoggerAccessor
instanceKlass jdk/internal/logger/LazyLoggers$LoggerAccessor
instanceKlass jdk/internal/logger/AbstractLoggerWrapper
instanceKlass sun/util/logging/internal/LoggingProviderImpl$LogManagerAccess
instanceKlass jdk/internal/logger/BootstrapLogger$DetectBackend$1
instanceKlass jdk/internal/logger/BootstrapLogger$DetectBackend
instanceKlass jdk/internal/logger/BootstrapLogger
instanceKlass sun/util/logging/PlatformLogger$ConfigurableBridge
instanceKlass sun/util/logging/PlatformLogger$Bridge
instanceKlass jdk/internal/logger/DefaultLoggerFinder$1
instanceKlass java/lang/System$LoggerFinder
instanceKlass jdk/internal/logger/LazyLoggers$LazyLoggerFactories
instanceKlass jdk/internal/logger/LazyLoggers$1
instanceKlass jdk/internal/logger/LazyLoggers
instanceKlass jdk/internal/event/EventHelper$ThreadTrackHolder
instanceKlass jdk/internal/misc/ThreadTracker
instanceKlass java/util/jar/JarFile$ThreadTrackHolder
instanceKlass java/lang/System$Logger
instanceKlass jdk/internal/event/EventHelper
instanceKlass sun/security/jca/JCAUtil
instanceKlass sun/security/util/MemoryCache$CacheEntry
instanceKlass sun/security/x509/CertificatePolicyId
instanceKlass sun/security/x509/PolicyInformation
instanceKlass sun/security/x509/GeneralNames
instanceKlass sun/security/x509/KeyIdentifier
# instanceKlass java/lang/invoke/LambdaForm$MH+0x0000013c9c17e000
instanceKlass sun/security/x509/OIDMap$OIDInfo
instanceKlass sun/security/x509/PKIXExtensions
instanceKlass sun/security/x509/OIDMap
instanceKlass sun/security/x509/Extension
instanceKlass java/security/cert/Extension
instanceKlass sun/security/x509/CertificateExtensions
instanceKlass sun/security/rsa/RSAUtil
instanceKlass java/security/interfaces/RSAPublicKey
instanceKlass java/security/interfaces/RSAKey
instanceKlass java/security/spec/PSSParameterSpec
instanceKlass java/security/spec/RSAPrivateKeySpec
instanceKlass java/security/spec/RSAPublicKeySpec
instanceKlass java/security/KeyFactorySpi
instanceKlass sun/security/jca/ProviderList$ServiceList$1
instanceKlass java/security/KeyFactory
instanceKlass  @bci java/security/spec/EncodedKeySpec <clinit> ()V 0 <appendix> argL0 ; # java/security/spec/EncodedKeySpec$$Lambda+0x0000013c9c0f48b8
instanceKlass jdk/internal/access/JavaSecuritySpecAccess
instanceKlass java/security/spec/EncodedKeySpec
instanceKlass java/security/spec/KeySpec
instanceKlass sun/security/util/BitArray
instanceKlass sun/security/x509/X509Key
instanceKlass java/security/PublicKey
instanceKlass sun/security/x509/CertificateX509Key
instanceKlass sun/util/calendar/CalendarUtils
instanceKlass sun/util/calendar/CalendarDate
instanceKlass sun/security/x509/CertificateValidity
instanceKlass sun/security/x509/AVA
instanceKlass sun/security/x509/RDN
instanceKlass javax/security/auth/x500/X500Principal
instanceKlass  @bci sun/security/x509/X500Name <clinit> ()V 153 <appendix> argL0 ; # sun/security/x509/X500Name$$Lambda+0x0000013c9c0f25b0
instanceKlass sun/security/x509/X500Name
instanceKlass sun/security/x509/GeneralNameInterface
instanceKlass sun/security/x509/CertificateAlgorithmId
instanceKlass sun/security/x509/SerialNumber
instanceKlass sun/security/x509/CertificateSerialNumber
instanceKlass sun/security/x509/CertificateVersion
instanceKlass sun/security/x509/X509CertInfo
instanceKlass sun/security/x509/AlgorithmId
instanceKlass sun/security/util/Cache$EqualByteArray
instanceKlass sun/security/util/Cache
instanceKlass java/security/cert/CertificateFactorySpi
instanceKlass java/security/cert/CertificateFactory
instanceKlass sun/security/pkcs/ContentInfo
instanceKlass sun/security/util/IOUtils
instanceKlass sun/security/util/DerInputStream
instanceKlass sun/security/util/DerValue
instanceKlass java/util/Collections$SynchronizedMap
instanceKlass sun/security/action/OpenFileInputStreamAction
instanceKlass  @bci sun/security/util/KeyStoreDelegator <init> (Ljava/lang/String;Ljava/lang/Class;Ljava/lang/String;Ljava/lang/Class;)V 4 <appendix> argL0 ; # sun/security/util/KeyStoreDelegator$$Lambda+0x0000013c9c0eebb8
instanceKlass java/security/KeyStoreSpi
instanceKlass sun/security/ssl/SSLLogger
instanceKlass  @bci java/security/KeyStore getDefaultType ()Ljava/lang/String; 0 <appendix> argL0 ; # java/security/KeyStore$$Lambda+0x0000013c9c0ed6a8
instanceKlass sun/security/ssl/TrustStoreManager$TrustStoreDescriptor$1
instanceKlass sun/security/util/FilePaths
instanceKlass sun/security/ssl/TrustStoreManager$TrustStoreDescriptor
instanceKlass sun/security/ssl/TrustStoreManager$TrustAnchorManager
instanceKlass sun/security/ssl/TrustStoreManager
instanceKlass  @bci sun/security/ssl/SunJSSE registerAlgorithms ()V 1 <appendix> member <vmtarget> ; # sun/security/ssl/SunJSSE$$Lambda+0x0000013c9c0ec5a8
instanceKlass java/security/spec/ECFieldF2m
instanceKlass sun/security/util/ObjectIdentifier
instanceKlass sun/security/util/ByteArrayTagOrder
instanceKlass sun/security/util/ByteArrayLexOrder
instanceKlass sun/security/util/DerEncoder
instanceKlass java/security/spec/ECParameterSpec
instanceKlass java/security/spec/ECPoint
instanceKlass java/security/spec/EllipticCurve
instanceKlass java/security/spec/ECFieldFp
instanceKlass java/security/spec/ECField
instanceKlass sun/security/util/CurveDB
instanceKlass sun/security/ec/SunEC$1
instanceKlass  @bci sun/security/jgss/SunProvider <init> ()V 15 <appendix> member <vmtarget> ; # sun/security/jgss/SunProvider$$Lambda+0x0000013c9c17cde0
instanceKlass com/sun/security/sasl/gsskerb/JdkSASL$1
instanceKlass sun/security/jca/ProviderConfig$ProviderLoader
instanceKlass sun/security/jca/ProviderConfig$3
instanceKlass sun/security/rsa/SunRsaSignEntries
instanceKlass javax/net/ssl/TrustManagerFactorySpi
instanceKlass  @bci javax/net/ssl/TrustManagerFactory getDefaultAlgorithm ()Ljava/lang/String; 0 <appendix> argL0 ; # javax/net/ssl/TrustManagerFactory$$Lambda+0x0000013c9c0e8f70
instanceKlass javax/net/ssl/X509ExtendedTrustManager
instanceKlass javax/net/ssl/TrustManagerFactory
instanceKlass nl/altindag/ssl/util/TrustManagerUtils
instanceKlass javax/net/ssl/SSLParameters
instanceKlass nl/altindag/ssl/hostnameverifier/FenixHostnameVerifier
instanceKlass javax/net/ssl/HostnameVerifier
instanceKlass nl/altindag/ssl/util/HostnameVerifierUtils
instanceKlass java/security/cert/X509Extension
instanceKlass javax/net/ssl/ManagerFactoryParameters
instanceKlass javax/net/ssl/SSLContext
instanceKlass javax/net/ssl/X509KeyManager
instanceKlass javax/net/ssl/KeyManager
instanceKlass javax/net/ssl/X509TrustManager
instanceKlass javax/net/ssl/TrustManager
instanceKlass nl/altindag/sude/logger/Slf4jLogger
instanceKlass nl/altindag/sude/Logger
instanceKlass nl/altindag/sude/LoggerFactory
instanceKlass sun/nio/fs/WindowsPath$1
instanceKlass org/sonarqube/ws/client/HttpConnector$Builder
instanceKlass okhttp3/RequestBody
instanceKlass org/sonarqube/ws/client/BaseRequest
instanceKlass org/sonarqube/ws/client/HttpConnector
instanceKlass  @bci java/util/regex/CharPredicates forUnicodeBlock (Ljava/lang/String;)Ljava/util/regex/Pattern$CharPredicate; 6 <appendix> member <vmtarget> ; # java/util/regex/CharPredicates$$Lambda+0x0000013c9c0e6498
instanceKlass java/lang/Character$Subset
instanceKlass org/apache/commons/lang3/StringUtils
# instanceKlass java/lang/invoke/LambdaForm$MH+0x0000013c9c177000
# instanceKlass java/lang/invoke/LambdaForm$MH+0x0000013c9c176c00
# instanceKlass java/lang/invoke/LambdaForm$MH+0x0000013c9c176800
# instanceKlass java/lang/invoke/LambdaForm$MH+0x0000013c9c176400
# instanceKlass java/lang/invoke/LambdaForm$MH+0x0000013c9c176000
# instanceKlass java/lang/invoke/LambdaForm$MH+0x0000013c9c175c00
# instanceKlass java/lang/invoke/LambdaForm$MH+0x0000013c9c175800
# instanceKlass java/lang/invoke/LambdaForm$MH+0x0000013c9c175400
# instanceKlass java/lang/invoke/LambdaForm$DMH+0x0000013c9c175000
# instanceKlass java/lang/invoke/LambdaForm$MH+0x0000013c9c174c00
# instanceKlass java/lang/invoke/LambdaForm$MH+0x0000013c9c174800
instanceKlass  @cpi org/sonar/python/tree/PythonTreeMaker 2264 form vmentry <vmtarget> ; # java/lang/invoke/LambdaForm$DMH+0x0000013c9c174400
instanceKlass  @bci org/sonar/python/tree/PythonTreeMaker formattedExpression (Lcom/sonar/sslr/api/AstNode;)Lorg/sonar/python/tree/FormattedExpressionImpl; 179 <appendix> form vmentry <vmtarget> ; # java/lang/invoke/LambdaForm$DMH+0x0000013c9c174000
instanceKlass  @bci org/springframework/beans/factory/support/SimpleInstantiationStrategy instantiate (Lorg/springframework/beans/factory/support/RootBeanDefinition;Ljava/lang/String;Lorg/springframework/beans/factory/BeanFactory;Ljava/lang/Object;Ljava/lang/reflect/Method;[Ljava/lang/Object;)Ljava/lang/Object; 10 <appendix> member <vmtarget> ; # org/springframework/beans/factory/support/SimpleInstantiationStrategy$$Lambda+0x0000013c9c172e60
instanceKlass org/springframework/core/annotation/AnnotatedElementAdapter
instanceKlass  @bci org/springframework/beans/factory/support/DefaultSingletonBeanRegistry registerDependentBean (Ljava/lang/String;Ljava/lang/String;)V 76 <appendix> argL0 ; # org/springframework/beans/factory/support/DefaultSingletonBeanRegistry$$Lambda+0x0000013c9c1729b8
instanceKlass  @bci org/springframework/beans/factory/support/DefaultSingletonBeanRegistry registerDependentBean (Ljava/lang/String;Ljava/lang/String;)V 19 <appendix> argL0 ; # org/springframework/beans/factory/support/DefaultSingletonBeanRegistry$$Lambda+0x0000013c9c172778
instanceKlass org/springframework/core/SerializableTypeWrapper$SerializableTypeProxy
instanceKlass  @bci org/springframework/core/SimpleAliasRegistry retrieveAliases (Ljava/lang/String;Ljava/util/List;)V 7 <appendix> member <vmtarget> ; # org/springframework/core/SimpleAliasRegistry$$Lambda+0x0000013c9c172340
instanceKlass  @bci org/springframework/beans/factory/support/DefaultListableBeanFactory isAutowireCandidate (Ljava/lang/String;Lorg/springframework/beans/factory/support/RootBeanDefinition;Lorg/springframework/beans/factory/config/DependencyDescriptor;Lorg/springframework/beans/factory/support/AutowireCandidateResolver;)Z 64 <appendix> member <vmtarget> ; # org/springframework/beans/factory/support/DefaultListableBeanFactory$$Lambda+0x0000013c9c1720f8
instanceKlass  @bci org/springframework/core/annotation/AnnotationUtils findAnnotation (Ljava/lang/reflect/AnnotatedElement;Ljava/lang/Class;)Ljava/lang/annotation/Annotation; 54 <appendix> argL0 ; # org/springframework/core/annotation/AnnotationUtils$$Lambda+0x0000013c9c171bd0
instanceKlass org/springframework/beans/factory/support/ConstructorResolver$ArgumentsHolder
instanceKlass  @bci org/springframework/beans/factory/support/AutowireUtils <clinit> ()V 0 <appendix> argL0 ; # org/springframework/beans/factory/support/AutowireUtils$$Lambda+0x0000013c9c171440
instanceKlass org/springframework/beans/factory/support/AutowireUtils
instanceKlass org/springframework/beans/factory/support/BeanDefinitionValueResolver
instanceKlass org/springframework/beans/factory/config/ConstructorArgumentValues
instanceKlass org/springframework/beans/factory/support/ConstructorResolver
instanceKlass  @bci org/springframework/beans/factory/annotation/AutowiredAnnotationBeanPostProcessor checkLookupMethods (Ljava/lang/Class;Ljava/lang/String;)V 28 <appendix> member <vmtarget> ; # org/springframework/beans/factory/annotation/AutowiredAnnotationBeanPostProcessor$$Lambda+0x0000013c9c170600
instanceKlass org/springframework/beans/factory/annotation/Lookup
instanceKlass org/springframework/context/weaving/LoadTimeWeaverAware
instanceKlass org/springframework/beans/factory/BeanFactoryInitializer
instanceKlass  @bci org/springframework/context/support/AbstractApplicationContext finishBeanFactoryInitialization (Lorg/springframework/beans/factory/config/ConfigurableListableBeanFactory;)V 113 <appendix> member <vmtarget> ; # org/springframework/context/support/AbstractApplicationContext$$Lambda+0x0000013c9c168c18
instanceKlass org/springframework/context/event/AbstractApplicationEventMulticaster$DefaultListenerRetriever
instanceKlass org/springframework/context/event/GenericApplicationListener
instanceKlass org/springframework/context/event/SmartApplicationListener
instanceKlass org/springframework/context/event/AbstractApplicationEventMulticaster
instanceKlass org/springframework/context/support/MessageSourceSupport
instanceKlass org/springframework/context/HierarchicalMessageSource
instanceKlass  @bci org/springframework/beans/factory/annotation/AutowiredAnnotationBeanPostProcessor buildAutowiringMetadata (Ljava/lang/Class;)Lorg/springframework/beans/factory/annotation/InjectionMetadata; 63 <appendix> member <vmtarget> ; # org/springframework/beans/factory/annotation/AutowiredAnnotationBeanPostProcessor$$Lambda+0x0000013c9c16ba20
instanceKlass  @bci org/springframework/beans/factory/annotation/AutowiredAnnotationBeanPostProcessor buildAutowiringMetadata (Ljava/lang/Class;)Lorg/springframework/beans/factory/annotation/InjectionMetadata; 41 <appendix> member <vmtarget> ; # org/springframework/beans/factory/annotation/AutowiredAnnotationBeanPostProcessor$$Lambda+0x0000013c9c16b7f8
instanceKlass  @bci org/springframework/context/annotation/CommonAnnotationBeanPostProcessor buildResourceMetadata (Ljava/lang/Class;)Lorg/springframework/beans/factory/annotation/InjectionMetadata; 53 <appendix> member <vmtarget> ; # org/springframework/context/annotation/CommonAnnotationBeanPostProcessor$$Lambda+0x0000013c9c16b5d0
instanceKlass  @bci org/springframework/context/annotation/CommonAnnotationBeanPostProcessor buildResourceMetadata (Ljava/lang/Class;)Lorg/springframework/beans/factory/annotation/InjectionMetadata; 40 <appendix> member <vmtarget> ; # org/springframework/context/annotation/CommonAnnotationBeanPostProcessor$$Lambda+0x0000013c9c16b3a8
instanceKlass org/springframework/util/ReflectionUtils$FieldCallback
instanceKlass org/springframework/beans/factory/annotation/InjectionMetadata
instanceKlass  @bci org/springframework/beans/factory/annotation/InitDestroyAnnotationBeanPostProcessor buildLifecycleMetadata (Ljava/lang/Class;)Lorg/springframework/beans/factory/annotation/InitDestroyAnnotationBeanPostProcessor$LifecycleMetadata; 72 <appendix> member <vmtarget> ; # org/springframework/beans/factory/annotation/InitDestroyAnnotationBeanPostProcessor$$Lambda+0x0000013c9c16ab00
instanceKlass  @cpi org/sonar/python/semantic/v2/types/TrivialTypeInferenceVisitor 1694 form vmentry <vmtarget> ; # java/lang/invoke/LambdaForm$DMH+0x0000013c9c168400
instanceKlass  @bci java/util/concurrent/CopyOnWriteArrayList removeAll (Ljava/util/Collection;)Z 7 <appendix> member <vmtarget> ; # java/util/concurrent/CopyOnWriteArrayList$$Lambda+0x0000013c9c0e4b48
instanceKlass org/springframework/jndi/JndiTemplate
instanceKlass org/springframework/jndi/JndiAccessor
instanceKlass jakarta/annotation/PreDestroy
instanceKlass jakarta/annotation/Resource
instanceKlass javax/naming/InitialContext
instanceKlass javax/naming/Context
instanceKlass org/springframework/beans/factory/annotation/InitDestroyAnnotationBeanPostProcessor$LifecycleMetadata
instanceKlass jakarta/inject/Inject
instanceKlass org/springframework/beans/factory/aot/BeanRegistrationAotContribution
instanceKlass org/springframework/beans/factory/support/MethodOverride
instanceKlass org/springframework/context/support/PostProcessorRegistrationDelegate$BeanPostProcessorChecker
instanceKlass  @bci org/springframework/beans/factory/support/AbstractBeanFactory clearMetadataCache ()V 5 <appendix> member <vmtarget> ; # org/springframework/beans/factory/support/AbstractBeanFactory$$Lambda+0x0000013c9c16e750
instanceKlass org/springframework/context/expression/BeanFactoryResolver
instanceKlass org/springframework/beans/factory/support/InstanceSupplier
instanceKlass org/springframework/util/function/ThrowingSupplier
instanceKlass org/springframework/context/annotation/ImportAware
instanceKlass org/springframework/context/annotation/ConfigurationClassEnhancer$EnhancedConfiguration
instanceKlass org/springframework/beans/MutablePropertyValues
instanceKlass org/springframework/context/expression/CachedExpressionEvaluator
instanceKlass org/springframework/expression/TypedValue
instanceKlass org/springframework/expression/spel/support/StandardOperatorOverloader
instanceKlass org/springframework/expression/spel/support/StandardTypeComparator
instanceKlass org/springframework/expression/OperatorOverloader
instanceKlass org/springframework/expression/TypeComparator
instanceKlass org/springframework/expression/spel/support/StandardEvaluationContext
instanceKlass org/springframework/expression/EvaluationContext
instanceKlass org/springframework/context/annotation/ConfigurationClassPostProcessor$ImportAwareBeanPostProcessor
instanceKlass  @bci org/springframework/context/support/PostProcessorRegistrationDelegate invokeBeanFactoryPostProcessors (Ljava/util/Collection;Lorg/springframework/beans/factory/config/ConfigurableListableBeanFactory;)V 47 <appendix> member <vmtarget> ; # org/springframework/context/support/PostProcessorRegistrationDelegate$$Lambda+0x0000013c9c1665e0
instanceKlass org/springframework/core/SerializableTypeWrapper
instanceKlass org/springframework/core/ResolvableType$DefaultVariableResolver
instanceKlass org/springframework/core/SerializableTypeWrapper$MethodParameterTypeProvider
instanceKlass  @bci org/springframework/core/MethodParameter validateIndex (Ljava/lang/reflect/Executable;I)I 21 <appendix> member <vmtarget> ; # org/springframework/core/MethodParameter$$Lambda+0x0000013c9c165d38
instanceKlass org/springframework/core/MethodParameter
instanceKlass  @bci org/springframework/context/annotation/ConfigurationClassPostProcessor processConfigBeanDefinitions (Lorg/springframework/beans/factory/support/BeanDefinitionRegistry;)V 494 <appendix> member <vmtarget> ; # org/springframework/context/annotation/ConfigurationClassPostProcessor$$Lambda+0x0000013c9c164f08
instanceKlass  @bci org/springframework/util/MultiValueMapAdapter addAll (Lorg/springframework/util/MultiValueMap;)V 2 <appendix> member <vmtarget> ; # org/springframework/util/MultiValueMapAdapter$$Lambda+0x0000013c9c164cd0
instanceKlass  @cpi org/springframework/util/MultiValueMapAdapter 217 form vmentry <vmtarget> ; # java/lang/invoke/LambdaForm$DMH+0x0000013c9c168000
instanceKlass org/springframework/context/annotation/ConfigurationBeanNameGenerator
instanceKlass  @bci org/springframework/core/annotation/AbstractMergedAnnotation asAnnotationAttributes ([Lorg/springframework/core/annotation/MergedAnnotation$Adapt;)Lorg/springframework/core/annotation/AnnotationAttributes; 1 <appendix> argL0 ; # org/springframework/core/annotation/AbstractMergedAnnotation$$Lambda+0x0000013c9c163d40
instanceKlass  @bci org/springframework/context/annotation/ConfigurationClassBeanDefinitionReader loadBeanDefinitionsFromBeanRegistrars (Lorg/springframework/util/MultiValueMap;)V 53 <appendix> member <vmtarget> ; # org/springframework/context/annotation/ConfigurationClassBeanDefinitionReader$$Lambda+0x0000013c9c163b08
instanceKlass  @bci org/springframework/context/annotation/ConfigurationClassBeanDefinitionReader loadBeanDefinitionsFromImportBeanDefinitionRegistrars (Ljava/util/Map;)V 2 <appendix> member <vmtarget> ; # org/springframework/context/annotation/ConfigurationClassBeanDefinitionReader$$Lambda+0x0000013c9c1638d0
instanceKlass org/springframework/context/annotation/ImportBeanDefinitionRegistrar
instanceKlass  @bci org/springframework/context/annotation/ConfigurationClassBeanDefinitionReader loadBeanDefinitionsFromImportedResources (Ljava/util/Map;)V 11 <appendix> member <vmtarget> ; # org/springframework/context/annotation/ConfigurationClassBeanDefinitionReader$$Lambda+0x0000013c9c163498
instanceKlass org/springframework/context/annotation/ConfigurationClassBeanDefinitionReader$TrackedConditionEvaluator
instanceKlass org/springframework/beans/factory/BeanRegistry
instanceKlass org/springframework/context/annotation/ConfigurationClassBeanDefinitionReader
instanceKlass org/springframework/beans/factory/annotation/Autowired
instanceKlass  @bci org/springframework/context/annotation/ConfigurationClassParser$DeferredImportSelectorHandler process ()V 42 <appendix> member <vmtarget> ; # org/springframework/context/annotation/ConfigurationClassParser$DeferredImportSelectorHandler$$Lambda+0x0000013c9c162a30
instanceKlass org/springframework/context/annotation/ConfigurationClassParser$DeferredImportSelectorGroupingHandler
instanceKlass org/sonarqube/ws/NewCodePeriods$ShowWSResponseOrBuilder
instanceKlass com/google/protobuf/AbstractMessageLite
instanceKlass com/google/protobuf/Message
instanceKlass com/google/protobuf/MessageLite
instanceKlass org/sonarqube/ws/Settings$SettingOrBuilder
instanceKlass com/google/protobuf/MessageOrBuilder
instanceKlass com/google/protobuf/MessageLiteOrBuilder
instanceKlass org/sonar/core/extension/CoreExtension$Context
instanceKlass org/sonar/core/extension/CoreExtension
instanceKlass org/sonar/scanner/bootstrap/ScannerPluginInstaller$Loaded
instanceKlass org/sonar/scanner/bootstrap/ScannerPluginInstaller$InstallResult
instanceKlass okhttp3/OkHttpClient
instanceKlass okhttp3/WebSocket$Factory
instanceKlass okhttp3/Call$Factory
instanceKlass okhttp3/Response
instanceKlass org/sonar/scanner/repository/MetricsRepository
instanceKlass org/sonarqube/ws/client/WsResponse
instanceKlass org/sonar/scanner/bootstrap/ScannerPluginInstaller$InstalledPlugin
instanceKlass org/sonarqube/ws/client/WsRequest
instanceKlass org/sonar/scanner/http/ssl/CertificateStore
instanceKlass nl/altindag/ssl/SSLFactory$Builder
instanceKlass org/sonar/scanner/http/DefaultScannerWsClient
instanceKlass org/sonar/scanner/http/ScannerWsClient
instanceKlass nl/altindag/ssl/SSLFactory
instanceKlass org/sonar/scanner/http/ssl/SslConfig
instanceKlass org/sonar/scanner/bootstrap/SonarUserHome
instanceKlass java/security/KeyStore
instanceKlass org/sonar/scanner/config/DefaultConfiguration
instanceKlass org/sonar/api/config/Configuration
instanceKlass  @bci java/util/stream/Collectors joining (Ljava/lang/CharSequence;Ljava/lang/CharSequence;Ljava/lang/CharSequence;)Ljava/util/stream/Collector; 22 <appendix> argL0 ; # java/util/stream/Collectors$$Lambda+0x800000042
instanceKlass  @bci java/util/stream/Collectors joining (Ljava/lang/CharSequence;Ljava/lang/CharSequence;Ljava/lang/CharSequence;)Ljava/util/stream/Collector; 17 <appendix> argL0 ; # java/util/stream/Collectors$$Lambda+0x800000040
instanceKlass  @bci java/util/stream/Collectors joining (Ljava/lang/CharSequence;Ljava/lang/CharSequence;Ljava/lang/CharSequence;)Ljava/util/stream/Collector; 12 <appendix> argL0 ; # java/util/stream/Collectors$$Lambda+0x80000003d
instanceKlass  @bci java/util/stream/Collectors joining (Ljava/lang/CharSequence;Ljava/lang/CharSequence;Ljava/lang/CharSequence;)Ljava/util/stream/Collector; 7 <appendix> member <vmtarget> ; # java/util/stream/Collectors$$Lambda+0x800000045
instanceKlass  @bci java/lang/reflect/Executable sharedToString (IZ[Ljava/lang/Class;[Ljava/lang/Class;)Ljava/lang/String; 29 <appendix> argL0 ; # java/lang/reflect/Executable$$Lambda+0x0000013c9c0e3b68
instanceKlass org/springframework/context/annotation/ConfigurationMethod
instanceKlass  @bci org/springframework/core/annotation/AnnotationTypeMapping resolveAliasedForTargets ()Ljava/util/Map; 58 <appendix> argL0 ; # org/springframework/core/annotation/AnnotationTypeMapping$$Lambda+0x0000013c9c15b7c0
instanceKlass org/springframework/core/type/StandardMethodMetadata
instanceKlass org/springframework/core/type/MethodMetadata
instanceKlass org/sonar/scanner/bootstrap/GlobalServerSettings
instanceKlass org/sonar/scanner/extension/ExtensionMatcher
instanceKlass org/sonar/api/Plugin$Context
instanceKlass org/sonar/classloader/Mask
instanceKlass org/sonar/scanner/plugin/PluginClassLoaderDef
instanceKlass org/sonar/classloader/ClassloaderBuilder
instanceKlass org/sonar/scanner/bootstrap/ScannerPlugin
instanceKlass org/sonar/scanner/plugin/ExplodedPlugin
instanceKlass org/sonar/api/Plugin
instanceKlass java/lang/Deprecated
instanceKlass org/springframework/lang/Nullable
instanceKlass org/springframework/core/BridgeMethodResolver
instanceKlass  @bci org/springframework/core/annotation/RepeatableContainers$StandardRepeatableContainers getRepeatedAnnotationsMethod (Ljava/lang/Class;)Ljava/lang/reflect/Method; 4 <appendix> argL0 ; # org/springframework/core/annotation/RepeatableContainers$StandardRepeatableContainers$$Lambda+0x0000013c9c158aa0
instanceKlass javax/annotation/meta/TypeQualifier
instanceKlass org/springframework/core/annotation/AnnotatedElementUtils
instanceKlass javax/annotation/Nonnull
instanceKlass javax/annotation/CheckForNull
instanceKlass org/sonar/scanner/plugin/PluginInfo
instanceKlass org/sonar/scanner/extension/PluginDescriptor
instanceKlass  @bci org/springframework/core/annotation/TypeMappedAnnotation createIfPossible (Lorg/springframework/core/annotation/AnnotationTypeMapping;Ljava/lang/Object;Ljava/lang/annotation/Annotation;ILorg/springframework/core/annotation/IntrospectionFailureLogger;)Lorg/springframework/core/annotation/TypeMappedAnnotation; 3 <appendix> argL0 ; # org/springframework/core/annotation/TypeMappedAnnotation$$Lambda+0x0000013c9c157af8
instanceKlass org/springframework/core/annotation/ValueExtractor
instanceKlass  @bci org/springframework/util/MultiValueMapAdapter add (Ljava/lang/Object;Ljava/lang/Object;)V 5 <appendix> argL0 ; # org/springframework/util/MultiValueMapAdapter$$Lambda+0x0000013c9c157180
instanceKlass  @bci org/springframework/core/type/StandardAnnotationMetadata getAnnotatedMethods (Ljava/lang/String;)Ljava/util/Set; 27 <appendix> member <vmtarget> ; # org/springframework/core/type/StandardAnnotationMetadata$$Lambda+0x0000013c9c156f58
instanceKlass  @cpi org/sonar/python/types/TypeInferenceProgramState 214 form vmentry <vmtarget> ; # java/lang/invoke/LambdaForm$DMH+0x0000013c9c155000
instanceKlass org/springframework/core/annotation/AnnotationUtils
instanceKlass org/springframework/context/annotation/Bean
instanceKlass  @bci org/springframework/context/annotation/ConfigurationClassParser doProcessConfigurationClass (Lorg/springframework/context/annotation/ConfigurationClass;Lorg/springframework/context/annotation/ConfigurationClassParser$SourceClass;Ljava/util/function/Predicate;)Lorg/springframework/context/annotation/ConfigurationClassParser$SourceClass; 153 <appendix> argL0 ; # org/springframework/context/annotation/ConfigurationClassParser$$Lambda+0x0000013c9c156900
instanceKlass  @bci org/springframework/context/annotation/ConfigurationClassParser doProcessConfigurationClass (Lorg/springframework/context/annotation/ConfigurationClass;Lorg/springframework/context/annotation/ConfigurationClassParser$SourceClass;Ljava/util/function/Predicate;)Lorg/springframework/context/annotation/ConfigurationClassParser$SourceClass; 123 <appendix> argL0 ; # org/springframework/context/annotation/ConfigurationClassParser$$Lambda+0x0000013c9c1566b0
instanceKlass org/springframework/context/annotation/ComponentScans
instanceKlass  @bci java/util/stream/SortedOps$RefSortingSink end ()V 48 <appendix> member <vmtarget> ; # java/util/stream/SortedOps$RefSortingSink$$Lambda+0x0000013c9c0e3010
instanceKlass  @cpi org/sonar/python/cfg/fixpoint/ForwardAnalysis 132 form vmentry <vmtarget> ; # java/lang/invoke/LambdaForm$DMH+0x0000013c9c154c00
instanceKlass  @bci java/util/stream/Collectors toCollection (Ljava/util/function/Supplier;)Ljava/util/stream/Collector; 10 <appendix> argL0 ; # java/util/stream/Collectors$$Lambda+0x0000013c9c0e2848
instanceKlass  @bci java/util/stream/Collectors toCollection (Ljava/util/function/Supplier;)Ljava/util/stream/Collector; 5 <appendix> argL0 ; # java/util/stream/Collectors$$Lambda+0x0000013c9c0e2618
instanceKlass  @bci org/springframework/core/type/AnnotatedTypeMetadata getMergedRepeatableAnnotationAttributes (Ljava/lang/Class;Ljava/lang/Class;Ljava/util/function/Predicate;ZZ)Ljava/util/Set; 89 <appendix> argL0 ; # org/springframework/core/type/AnnotatedTypeMetadata$$Lambda+0x0000013c9c156490
instanceKlass  @bci org/springframework/core/type/AnnotatedTypeMetadata getMergedRepeatableAnnotationAttributes (Ljava/lang/Class;Ljava/lang/Class;Ljava/util/function/Predicate;ZZ)Ljava/util/Set; 79 <appendix> member <vmtarget> ; # org/springframework/core/type/AnnotatedTypeMetadata$$Lambda+0x0000013c9c156248
instanceKlass  @bci org/springframework/core/type/AnnotatedTypeMetadata getMergedRepeatableAnnotationAttributes (Ljava/lang/Class;Ljava/lang/Class;Ljava/util/function/Predicate;ZZ)Ljava/util/Set; 68 <appendix> member <vmtarget> ; # org/springframework/core/type/AnnotatedTypeMetadata$$Lambda+0x0000013c9c156000
instanceKlass java/util/stream/SortedOps
instanceKlass java/util/Collections$ReverseComparator2
instanceKlass java/util/Collections$ReverseComparator
instanceKlass  @bci java/util/Comparator comparingInt (Ljava/util/function/ToIntFunction;)Ljava/util/Comparator; 6 <appendix> member <vmtarget> ; # java/util/Comparator$$Lambda+0x0000013c9c0e0d68
instanceKlass  @bci java/lang/invoke/BootstrapMethodInvoker invoke (Ljava/lang/Class;Ljava/lang/invoke/MethodHandle;Ljava/lang/String;Ljava/lang/Object;Ljava/lang/Object;Ljava/lang/Class;)Ljava/lang/Object; 462 <adapter> ; # java/lang/invoke/LambdaForm$MH+0x0000013c9c154800
instanceKlass  @cpi org/sonar/iac/arm/checks/utils/CheckUtils 462 form vmentry <vmtarget> ; # java/lang/invoke/LambdaForm$DMH+0x0000013c9c154400
instanceKlass  @bci org/springframework/core/type/AnnotatedTypeMetadata reversedMetaDistance ()Ljava/util/Comparator; 0 <appendix> argL0 ; # org/springframework/core/type/AnnotatedTypeMetadata$$Lambda+0x0000013c9c153bd0
instanceKlass  @cpi org/sonar/python/semantic/v2/TypeInferenceV2 602 form vmentry <vmtarget> ; # java/lang/invoke/LambdaForm$DMH+0x0000013c9c154000
instanceKlass java/util/function/ToIntFunction
instanceKlass  @bci org/springframework/core/annotation/MergedAnnotationPredicates typeIn ([Ljava/lang/Class;)Ljava/util/function/Predicate; 1 <appendix> member <vmtarget> ; # org/springframework/core/annotation/MergedAnnotationPredicates$$Lambda+0x0000013c9c153978
instanceKlass org/springframework/core/annotation/MergedAnnotationPredicates
instanceKlass org/springframework/core/annotation/TypeMappedAnnotations$Aggregate
instanceKlass org/springframework/core/annotation/TypeMappedAnnotations$AggregatesCollector
instanceKlass org/springframework/core/annotation/TypeMappedAnnotations$AggregatesSpliterator
instanceKlass  @bci org/springframework/core/type/AnnotatedTypeMetadata getMergedRepeatableAnnotationAttributes (Ljava/lang/Class;Ljava/lang/Class;ZZ)Ljava/util/Set; 3 <appendix> argL0 ; # org/springframework/core/type/AnnotatedTypeMetadata$$Lambda+0x0000013c9c152bf8
instanceKlass org/springframework/context/annotation/PropertySources
instanceKlass org/springframework/context/annotation/PropertySource
instanceKlass org/springframework/context/annotation/ConfigurationClass
instanceKlass org/springframework/context/annotation/ComponentScanAnnotationParser
instanceKlass org/springframework/core/io/support/DefaultPropertySourceFactory
instanceKlass org/springframework/core/io/support/PropertySourceFactory
instanceKlass org/springframework/core/io/support/PropertySourceProcessor
instanceKlass org/springframework/context/annotation/PropertySourceRegistry
instanceKlass org/springframework/context/annotation/ConfigurationClassParser$SourceClass
instanceKlass org/springframework/context/annotation/ConfigurationClassParser$DeferredImportSelectorHandler
instanceKlass  @bci org/springframework/context/annotation/ConfigurationClassParser <clinit> ()V 16 <appendix> argL0 ; # org/springframework/context/annotation/ConfigurationClassParser$$Lambda+0x0000013c9c149d30
instanceKlass org/springframework/context/annotation/ConfigurationClassParser$DeferredImportSelectorHolder
instanceKlass  @bci org/springframework/context/annotation/ConfigurationClassParser <clinit> ()V 8 <appendix> argL0 ; # org/springframework/context/annotation/ConfigurationClassParser$$Lambda+0x0000013c9c1498c0
instanceKlass org/springframework/context/annotation/Condition
instanceKlass  @bci org/springframework/context/annotation/ConfigurationClassParser <clinit> ()V 0 <appendix> argL0 ; # org/springframework/context/annotation/ConfigurationClassParser$$Lambda+0x0000013c9c149470
instanceKlass org/springframework/beans/factory/parsing/Problem
instanceKlass org/springframework/context/annotation/ImportRegistry
instanceKlass org/springframework/context/annotation/ConfigurationClassParser
instanceKlass  @bci org/springframework/context/annotation/ConfigurationClassPostProcessor processConfigBeanDefinitions (Lorg/springframework/beans/factory/support/BeanDefinitionRegistry;)V 144 <appendix> argL0 ; # org/springframework/context/annotation/ConfigurationClassPostProcessor$$Lambda+0x0000013c9c14b550
instanceKlass org/springframework/core/annotation/Order
instanceKlass org/springframework/context/annotation/Configuration
instanceKlass org/springframework/aop/framework/AopInfrastructureBean
instanceKlass  @bci org/springframework/context/support/PostProcessorRegistrationDelegate invokeBeanDefinitionRegistryPostProcessors (Ljava/util/Collection;Lorg/springframework/beans/factory/support/BeanDefinitionRegistry;Lorg/springframework/core/metrics/ApplicationStartup;)V 44 <appendix> member <vmtarget> ; # org/springframework/context/support/PostProcessorRegistrationDelegate$$Lambda+0x0000013c9c14ad28
instanceKlass  @bci org/springframework/beans/factory/support/DefaultSingletonBeanRegistry getSingleton (Ljava/lang/String;Lorg/springframework/beans/factory/ObjectFactory;)Ljava/lang/Object; 1155 <appendix> member <vmtarget> ; # org/springframework/beans/factory/support/DefaultSingletonBeanRegistry$$Lambda+0x0000013c9c14aad0
instanceKlass org/springframework/beans/factory/support/DisposableBeanAdapter
instanceKlass org/springframework/beans/factory/InitializingBean
instanceKlass  @bci org/springframework/beans/factory/support/AbstractAutowireCapableBeanFactory doCreateBean (Ljava/lang/String;Lorg/springframework/beans/factory/support/RootBeanDefinition;[Ljava/lang/Object;)Ljava/lang/Object; 203 <appendix> member <vmtarget> ; # org/springframework/beans/factory/support/AbstractAutowireCapableBeanFactory$$Lambda+0x0000013c9c14a440
instanceKlass org/springframework/context/ApplicationListener
instanceKlass java/util/EventListener
instanceKlass org/springframework/beans/factory/support/AbstractBeanFactory$BeanFactoryDefaultEditorRegistrar
instanceKlass org/springframework/beans/TypeConverterDelegate
instanceKlass org/springframework/beans/AbstractNestablePropertyAccessor$PropertyHandler
instanceKlass org/springframework/beans/PropertyEditorRegistrySupport
instanceKlass org/springframework/util/MultiValueMapAdapter
instanceKlass org/springframework/beans/factory/parsing/FailFastProblemReporter
instanceKlass org/springframework/beans/factory/parsing/PassThroughSourceExtractor
instanceKlass java/lang/Short$ShortCache
instanceKlass java/lang/Byte$ByteCache
instanceKlass org/springframework/beans/BeanUtils
instanceKlass org/springframework/beans/factory/aot/BeanRegistrationCodeFragments
instanceKlass org/springframework/beans/factory/parsing/ProblemReporter
instanceKlass org/springframework/beans/factory/parsing/SourceExtractor
instanceKlass  @bci org/springframework/beans/factory/support/AbstractBeanFactory doGetBean (Ljava/lang/String;Ljava/lang/Class;[Ljava/lang/Object;Z)Ljava/lang/Object; 472 <appendix> member <vmtarget> ; # org/springframework/beans/factory/support/AbstractBeanFactory$$Lambda+0x0000013c9c146ad0
instanceKlass  @bci org/springframework/beans/factory/support/AbstractBeanFactory doGetBean (Ljava/lang/String;Ljava/lang/Class;[Ljava/lang/Object;Z)Ljava/lang/Object; 255 <appendix> member <vmtarget> ; # org/springframework/beans/factory/support/AbstractBeanFactory$$Lambda+0x0000013c9c146468
instanceKlass org/springframework/beans/factory/support/NullBean
instanceKlass org/springframework/beans/factory/support/AbstractBeanFactory$BeanPostProcessorCache
instanceKlass org/springframework/beans/factory/FactoryBean
instanceKlass org/springframework/core/ResolvableType$EmptyType
instanceKlass org/springframework/core/SerializableTypeWrapper$TypeProvider
instanceKlass org/springframework/core/ResolvableType$VariableResolver
instanceKlass org/springframework/core/ResolvableType
instanceKlass org/springframework/context/support/PostProcessorRegistrationDelegate
instanceKlass  @bci org/springframework/beans/factory/support/DefaultListableBeanFactory registerSingleton (Ljava/lang/String;Ljava/lang/Object;)V 15 <appendix> member <vmtarget> ; # org/springframework/beans/factory/support/DefaultListableBeanFactory$$Lambda+0x0000013c9c144bc8
instanceKlass  @cpi org/sonar/python/semantic/v2/types/TrivialTypeInferenceVisitor 1808 form vmentry <vmtarget> ; # java/lang/invoke/LambdaForm$DMH+0x0000013c9c148000
instanceKlass  @bci org/springframework/beans/factory/support/DefaultListableBeanFactory registerSingleton (Ljava/lang/String;Ljava/lang/Object;)V 8 <appendix> member <vmtarget> ; # org/springframework/beans/factory/support/DefaultListableBeanFactory$$Lambda+0x0000013c9c144990
instanceKlass  @bci org/springframework/beans/factory/support/DefaultListableBeanFactory addSingleton (Ljava/lang/String;Ljava/lang/Object;)V 7 <appendix> member <vmtarget> ; # org/springframework/beans/factory/support/DefaultListableBeanFactory$$Lambda+0x0000013c9c144738
instanceKlass org/springframework/beans/factory/BeanFactoryUtils
instanceKlass org/springframework/context/support/ApplicationListenerDetector
instanceKlass org/springframework/context/MessageSourceAware
instanceKlass org/springframework/context/ApplicationEventPublisherAware
instanceKlass org/springframework/context/EmbeddedValueResolverAware
instanceKlass org/springframework/beans/factory/config/BeanExpressionContext
instanceKlass org/springframework/beans/factory/config/EmbeddedValueResolver
instanceKlass org/springframework/util/StringValueResolver
instanceKlass org/springframework/context/support/ApplicationContextAwareProcessor
instanceKlass java/beans/PropertyEditor
instanceKlass org/springframework/beans/support/ResourceEditorRegistrar
instanceKlass org/springframework/expression/Expression
instanceKlass org/springframework/expression/common/TemplateAwareExpressionParser
instanceKlass org/springframework/expression/spel/SpelParserConfiguration
instanceKlass org/springframework/context/expression/StandardBeanExpressionResolver$1
instanceKlass org/springframework/expression/TypeConverter
instanceKlass org/springframework/expression/TypeLocator
instanceKlass org/springframework/expression/BeanResolver
instanceKlass org/springframework/expression/PropertyAccessor
instanceKlass org/springframework/expression/TargetedAccessor
instanceKlass org/springframework/expression/ExpressionParser
instanceKlass org/springframework/expression/ParserContext
instanceKlass org/springframework/context/expression/StandardBeanExpressionResolver
instanceKlass org/sonarsource/api/sonarlint/SonarLintSide
instanceKlass org/sonar/api/ce/ComputeEngineSide
instanceKlass org/sonar/api/server/ServerSide
instanceKlass org/sonar/api/scanner/ScannerSide
instanceKlass org/sonar/scanner/repository/DefaultMetricsRepositoryLoader
instanceKlass org/sonar/scanner/repository/MetricsRepositoryLoader
instanceKlass org/sonar/scanner/repository/DefaultNewCodePeriodLoader
instanceKlass org/sonar/scanner/repository/NewCodePeriodLoader
instanceKlass org/sonar/scanner/repository/settings/AbstractSettingsLoader
instanceKlass org/sonar/scanner/repository/settings/GlobalSettingsLoader
instanceKlass org/sonar/core/extension/CoreExtensionsInstaller
instanceKlass org/sonar/core/extension/CoreExtensionsLoader
instanceKlass org/sonar/core/extension/CoreExtensionRepositoryImpl
instanceKlass org/sonar/core/extension/CoreExtensionRepository
instanceKlass org/sonar/scanner/bootstrap/ScannerPluginInstaller
instanceKlass org/sonar/scanner/bootstrap/PluginInstaller
instanceKlass org/sonar/api/utils/Preconditions
instanceKlass org/sonar/scanner/plugin/api/impl/internal/SonarRuntimeImpl
instanceKlass org/sonar/api/SonarRuntime
instanceKlass org/sonar/api/utils/UriReader$SchemeProcessor
instanceKlass org/sonar/core/util/UuidFactory
instanceKlass org/sonar/api/utils/log/Slf4jLogger
instanceKlass org/sonar/api/utils/log/Logger
instanceKlass org/sonar/api/utils/log/Loggers
instanceKlass org/sonar/scanner/repository/MetricsRepositoryProvider
instanceKlass org/sonar/scanner/bootstrap/PluginFiles
instanceKlass org/sonar/api/utils/UriReader
instanceKlass org/sonar/scanner/bootstrap/SonarUserHomeProvider
instanceKlass org/sonar/api/utils/TempFolder
instanceKlass org/sonar/scanner/bootstrap/GlobalTempFolderProvider
instanceKlass org/sonar/api/platform/Server
instanceKlass org/sonarqube/ws/client/WsConnector
instanceKlass java/net/SocketAddress
instanceKlass org/bouncycastle/jcajce/provider/config/ConfigurableProvider
instanceKlass org/sonar/scanner/http/ScannerWsClientProvider
instanceKlass org/sonar/scanner/bootstrap/GlobalConfigurationProvider
instanceKlass org/sonar/scanner/bootstrap/GlobalServerSettingsProvider
instanceKlass org/sonar/scanner/extension/PluginExtensionInstaller
instanceKlass org/sonar/scanner/extension/PluginContextFactory
instanceKlass org/sonar/scanner/plugin/PluginJarExploder
instanceKlass org/sonar/scanner/plugin/PluginClassloaderFactory
instanceKlass org/sonar/scanner/plugin/PluginClassLoader
instanceKlass org/sonar/scanner/bootstrap/ScannerPluginRepository
instanceKlass org/sonar/api/Startable
instanceKlass org/sonar/scanner/plugin/PluginRepository
instanceKlass org/sonar/scanner/extension/PluginProvider
instanceKlass org/sonar/scanner/notifications/DefaultAnalysisWarnings
instanceKlass org/sonar/api/notifications/AnalysisWarnings
instanceKlass org/sonar/api/utils/Version
instanceKlass java/util/regex/Matcher$ImmutableMatchResult
instanceKlass java/text/DigitList
instanceKlass java/text/FieldPosition
instanceKlass  @bci sun/util/locale/provider/JRELocaleProviderAdapter getDecimalFormatSymbolsProvider ()Ljava/text/spi/DecimalFormatSymbolsProvider; 8 <appendix> member <vmtarget> ; # sun/util/locale/provider/JRELocaleProviderAdapter$$Lambda+0x800000065
instanceKlass java/text/DecimalFormatSymbols
instanceKlass sun/util/resources/Bundles$2
instanceKlass sun/util/resources/Bundles$CacheKeyReference
instanceKlass  @bci java/util/ResourceBundle$ResourceBundleProviderHelper newResourceBundle (Ljava/lang/Class;)Ljava/util/ResourceBundle; 22 <appendix> member <vmtarget> ; # java/util/ResourceBundle$ResourceBundleProviderHelper$$Lambda+0x80000000f
instanceKlass java/util/ResourceBundle$ResourceBundleProviderHelper
instanceKlass java/util/ArrayList$SubList$1
instanceKlass  @bci sun/util/cldr/CLDRLocaleProviderAdapter applyAliases (Ljava/util/Locale;)Ljava/util/Locale; 4 <appendix> argL0 ; # sun/util/cldr/CLDRLocaleProviderAdapter$$Lambda+0x80000005e
instanceKlass sun/util/resources/LocaleData$LocaleDataResourceBundleProvider
instanceKlass java/util/spi/ResourceBundleProvider
instanceKlass sun/util/resources/Bundles$CacheKey
instanceKlass java/util/ResourceBundle$1
instanceKlass jdk/internal/access/JavaUtilResourceBundleAccess
instanceKlass sun/util/resources/Bundles
instanceKlass sun/util/resources/LocaleData$LocaleDataStrategy
instanceKlass sun/util/resources/Bundles$Strategy
instanceKlass sun/util/resources/LocaleData$1
instanceKlass java/util/ResourceBundle
instanceKlass java/util/ResourceBundle$Control
instanceKlass sun/util/resources/LocaleData
instanceKlass sun/util/locale/provider/LocaleResources
instanceKlass java/util/Locale$Builder
instanceKlass sun/util/locale/provider/CalendarDataUtility
instanceKlass sun/util/locale/provider/AvailableLanguageTags
instanceKlass  @bci sun/util/locale/provider/JRELocaleProviderAdapter getNumberFormatProvider ()Ljava/text/spi/NumberFormatProvider; 8 <appendix> member <vmtarget> ; # sun/util/locale/provider/JRELocaleProviderAdapter$$Lambda+0x800000066
instanceKlass sun/util/resources/cldr/provider/CLDRLocaleDataMetaInfo
instanceKlass java/util/concurrent/CopyOnWriteArrayList$COWIterator
instanceKlass  @bci sun/util/cldr/CLDRLocaleProviderAdapter <init> ()V 4 <appendix> argL0 ; # sun/util/cldr/CLDRLocaleProviderAdapter$$Lambda+0x800000060
instanceKlass sun/util/locale/InternalLocaleBuilder$CaseInsensitiveChar
instanceKlass sun/util/locale/InternalLocaleBuilder
instanceKlass sun/util/locale/StringTokenIterator
instanceKlass sun/util/locale/ParseStatus
instanceKlass sun/util/locale/LanguageTag
instanceKlass sun/util/cldr/CLDRBaseLocaleDataMetaInfo
instanceKlass sun/util/locale/provider/LocaleDataMetaInfo
instanceKlass sun/util/locale/provider/ResourceBundleBasedAdapter
instanceKlass sun/util/locale/provider/LocaleProviderAdapter
instanceKlass java/util/spi/LocaleServiceProvider
instanceKlass java/util/Scanner$PatternLRUCache
instanceKlass  @bci java/util/regex/Pattern and (Ljava/util/regex/Pattern$CharPredicate;Ljava/util/regex/Pattern$CharPredicate;Z)Ljava/util/regex/Pattern$CharPredicate; 14 <appendix> member <vmtarget> ; # java/util/regex/Pattern$$Lambda+0x0000013c9c0dd148
instanceKlass  @bci java/util/regex/CharPredicates forProperty (Ljava/lang/String;Z)Ljava/util/regex/Pattern$CharPredicate; 2625 <appendix> argL0 ; # java/util/regex/CharPredicates$$Lambda+0x0000013c9c0dcee8
instanceKlass  @bci java/util/regex/Pattern ALL ()Ljava/util/regex/Pattern$CharPredicate; 0 <appendix> argL0 ; # java/util/regex/Pattern$$Lambda+0x0000013c9c0dcc88
instanceKlass  @bci java/util/regex/CharPredicates forProperty (Ljava/lang/String;Z)Ljava/util/regex/Pattern$CharPredicate; 2705 <appendix> argL0 ; # java/util/regex/CharPredicates$$Lambda+0x0000013c9c0dca28
instanceKlass java/util/Scanner
instanceKlass org/sonar/scanner/plugin/api/impl/internal/MetadataLoader
instanceKlass org/sonar/api/utils/System2
instanceKlass org/sonar/scanner/bootstrap/GlobalAnalysisMode
instanceKlass org/sonar/scanner/plugin/api/impl/config/Base64Cipher
instanceKlass java/security/spec/AlgorithmParameterSpec
instanceKlass java/security/Key
instanceKlass org/sonar/scanner/plugin/api/impl/config/AesCipher
instanceKlass org/sonar/scanner/plugin/api/impl/config/Cipher
instanceKlass org/sonar/scanner/plugin/api/impl/config/Encryption
instanceKlass org/sonar/scanner/bootstrap/ScannerProperties
instanceKlass java/util/stream/Node$Builder
instanceKlass java/util/stream/Nodes$ArrayNode
instanceKlass java/util/stream/Node$OfDouble
instanceKlass java/util/stream/Node$OfLong
instanceKlass java/util/stream/Node$OfInt
instanceKlass java/util/stream/Node$OfPrimitive
instanceKlass java/util/stream/Nodes$EmptyNode
instanceKlass java/util/stream/Node
instanceKlass java/util/stream/Nodes
instanceKlass  @bci java/util/stream/ReferencePipeline toArray ()[Ljava/lang/Object; 1 <appendix> argL0 ; # java/util/stream/ReferencePipeline$$Lambda+0x0000013c9c0dc190
instanceKlass java/util/function/IntFunction
instanceKlass java/util/AbstractList$RandomAccessSpliterator
instanceKlass org/sonar/scanner/spring/StartableBeanPostProcessor
instanceKlass  @bci org/springframework/core/annotation/AnnotationTypeMappings forAnnotationType (Ljava/lang/Class;Lorg/springframework/core/annotation/RepeatableContainers;Lorg/springframework/core/annotation/AnnotationFilter;Ljava/util/Set;)Lorg/springframework/core/annotation/AnnotationTypeMappings; 43 <appendix> member <vmtarget> ; # org/springframework/core/annotation/AnnotationTypeMappings$$Lambda+0x0000013c9c132000
instanceKlass  @bci org/springframework/core/annotation/AnnotationTypeMappings <init> (Lorg/springframework/core/annotation/RepeatableContainers;Lorg/springframework/core/annotation/AnnotationFilter;Ljava/lang/Class;Ljava/util/Set;)V 36 <appendix> argL0 ; # org/springframework/core/annotation/AnnotationTypeMappings$$Lambda+0x0000013c9c137d50
instanceKlass org/springframework/core/annotation/AliasFor
instanceKlass org/springframework/core/annotation/AnnotationTypeMapping$MirrorSets
instanceKlass org/springframework/core/annotation/AnnotationTypeMapping$MirrorSets$MirrorSet
instanceKlass org/springframework/core/annotation/AnnotationTypeMapping
instanceKlass  @bci org/springframework/core/annotation/AnnotationTypeMappings forAnnotationType (Ljava/lang/Class;Lorg/springframework/core/annotation/RepeatableContainers;Lorg/springframework/core/annotation/AnnotationFilter;Ljava/util/Set;)Lorg/springframework/core/annotation/AnnotationTypeMappings; 12 <appendix> member <vmtarget> ; # org/springframework/core/annotation/AnnotationTypeMappings$$Lambda+0x0000013c9c136c20
instanceKlass org/springframework/core/annotation/AnnotationTypeMappings$Cache
instanceKlass org/springframework/core/annotation/AnnotationTypeMappings
instanceKlass org/springframework/util/ConcurrentReferenceHashMap$Entry
instanceKlass  @bci org/springframework/util/ReflectionUtils <clinit> ()V 8 <appendix> argL0 ; # org/springframework/util/ReflectionUtils$$Lambda+0x0000013c9c136100
instanceKlass org/springframework/util/ReflectionUtils$FieldFilter
instanceKlass  @bci org/springframework/util/ReflectionUtils <clinit> ()V 0 <appendix> argL0 ; # org/springframework/util/ReflectionUtils$$Lambda+0x0000013c9c135cd0
instanceKlass org/springframework/util/ReflectionUtils$MethodFilter
instanceKlass org/springframework/util/ReflectionUtils
instanceKlass  @bci org/springframework/core/annotation/AttributeMethods forAnnotationType (Ljava/lang/Class;)Lorg/springframework/core/annotation/AttributeMethods; 12 <appendix> argL0 ; # org/springframework/core/annotation/AttributeMethods$$Lambda+0x0000013c9c135688
instanceKlass  @bci org/springframework/core/annotation/AttributeMethods <clinit> ()V 31 <appendix> argL0 ; # org/springframework/core/annotation/AttributeMethods$$Lambda+0x0000013c9c1353f0
instanceKlass org/springframework/core/annotation/AttributeMethods
instanceKlass jakarta/annotation/Priority
instanceKlass org/sonar/api/config/PropertyDefinition
instanceKlass org/sonar/api/Property
instanceKlass java/lang/FunctionalInterface
instanceKlass  @bci org/sonar/api/internal/apachecommons/lang3/ClassUtils <clinit> ()V 522 <appendix> argL0 ; # org/sonar/api/internal/apachecommons/lang3/ClassUtils$$Lambda+0x0000013c9c12fa38
instanceKlass  @bci org/sonar/api/internal/apachecommons/lang3/ClassUtils <clinit> ()V 517 <appendix> argL0 ; # org/sonar/api/internal/apachecommons/lang3/ClassUtils$$Lambda+0x0000013c9c12f7f8
instanceKlass  @bci org/sonar/api/internal/apachecommons/lang3/ClassUtils <clinit> ()V 353 <appendix> argL0 ; # org/sonar/api/internal/apachecommons/lang3/ClassUtils$$Lambda+0x0000013c9c12f5c8
instanceKlass  @cpi org/sonar/python/checks/hotspots/StrongCryptographicKeysCheck 425 form vmentry <vmtarget> ; # java/lang/invoke/LambdaForm$DMH+0x0000013c9c130000
instanceKlass  @bci org/sonar/api/internal/apachecommons/lang3/ClassUtils <clinit> ()V 0 <appendix> argL0 ; # org/sonar/api/internal/apachecommons/lang3/ClassUtils$$Lambda+0x0000013c9c12f330
instanceKlass  @cpi org/eclipse/jgit/dircache/DirCacheTree 353 form vmentry <vmtarget> ; # java/lang/invoke/LambdaForm$DMH+0x0000013c9c126400
instanceKlass org/sonar/api/internal/apachecommons/lang3/ClassUtils
instanceKlass org/sonar/api/utils/AnnotationUtils
instanceKlass org/sonar/api/Properties
instanceKlass org/springframework/beans/factory/support/BeanDefinitionReaderUtils
instanceKlass org/springframework/context/annotation/Proxyable
instanceKlass org/springframework/context/annotation/Description
instanceKlass org/springframework/context/annotation/Role
instanceKlass org/springframework/context/annotation/DependsOn
instanceKlass org/springframework/context/annotation/Fallback
instanceKlass org/springframework/context/annotation/Primary
instanceKlass org/springframework/context/annotation/Lazy
instanceKlass org/springframework/core/annotation/AbstractMergedAnnotation
instanceKlass org/springframework/core/annotation/MergedAnnotation
instanceKlass org/springframework/core/annotation/TypeMappedAnnotations$MergedAnnotationFinder
instanceKlass org/springframework/core/annotation/MergedAnnotationSelectors$FirstDirectlyDeclared
instanceKlass org/springframework/core/annotation/MergedAnnotationSelectors$Nearest
instanceKlass org/springframework/core/annotation/MergedAnnotationSelector
instanceKlass org/springframework/core/annotation/MergedAnnotationSelectors
instanceKlass org/springframework/context/annotation/ScopeMetadata
instanceKlass org/springframework/beans/BeanMetadataAttribute
instanceKlass org/springframework/context/annotation/ImportResource
instanceKlass org/springframework/context/annotation/Import
instanceKlass org/springframework/context/annotation/ComponentScan
instanceKlass org/springframework/core/Conventions
instanceKlass org/springframework/context/annotation/ConfigurationClassUtils
instanceKlass org/springframework/core/annotation/AnnotationsScanner$1
instanceKlass org/springframework/core/annotation/TypeMappedAnnotations$IsPresent
instanceKlass org/springframework/context/annotation/Conditional
instanceKlass org/springframework/core/annotation/AnnotationsScanner
instanceKlass org/springframework/core/annotation/AnnotationsProcessor
instanceKlass org/springframework/core/annotation/TypeMappedAnnotations
instanceKlass  @bci org/springframework/core/annotation/MergedAnnotations$Search <clinit> ()V 8 <appendix> argL0 ; # org/springframework/core/annotation/MergedAnnotations$Search$$Lambda+0x0000013c9c129e30
instanceKlass  @bci org/springframework/core/annotation/MergedAnnotations$Search <clinit> ()V 0 <appendix> argL0 ; # org/springframework/core/annotation/MergedAnnotations$Search$$Lambda+0x0000013c9c129be0
instanceKlass org/springframework/core/annotation/MergedAnnotations$Search
instanceKlass org/springframework/core/annotation/AnnotationFilter$2
instanceKlass org/springframework/core/annotation/AnnotationFilter$1
instanceKlass java/util/ComparableTimSort
instanceKlass org/springframework/core/annotation/PackagesAnnotationFilter
instanceKlass org/springframework/core/annotation/AnnotationFilter
instanceKlass org/springframework/core/annotation/MergedAnnotations
instanceKlass org/springframework/core/annotation/RepeatableContainers
instanceKlass org/springframework/core/type/StandardClassMetadata
instanceKlass org/springframework/core/type/AnnotationMetadata
instanceKlass org/springframework/core/type/ClassMetadata
instanceKlass org/springframework/beans/factory/config/BeanDefinitionCustomizer
instanceKlass sun/security/provider/AbstractDrbg$NonceProvider
instanceKlass  @bci sun/security/provider/AbstractDrbg$SeederHolder <clinit> ()V 42 <appendix> member <vmtarget> ; # sun/security/provider/AbstractDrbg$SeederHolder$$Lambda+0x0000013c9c0db1f0
instanceKlass  @cpi sun/security/provider/AbstractDrbg$SeederHolder 91 form vmentry <vmtarget> ; # java/lang/invoke/LambdaForm$DMH+0x0000013c9c126000
# instanceKlass java/lang/invoke/LambdaForm$DMH+0x0000013c9c125c00
instanceKlass sun/nio/fs/BasicFileAttributesHolder
instanceKlass sun/nio/fs/WindowsDirectoryStream$WindowsDirectoryIterator
instanceKlass sun/nio/fs/WindowsDirectoryStream
instanceKlass java/nio/file/DirectoryStream
instanceKlass java/nio/file/Files$AcceptAllFilter
instanceKlass java/nio/file/DirectoryStream$Filter
instanceKlass java/net/NetworkInterface$1
instanceKlass java/net/DefaultInterface
instanceKlass java/net/Inet6Address$Inet6AddressHolder
instanceKlass java/net/InetAddress$PlatformResolver
instanceKlass java/net/spi/InetAddressResolver
instanceKlass java/net/spi/InetAddressResolver$LookupPolicy
instanceKlass java/net/Inet4AddressImpl
instanceKlass java/net/Inet6AddressImpl
instanceKlass java/net/InetAddressImpl
instanceKlass java/util/concurrent/ConcurrentSkipListMap$Node
instanceKlass java/util/concurrent/ConcurrentSkipListMap$Index
instanceKlass java/util/concurrent/ConcurrentNavigableMap
instanceKlass java/net/InetAddress$InetAddressHolder
instanceKlass java/net/InetAddress$1
instanceKlass jdk/internal/access/JavaNetInetAddressAccess
instanceKlass java/net/InterfaceAddress
instanceKlass java/net/NetworkInterface
instanceKlass sun/security/provider/ByteArrayAccess$BE
instanceKlass sun/security/provider/ByteArrayAccess
instanceKlass java/util/Properties$EntrySet
instanceKlass sun/security/provider/SeedGenerator$1
instanceKlass sun/security/util/MessageDigestSpi2
instanceKlass sun/security/jca/GetInstance$Instance
instanceKlass sun/security/jca/GetInstance
instanceKlass sun/security/util/SecurityProperties
instanceKlass sun/security/util/CryptoAlgorithmConstraints$CryptoHolder
instanceKlass sun/security/util/AbstractAlgorithmConstraints
instanceKlass java/security/AlgorithmConstraints
instanceKlass java/security/MessageDigestSpi
instanceKlass sun/security/provider/SeedGenerator
instanceKlass sun/security/provider/AbstractDrbg$SeederHolder
instanceKlass java/security/DrbgParameters$NextBytes
instanceKlass  @bci sun/security/provider/AbstractDrbg <clinit> ()V 12 <appendix> argL0 ; # sun/security/provider/AbstractDrbg$$Lambda+0x0000013c9c0d68f0
instanceKlass  @cpi sun/security/provider/AbstractDrbg 383 form vmentry <vmtarget> ; # java/lang/invoke/LambdaForm$DMH+0x0000013c9c125800
# instanceKlass java/lang/invoke/LambdaForm$DMH+0x0000013c9c125400
instanceKlass sun/security/provider/EntropySource
instanceKlass sun/security/provider/AbstractDrbg
instanceKlass java/security/DrbgParameters$Instantiation
instanceKlass java/security/DrbgParameters
instanceKlass sun/security/provider/MoreDrbgParameters
instanceKlass  @bci sun/security/provider/DRBG <init> (Ljava/security/SecureRandomParameters;)V 26 <appendix> argL0 ; # sun/security/provider/DRBG$$Lambda+0x0000013c9c0d5390
instanceKlass java/security/SecureRandomSpi
instanceKlass jdk/internal/event/Event
instanceKlass sun/security/util/SecurityProviderConstants
instanceKlass java/security/Provider$UString
instanceKlass java/security/Provider$Service
instanceKlass sun/security/provider/NativePRNG$NonBlocking
instanceKlass sun/security/provider/NativePRNG$Blocking
instanceKlass sun/security/provider/NativePRNG
instanceKlass sun/security/provider/SunEntries$1
instanceKlass sun/security/provider/SunEntries
instanceKlass sun/security/util/SecurityConstants
instanceKlass java/util/AbstractList$Itr
instanceKlass java/security/Security$1
instanceKlass jdk/internal/access/JavaSecurityPropertiesAccess
instanceKlass java/util/concurrent/ConcurrentHashMap$MapEntry
instanceKlass  @bci java/security/Security <clinit> ()V 9 <appendix> argL0 ; # java/security/Security$$Lambda+0x80000000b
instanceKlass java/security/Security
instanceKlass sun/security/jca/ProviderList$2
instanceKlass jdk/internal/math/FloatingDecimal$ASCIIToBinaryBuffer
instanceKlass jdk/internal/math/FloatingDecimal$PreparedASCIIToBinaryBuffer
instanceKlass jdk/internal/math/FloatingDecimal$ASCIIToBinaryConverter
instanceKlass jdk/internal/math/FloatingDecimal$BinaryToASCIIBuffer
instanceKlass jdk/internal/math/FloatingDecimal$ExceptionalBinaryToASCIIBuffer
instanceKlass jdk/internal/math/FloatingDecimal$BinaryToASCIIConverter
instanceKlass jdk/internal/math/FloatingDecimal
instanceKlass javax/security/auth/login/Configuration$Parameters
instanceKlass java/security/Policy$Parameters
instanceKlass java/security/cert/CertStoreParameters
instanceKlass java/security/SecureRandomParameters
instanceKlass java/security/Provider$EngineDescription
instanceKlass java/security/Provider$ServiceKey
instanceKlass sun/security/jca/ProviderConfig
instanceKlass sun/security/jca/ProviderList
instanceKlass sun/security/jca/Providers
instanceKlass java/util/UUID$Holder
instanceKlass  @bci org/sonar/scanner/spring/SpringComponentContainer registerInstance (Ljava/lang/Object;)V 1 <appendix> member <vmtarget> ; # org/sonar/scanner/spring/SpringComponentContainer$$Lambda+0x0000013c9c123638
instanceKlass jdk/internal/foreign/MemorySessionImpl
instanceKlass java/lang/foreign/MemorySegment$Scope
instanceKlass  @bci org/springframework/util/ConcurrentReferenceHashMap$Segment doTask (ILjava/lang/Object;Lorg/springframework/util/ConcurrentReferenceHashMap$Task;)Ljava/lang/Object; 112 <adapter> ; # java/lang/invoke/LambdaForm$MH+0x0000013c9c125000
# instanceKlass java/lang/invoke/LambdaForm$DMH+0x0000013c9c124c00
instanceKlass  @bci org/springframework/util/ConcurrentReferenceHashMap$Segment doTask (ILjava/lang/Object;Lorg/springframework/util/ConcurrentReferenceHashMap$Task;)Ljava/lang/Object; 112 <appendix> form vmentry <vmtarget> ; # java/lang/invoke/LambdaForm$DMH+0x0000013c9c124800
instanceKlass  @bci org/springframework/util/ConcurrentReferenceHashMap$Segment doTask (ILjava/lang/Object;Lorg/springframework/util/ConcurrentReferenceHashMap$Task;)Ljava/lang/Object; 112 <appendix> member <vmtarget> ; # org/springframework/util/ConcurrentReferenceHashMap$Segment$$Lambda+0x0000013c9c123410
instanceKlass  @cpi org/springframework/util/ConcurrentReferenceHashMap$Segment 256 form vmentry <vmtarget> ; # java/lang/invoke/LambdaForm$DMH+0x0000013c9c124400
instanceKlass org/springframework/util/ConcurrentReferenceHashMap$Entries
instanceKlass  @bci org/springframework/context/index/CandidateComponentsIndexLoader loadIndex (Ljava/lang/ClassLoader;)Lorg/springframework/context/index/CandidateComponentsIndex; 16 <appendix> argL0 ; # org/springframework/context/index/CandidateComponentsIndexLoader$$Lambda+0x0000013c9c122750
instanceKlass org/springframework/context/index/CandidateComponentsIndex
instanceKlass org/springframework/context/index/CandidateComponentsIndexLoader
instanceKlass  @bci org/springframework/core/io/DefaultResourceLoader getResourceCache (Ljava/lang/Class;)Ljava/util/Map; 5 <appendix> argL0 ; # org/springframework/core/io/DefaultResourceLoader$$Lambda+0x0000013c9c1220c8
instanceKlass org/springframework/core/type/classreading/MetadataReader
instanceKlass org/springframework/core/type/classreading/MetadataReaderFactoryDelegate
instanceKlass org/springframework/core/type/classreading/AbstractMetadataReaderFactory
instanceKlass org/springframework/core/io/support/ResourcePatternUtils
instanceKlass jakarta/inject/Named
instanceKlass org/springframework/stereotype/Indexed
instanceKlass  @bci org/sonar/python/semantic/v2/SymbolsModuleTypeProvider convertModuleType (Ljava/util/List;Lorg/sonar/plugins/python/api/types/v2/ModuleType;)Lorg/sonar/plugins/python/api/types/v2/PythonType; 37 <appendix> form vmentry <vmtarget> ; # java/lang/invoke/LambdaForm$DMH+0x0000013c9c124000
instanceKlass  @bci sun/reflect/annotation/AnnotationParser parseEnumArray (ILjava/lang/Class;Ljava/nio/ByteBuffer;Ljdk/internal/reflect/ConstantPool;Ljava/lang/Class;)Ljava/lang/Object; 16 <appendix> member <vmtarget> ; # sun/reflect/annotation/AnnotationParser$$Lambda+0x0000013c9c0cb988
instanceKlass org/springframework/stereotype/Component
instanceKlass org/springframework/core/type/filter/AbstractTypeHierarchyTraversingFilter
instanceKlass org/springframework/core/type/filter/TypeFilter
instanceKlass org/springframework/beans/factory/support/BeanDefinitionDefaults
instanceKlass org/springframework/core/type/classreading/MetadataReaderFactory
instanceKlass org/springframework/context/annotation/ClassPathScanningCandidateComponentProvider
instanceKlass org/springframework/context/event/DefaultEventListenerFactory
instanceKlass org/springframework/context/event/EventListenerFactory
instanceKlass org/springframework/context/event/EventListenerMethodProcessor
instanceKlass org/springframework/context/ApplicationContextAware
instanceKlass org/springframework/beans/factory/SmartInitializingSingleton
instanceKlass org/springframework/beans/factory/annotation/InitDestroyAnnotationBeanPostProcessor
instanceKlass org/springframework/beans/factory/config/DestructionAwareBeanPostProcessor
instanceKlass org/springframework/beans/factory/annotation/AutowiredAnnotationBeanPostProcessor
instanceKlass org/springframework/beans/factory/support/MergedBeanDefinitionPostProcessor
instanceKlass org/springframework/beans/factory/config/SmartInstantiationAwareBeanPostProcessor
instanceKlass org/springframework/beans/factory/config/InstantiationAwareBeanPostProcessor
instanceKlass org/springframework/beans/factory/config/BeanDefinitionHolder
instanceKlass  @bci org/springframework/beans/factory/support/DefaultListableBeanFactory removeManualSingletonName (Ljava/lang/String;)V 8 <appendix> member <vmtarget> ; # org/springframework/beans/factory/support/DefaultListableBeanFactory$$Lambda+0x0000013c9c11d098
instanceKlass  @bci org/springframework/beans/factory/support/DefaultListableBeanFactory removeManualSingletonName (Ljava/lang/String;)V 2 <appendix> member <vmtarget> ; # org/springframework/beans/factory/support/DefaultListableBeanFactory$$Lambda+0x0000013c9c11ce60
instanceKlass org/springframework/beans/factory/support/MethodOverrides
instanceKlass org/springframework/context/annotation/ConfigurationClassPostProcessor
instanceKlass org/springframework/context/EnvironmentAware
instanceKlass org/springframework/context/ApplicationStartupAware
instanceKlass org/springframework/context/ResourceLoaderAware
instanceKlass org/springframework/core/PriorityOrdered
instanceKlass org/springframework/core/Ordered
instanceKlass org/springframework/beans/factory/aot/BeanFactoryInitializationAotProcessor
instanceKlass org/springframework/beans/factory/aot/BeanRegistrationAotProcessor
instanceKlass org/springframework/beans/factory/support/BeanDefinitionRegistryPostProcessor
instanceKlass jakarta/inject/Qualifier
instanceKlass org/springframework/beans/factory/annotation/Qualifier
instanceKlass org/springframework/beans/factory/annotation/Value
instanceKlass org/springframework/util/MultiValueMap
instanceKlass org/springframework/util/CollectionUtils
instanceKlass org/springframework/aop/TargetSource
instanceKlass org/springframework/aop/TargetClassAware
instanceKlass org/springframework/core/OrderComparator
instanceKlass jakarta/annotation/PostConstruct
instanceKlass org/springframework/context/annotation/AnnotationConfigUtils
instanceKlass org/springframework/context/annotation/ConditionEvaluator$ConditionContextImpl
instanceKlass org/springframework/context/annotation/ConditionContext
instanceKlass org/springframework/context/annotation/ConditionEvaluator
instanceKlass org/springframework/context/annotation/Scope
instanceKlass org/springframework/context/annotation/AnnotationScopeMetadataResolver
instanceKlass java/util/RegularEnumSet$EnumSetIterator
instanceKlass org/springframework/context/annotation/AnnotationBeanNameGenerator
instanceKlass org/springframework/util/PlaceholderParser
instanceKlass org/springframework/util/PropertyPlaceholderHelper
instanceKlass org/springframework/util/PropertyPlaceholderHelper$PlaceholderResolver
instanceKlass org/springframework/util/SystemPropertyUtils
instanceKlass org/springframework/core/convert/support/ConfigurableConversionService
instanceKlass org/springframework/core/convert/converter/ConverterRegistry
instanceKlass org/springframework/core/convert/ConversionService
instanceKlass org/springframework/core/env/AbstractPropertyResolver
instanceKlass org/springframework/core/env/MutablePropertySources
instanceKlass org/springframework/core/env/PropertySource
instanceKlass org/springframework/core/env/PropertySources
instanceKlass org/springframework/core/env/AbstractEnvironment
instanceKlass org/springframework/beans/factory/annotation/AnnotatedBeanDefinition
instanceKlass org/springframework/core/type/AnnotatedTypeMetadata
instanceKlass org/springframework/context/annotation/ScopeMetadataResolver
instanceKlass org/springframework/beans/factory/support/BeanNameGenerator
instanceKlass org/springframework/context/annotation/AnnotatedBeanDefinitionReader
instanceKlass org/springframework/util/AntPathMatcher$PathSeparatorPatternCache
instanceKlass  @bci java/util/regex/Pattern negate (Ljava/util/regex/Pattern$CharPredicate;)Ljava/util/regex/Pattern$CharPredicate; 1 <appendix> member <vmtarget> ; # java/util/regex/Pattern$$Lambda+0x800000030
instanceKlass  @bci org/sonar/python/types/TypeInferenceProgramState join (Lorg/sonar/python/cfg/fixpoint/ProgramState;)Lorg/sonar/python/cfg/fixpoint/ProgramState; 17 <bsm> form vmentry <vmtarget> ; # java/lang/invoke/LambdaForm$DMH+0x0000013c9c114400
instanceKlass java/lang/invoke/MethodHandle$1
instanceKlass org/springframework/util/AntPathMatcher
instanceKlass  @bci org/springframework/core/io/support/PathMatchingResourcePatternResolver <clinit> ()V 64 <appendix> argL0 ; # org/springframework/core/io/support/PathMatchingResourcePatternResolver$$Lambda+0x0000013c9c112d48
instanceKlass  @cpi org/sonarsource/analyzer/commons/appsec/TestFileClassifier 263 form vmentry <vmtarget> ; # java/lang/invoke/LambdaForm$DMH+0x0000013c9c114000
instanceKlass  @bci java/util/stream/Collectors toSet ()Ljava/util/stream/Collector; 14 <appendix> argL0 ; # java/util/stream/Collectors$$Lambda+0x80000003f
instanceKlass  @bci java/util/stream/Collectors toSet ()Ljava/util/stream/Collector; 9 <appendix> argL0 ; # java/util/stream/Collectors$$Lambda+0x800000038
instanceKlass  @bci java/util/stream/Collectors toSet ()Ljava/util/stream/Collector; 4 <appendix> argL0 ; # java/util/stream/Collectors$$Lambda+0x800000044
instanceKlass  @bci org/springframework/core/io/support/PathMatchingResourcePatternResolver <clinit> ()V 40 <appendix> argL0 ; # org/springframework/core/io/support/PathMatchingResourcePatternResolver$$Lambda+0x0000013c9c112b08
instanceKlass java/util/Spliterators$IteratorSpliterator
instanceKlass jdk/internal/module/SystemModules$all
instanceKlass org/springframework/core/NativeDetector
instanceKlass org/springframework/util/PathMatcher
instanceKlass org/springframework/core/io/support/PathMatchingResourcePatternResolver
instanceKlass org/springframework/util/ObjectUtils
instanceKlass org/springframework/beans/factory/support/SimpleAutowireCandidateResolver
instanceKlass org/springframework/core/SpringProperties
instanceKlass org/springframework/beans/factory/support/SimpleInstantiationStrategy
instanceKlass org/springframework/beans/factory/BeanClassLoaderAware
instanceKlass org/springframework/beans/factory/BeanFactoryAware
instanceKlass org/springframework/beans/factory/BeanNameAware
instanceKlass org/springframework/beans/factory/Aware
instanceKlass org/springframework/core/StandardReflectionParameterNameDiscoverer
instanceKlass kotlin/coroutines/Continuation
instanceKlass kotlin/jvm/JvmInline
instanceKlass kotlin/Metadata
instanceKlass org/springframework/core/KotlinDetector
instanceKlass org/springframework/core/PrioritizedParameterNameDiscoverer
instanceKlass org/springframework/util/StringUtils
instanceKlass org/springframework/core/metrics/DefaultApplicationStartup$DefaultStartupStep$DefaultTags
instanceKlass org/springframework/core/metrics/StartupStep$Tags
instanceKlass org/springframework/core/metrics/DefaultApplicationStartup$DefaultStartupStep
instanceKlass org/springframework/core/metrics/StartupStep
instanceKlass org/springframework/core/metrics/DefaultApplicationStartup
instanceKlass org/springframework/core/metrics/ApplicationStartup
instanceKlass java/util/Collections$SynchronizedCollection
instanceKlass org/apache/commons/logging/impl/SLF4JLocationAwareLog
instanceKlass org/apache/commons/logging/Log
instanceKlass org/apache/commons/logging/LogFactory
instanceKlass jakarta/inject/Provider
instanceKlass java/util/IdentityHashMap$EntryIterator$Entry
instanceKlass java/util/IdentityHashMap$IdentityHashMapIterator
instanceKlass org/springframework/util/ConcurrentReferenceHashMap$Reference
instanceKlass org/springframework/util/ConcurrentReferenceHashMap$ReferenceManager
instanceKlass org/springframework/util/Assert
instanceKlass org/springframework/util/ConcurrentReferenceHashMap$Task
instanceKlass org/springframework/util/ClassUtils
instanceKlass org/springframework/core/OrderComparator$OrderSourceProvider
instanceKlass org/springframework/beans/factory/ObjectProvider
instanceKlass org/springframework/beans/factory/ObjectFactory
instanceKlass org/springframework/beans/factory/support/AutowireCandidateResolver
instanceKlass org/springframework/util/ReflectionUtils$MethodCallback
instanceKlass org/springframework/core/AttributeAccessorSupport
instanceKlass org/springframework/beans/factory/InjectionPoint
instanceKlass org/springframework/beans/BeanWrapper
instanceKlass org/springframework/beans/ConfigurablePropertyAccessor
instanceKlass org/springframework/beans/PropertyAccessor
instanceKlass org/springframework/beans/PropertyValues
instanceKlass org/springframework/beans/factory/support/InstantiationStrategy
instanceKlass org/springframework/core/ParameterNameDiscoverer
instanceKlass org/springframework/beans/factory/DisposableBean
instanceKlass org/springframework/beans/TypeConverter
instanceKlass org/springframework/beans/PropertyEditorRegistry
instanceKlass org/springframework/context/LifecycleProcessor
instanceKlass org/springframework/context/event/ApplicationEventMulticaster
instanceKlass org/springframework/core/env/ConfigurableEnvironment
instanceKlass org/springframework/core/env/ConfigurablePropertyResolver
instanceKlass org/springframework/core/SmartClassLoader
instanceKlass org/springframework/beans/factory/config/BeanPostProcessor
instanceKlass org/springframework/beans/PropertyEditorRegistrar
instanceKlass org/springframework/beans/factory/config/BeanExpressionResolver
instanceKlass org/springframework/core/ResolvableTypeProvider
instanceKlass java/util/EventObject
instanceKlass org/springframework/core/env/Environment
instanceKlass org/springframework/core/env/PropertyResolver
instanceKlass org/springframework/core/io/WritableResource
instanceKlass org/springframework/core/io/AbstractResource
instanceKlass org/springframework/core/io/Resource
instanceKlass org/springframework/core/io/InputStreamSource
instanceKlass org/springframework/core/io/DefaultResourceLoader
instanceKlass org/springframework/context/ConfigurableApplicationContext
instanceKlass org/springframework/context/Lifecycle
instanceKlass org/springframework/context/annotation/AnnotationConfigRegistry
instanceKlass org/sonar/scanner/spring/ComponentKeys
instanceKlass org/sonar/scanner/extension/PropertyDefinitions
instanceKlass org/springframework/beans/factory/config/BeanDefinition
instanceKlass org/springframework/beans/BeanMetadataElement
instanceKlass org/springframework/core/AttributeAccessor
instanceKlass org/sonar/scanner/spring/SpringInitStrategy
instanceKlass org/springframework/beans/factory/config/BeanFactoryPostProcessor
instanceKlass org/springframework/context/ApplicationContext
instanceKlass org/springframework/core/io/support/ResourcePatternResolver
instanceKlass org/springframework/core/io/ResourceLoader
instanceKlass org/springframework/context/ApplicationEventPublisher
instanceKlass org/springframework/context/MessageSource
instanceKlass org/springframework/core/env/EnvironmentCapable
instanceKlass org/springframework/core/SimpleAliasRegistry
instanceKlass org/springframework/beans/factory/support/BeanDefinitionRegistry
instanceKlass org/springframework/core/AliasRegistry
instanceKlass org/springframework/beans/factory/config/ConfigurableListableBeanFactory
instanceKlass org/springframework/beans/factory/config/ConfigurableBeanFactory
instanceKlass org/springframework/beans/factory/config/SingletonBeanRegistry
instanceKlass org/springframework/beans/factory/HierarchicalBeanFactory
instanceKlass org/springframework/beans/factory/config/AutowireCapableBeanFactory
instanceKlass org/springframework/beans/factory/ListableBeanFactory
instanceKlass org/springframework/beans/factory/BeanFactory
instanceKlass org/sonar/scanner/spring/SpringComponentContainer
instanceKlass org/sonar/scanner/spring/StartableContainer
instanceKlass org/sonar/scanner/extension/ExtensionContainer
instanceKlass org/sonar/scanner/extension/Container
instanceKlass org/eclipse/jgit/internal/util/CleanupService
instanceKlass org/sonar/scanner/bootstrap/JGitCleanupService
instanceKlass  @bci org/sonar/scanner/bootstrap/ScannerEngineRunner load ()Lorg/sonar/scanner/bootstrap/ScannerEngineRunner; 13 <appendix> argL0 ; # org/sonar/scanner/bootstrap/ScannerEngineRunner$$Lambda+0x0000013c9c0b4a80
instanceKlass org/sonar/scanner/bootstrap/ServerScannerEngineRunner
instanceKlass org/sonar/scanner/bootstrap/ScannerEngineRunner
instanceKlass org/sonar/batch/bootstrapper/LoggingConfiguration
instanceKlass  @bci org/sonar/batch/bootstrapper/EnvironmentConfig processEnvVariables (Ljava/util/Map;Ljava/util/Map;)V 2 <appendix> member <vmtarget> ; # org/sonar/batch/bootstrapper/EnvironmentConfig$$Lambda+0x0000013c9c0b4000
instanceKlass java/lang/ProcessEnvironment$CheckedEntry
instanceKlass java/lang/ProcessEnvironment$CheckedEntrySet$1
instanceKlass java/lang/ProcessEnvironment$EntryComparator
instanceKlass java/lang/ProcessEnvironment$NameComparator
instanceKlass org/sonar/batch/bootstrapper/EnvironmentConfig
instanceKlass  @bci org/sonar/scanner/bootstrap/ScannerMain parseInputProperties (Ljava/io/InputStream;)Ljava/util/Map; 29 <appendix> member <vmtarget> ; # org/sonar/scanner/bootstrap/ScannerMain$$Lambda+0x0000013c9c0a9a20
instanceKlass  @bci jdk/internal/reflect/MethodHandleObjectFieldAccessorImpl set (Ljava/lang/Object;Ljava/lang/Object;)V 41 <adapter> ; # java/lang/invoke/LambdaForm$MH+0x0000013c9c0b1000
# instanceKlass java/lang/invoke/LambdaForm$MH+0x0000013c9c0b0c00
# instanceKlass java/lang/invoke/LambdaForm$MH+0x0000013c9c0b0800
# instanceKlass java/lang/invoke/LambdaForm$MH+0x0000013c9c0b0400
instanceKlass  @bci org/sonar/plugins/python/api/types/v2/UnknownType$UnresolvedImportType hashCode ()I 1 <appendix> argL1 argL1 form vmentry <vmtarget> ; # java/lang/invoke/LambdaForm$MH+0x0000013c9c0b0000
instanceKlass  @bci com/google/gson/internal/ConstructorConstructor newCollectionConstructor (Ljava/lang/Class;)Lcom/google/gson/internal/ObjectConstructor; 9 <appendix> argL0 ; # com/google/gson/internal/ConstructorConstructor$$Lambda+0x0000013c9c0a9800
instanceKlass com/google/gson/internal/bind/ReflectiveTypeAdapterFactory$FieldsData
instanceKlass sun/reflect/misc/ReflectUtil
instanceKlass com/google/gson/internal/Primitives
instanceKlass com/google/gson/internal/GsonTypes$ParameterizedTypeImpl
instanceKlass java/lang/annotation/Documented
instanceKlass com/google/gson/annotations/SerializedName
instanceKlass sun/reflect/generics/reflectiveObjects/LazyReflectiveObjectGenerator
instanceKlass sun/reflect/generics/tree/TypeVariableSignature
instanceKlass sun/reflect/generics/tree/ClassSignature
instanceKlass sun/reflect/generics/tree/Signature
instanceKlass sun/reflect/generics/tree/FormalTypeParameter
instanceKlass sun/reflect/generics/reflectiveObjects/ParameterizedTypeImpl
instanceKlass org/sonar/scanner/bootstrap/ScannerMain$ScannerProperty
instanceKlass sun/reflect/generics/repository/AbstractRepository
instanceKlass  @bci com/google/gson/internal/ConstructorConstructor newDefaultConstructor (Ljava/lang/Class;Lcom/google/gson/ReflectionAccessFilter$FilterResult;)Lcom/google/gson/internal/ObjectConstructor; 134 <appendix> member <vmtarget> ; # com/google/gson/internal/ConstructorConstructor$$Lambda+0x0000013c9c0ab0f8
# instanceKlass java/lang/invoke/LambdaForm$MH+0x0000013c9c0a9400
instanceKlass  @bci org/sonar/plugins/python/api/types/v2/UnknownType$UnresolvedImportType hashCode ()I 1 <appendix> argL1 form vmentry <vmtarget> ; # java/lang/invoke/LambdaForm$MH+0x0000013c9c0a9000
instanceKlass com/google/gson/internal/ReflectionAccessFilterHelper
instanceKlass com/google/gson/annotations/JsonAdapter
instanceKlass java/lang/reflect/AnnotatedType
instanceKlass java/lang/reflect/TypeVariable
instanceKlass com/google/gson/internal/reflect/ReflectionHelper$RecordHelper
instanceKlass com/google/gson/internal/reflect/ReflectionHelper
instanceKlass java/util/Collections$UnmodifiableCollection$1
instanceKlass com/google/gson/internal/JsonReaderInternalAccess
instanceKlass java/lang/reflect/WildcardType
instanceKlass java/lang/reflect/ParameterizedType
instanceKlass com/google/gson/internal/GsonTypes
instanceKlass com/google/gson/reflect/TypeToken
instanceKlass org/sonar/scanner/bootstrap/ScannerMain$Input
instanceKlass com/google/gson/internal/bind/ReflectiveTypeAdapterFactory$BoundField
instanceKlass com/google/gson/internal/bind/ReflectiveTypeAdapterFactory
instanceKlass com/google/gson/internal/bind/MapTypeAdapterFactory
instanceKlass com/google/gson/internal/bind/CollectionTypeAdapterFactory
instanceKlass com/google/gson/internal/bind/ArrayTypeAdapter$1
instanceKlass com/google/gson/internal/bind/JavaTimeTypeAdapters$14
instanceKlass com/google/gson/internal/bind/JavaTimeTypeAdapters
instanceKlass com/google/gson/internal/bind/TypeAdapters$FactorySupplier
instanceKlass com/google/gson/internal/bind/DefaultDateTypeAdapter$1
instanceKlass java/util/concurrent/atomic/AtomicLongArray
instanceKlass com/google/gson/internal/bind/NumberTypeAdapter$1
instanceKlass com/google/gson/internal/sql/SqlTimestampTypeAdapter$1
instanceKlass com/google/gson/internal/sql/SqlTimeTypeAdapter$1
instanceKlass com/google/gson/internal/sql/SqlDateTypeAdapter$1
instanceKlass java/text/Format
instanceKlass sun/util/calendar/CalendarSystem$GregorianHolder
instanceKlass sun/util/calendar/CalendarSystem
instanceKlass java/util/Date
instanceKlass jdk/internal/module/ModulePatcher$PatchedModuleReader
instanceKlass com/google/gson/internal/bind/DefaultDateTypeAdapter$DateType
instanceKlass com/google/gson/internal/sql/SqlTypesSupport
instanceKlass com/google/gson/internal/bind/ObjectTypeAdapter$1
instanceKlass com/google/gson/internal/bind/EnumTypeAdapter$1
instanceKlass com/google/gson/internal/bind/TypeAdapters$32
instanceKlass java/util/Calendar
instanceKlass java/util/Currency
instanceKlass java/util/UUID
instanceKlass com/google/gson/internal/bind/TypeAdapters$33
instanceKlass java/net/InetAddress
instanceKlass java/util/concurrent/atomic/AtomicIntegerArray
instanceKlass com/google/gson/internal/bind/TypeAdapters$31
instanceKlass com/google/gson/internal/bind/TypeAdapters$30
instanceKlass com/google/gson/internal/bind/TypeAdapters
instanceKlass com/google/gson/internal/Excluder
instanceKlass com/google/gson/internal/bind/JsonAdapterAnnotationTypeAdapterFactory$DummyTypeAdapterFactory
instanceKlass com/google/gson/TypeAdapter
instanceKlass com/google/gson/internal/bind/JsonAdapterAnnotationTypeAdapterFactory
instanceKlass com/google/gson/internal/ObjectConstructor
instanceKlass com/google/gson/internal/ConstructorConstructor
instanceKlass com/google/gson/FormattingStyle
instanceKlass com/google/gson/ToNumberStrategy
instanceKlass com/google/gson/FieldNamingStrategy
instanceKlass com/google/gson/GsonBuilder
instanceKlass com/google/gson/TypeAdapterFactory
instanceKlass com/google/gson/stream/JsonWriter
instanceKlass com/google/gson/JsonElement
instanceKlass com/google/gson/stream/JsonReader
instanceKlass com/google/gson/Gson
instanceKlass  @bci org/sonar/scanner/bootstrap/ScannerMain run (Ljava/io/InputStream;Ljava/io/OutputStream;)I 53 <appendix> argL0 ; # org/sonar/scanner/bootstrap/ScannerMain$$Lambda+0x0000013c9c094b18
instanceKlass org/slf4j/event/DefaultLoggingEvent
instanceKlass org/slf4j/spi/DefaultLoggingEventBuilder
instanceKlass org/slf4j/spi/CallerBoundaryAware
instanceKlass org/apache/commons/lang3/Validate
instanceKlass java/util/Random
instanceKlass java/util/random/RandomGenerator
instanceKlass org/apache/commons/lang3/ArrayUtils
instanceKlass org/apache/commons/lang3/Range
instanceKlass java/util/stream/ForEachOps$ForEachOp
instanceKlass java/util/stream/ForEachOps
instanceKlass  @bci org/apache/commons/text/translate/AggregateTranslator <init> ([Lorg/apache/commons/text/translate/CharSequenceTranslator;)V 42 <appendix> member <vmtarget> ; # org/apache/commons/text/translate/AggregateTranslator$$Lambda+0x0000013c9c0968a8
instanceKlass  @bci org/apache/commons/text/translate/AggregateTranslator <init> ([Lorg/apache/commons/text/translate/CharSequenceTranslator;)V 23 <appendix> argL0 ; # org/apache/commons/text/translate/AggregateTranslator$$Lambda+0x0000013c9c096658
instanceKlass java/util/Spliterators$ArraySpliterator
instanceKlass  @bci java/util/Collections$UnmodifiableMap$UnmodifiableEntrySet entryConsumer (Ljava/util/function/Consumer;)Ljava/util/function/Consumer; 1 <appendix> member <vmtarget> ; # java/util/Collections$UnmodifiableMap$UnmodifiableEntrySet$$Lambda+0x0000013c9c0c0b78
instanceKlass  @bci java/util/stream/Collectors uniqKeysMapMerger ()Ljava/util/function/BinaryOperator; 0 <appendix> argL0 ; # java/util/stream/Collectors$$Lambda+0x0000013c9c0c0930
instanceKlass  @bci java/util/stream/Collectors uniqKeysMapAccumulator (Ljava/util/function/Function;Ljava/util/function/Function;)Ljava/util/function/BiConsumer; 2 <appendix> member <vmtarget> ; # java/util/stream/Collectors$$Lambda+0x0000013c9c0c06f8
instanceKlass  @bci java/util/stream/Collectors toMap (Ljava/util/function/Function;Ljava/util/function/Function;)Ljava/util/stream/Collector; 4 <appendix> argL0 ; # java/util/stream/Collectors$$Lambda+0x0000013c9c0c04d8
instanceKlass  @bci org/apache/commons/text/translate/EntityArrays invert (Ljava/util/Map;)Ljava/util/Map; 16 <appendix> argL0 ; # org/apache/commons/text/translate/EntityArrays$$Lambda+0x0000013c9c093c60
instanceKlass  @bci org/apache/commons/text/translate/EntityArrays invert (Ljava/util/Map;)Ljava/util/Map; 11 <appendix> argL0 ; # org/apache/commons/text/translate/EntityArrays$$Lambda+0x0000013c9c093a20
instanceKlass  @cpi org/sonar/python/types/TypeInference$Propagation 206 form vmentry <vmtarget> ; # java/lang/invoke/LambdaForm$DMH+0x0000013c9c094000
instanceKlass java/util/HashMap$HashMapSpliterator
instanceKlass java/util/Collections$UnmodifiableMap$UnmodifiableEntrySet$UnmodifiableEntrySetSpliterator
instanceKlass org/apache/commons/text/translate/EntityArrays
instanceKlass java/util/Collections$UnmodifiableMap$UnmodifiableEntrySet$UnmodifiableEntry
instanceKlass java/util/Collections$UnmodifiableMap$UnmodifiableEntrySet$1
instanceKlass java/util/BitSet
instanceKlass org/apache/commons/text/translate/CharSequenceTranslator
instanceKlass org/apache/commons/text/StringEscapeUtils
instanceKlass ch/qos/logback/core/util/StringUtil
instanceKlass ch/qos/logback/classic/spi/EventArgUtil
instanceKlass java/time/Instant
instanceKlass java/time/Clock
instanceKlass java/time/InstantSource
instanceKlass ch/qos/logback/classic/spi/IThrowableProxy
instanceKlass ch/qos/logback/classic/spi/LoggingEvent
instanceKlass ch/qos/logback/core/spi/AppenderAttachableImpl
instanceKlass ch/qos/logback/core/util/ReentryGuard$NOPRentryGuard
instanceKlass ch/qos/logback/core/util/ReentryGuard
instanceKlass ch/qos/logback/core/util/ReentryGuardFactory
instanceKlass ch/qos/logback/core/util/SimpleTimeBasedGuard
instanceKlass java/util/concurrent/atomic/AtomicBoolean
instanceKlass ch/qos/logback/core/util/COWArrayList
instanceKlass ch/qos/logback/core/spi/FilterAttachableImpl
instanceKlass ch/qos/logback/core/pattern/Converter
instanceKlass java/util/regex/IntHashSet
instanceKlass java/util/regex/Matcher
instanceKlass java/util/regex/MatchResult
instanceKlass org/sonar/scanner/bootstrap/JreCompatibilityCheck
instanceKlass org/sonar/scanner/bootstrap/BootstrapDocumentationLink
instanceKlass org/slf4j/helpers/Reporter
instanceKlass java/util/concurrent/atomic/AtomicReference
instanceKlass ch/qos/logback/core/util/CachingDateFormatter$CacheTuple
instanceKlass  @bci java/time/format/DateTimeFormatter <clinit> ()V 1075 <appendix> argL0 ; # java/time/format/DateTimeFormatter$$Lambda+0x80000000d
instanceKlass  @bci java/time/format/DateTimeFormatter <clinit> ()V 1067 <appendix> argL0 ; # java/time/format/DateTimeFormatter$$Lambda+0x80000000c
instanceKlass java/time/Period
instanceKlass java/time/chrono/ChronoPeriod
instanceKlass java/time/format/DateTimeFormatterBuilder$TextPrinterParser
instanceKlass java/time/format/DateTimeTextProvider$1
instanceKlass java/time/format/DateTimeTextProvider
instanceKlass java/util/AbstractMap$SimpleImmutableEntry
instanceKlass java/time/format/DateTimeTextProvider$LocaleStore
instanceKlass java/time/format/DateTimeFormatterBuilder$InstantPrinterParser
instanceKlass java/time/format/DateTimeFormatterBuilder$StringLiteralPrinterParser
instanceKlass java/time/format/DateTimeFormatterBuilder$ZoneIdPrinterParser
instanceKlass java/time/format/DateTimeFormatterBuilder$OffsetIdPrinterParser
instanceKlass java/time/format/DecimalStyle
instanceKlass java/time/format/DateTimeFormatterBuilder$CompositePrinterParser
instanceKlass java/time/format/DateTimeFormatterBuilder$CharLiteralPrinterParser
instanceKlass java/time/format/DateTimeFormatterBuilder$NumberPrinterParser
instanceKlass java/time/format/DateTimeFormatterBuilder$DateTimePrinterParser
instanceKlass java/time/temporal/JulianFields
instanceKlass java/time/temporal/IsoFields
instanceKlass  @bci java/time/format/DateTimeFormatterBuilder <clinit> ()V 0 <appendix> argL0 ; # java/time/format/DateTimeFormatterBuilder$$Lambda+0x80000000e
instanceKlass java/time/temporal/TemporalQuery
instanceKlass java/time/format/DateTimeFormatterBuilder
instanceKlass java/time/format/DateTimeFormatter
instanceKlass java/time/chrono/AbstractChronology
instanceKlass java/time/chrono/Chronology
instanceKlass java/time/LocalTime
instanceKlass java/time/temporal/ValueRange
instanceKlass java/time/Duration
instanceKlass java/time/temporal/TemporalAmount
instanceKlass java/time/temporal/TemporalUnit
instanceKlass java/time/temporal/TemporalField
instanceKlass java/time/LocalDate
instanceKlass java/time/chrono/ChronoLocalDate
instanceKlass java/time/zone/ZoneOffsetTransition
instanceKlass java/time/LocalDateTime
instanceKlass java/time/chrono/ChronoLocalDateTime
instanceKlass java/time/temporal/TemporalAdjuster
instanceKlass java/time/temporal/Temporal
instanceKlass java/time/zone/ZoneOffsetTransitionRule
instanceKlass java/time/zone/ZoneRules
instanceKlass java/time/zone/Ser
instanceKlass java/io/Externalizable
instanceKlass java/util/Arrays$ArrayItr
instanceKlass java/time/zone/ZoneRulesProvider$1
instanceKlass java/time/zone/ZoneRulesProvider
instanceKlass sun/util/calendar/ZoneInfoFile$ZoneOffsetTransitionRule
instanceKlass java/lang/invoke/VarHandle$AccessDescriptor
instanceKlass java/lang/invoke/VarForm
instanceKlass java/lang/invoke/VarHandleGuards
instanceKlass java/lang/invoke/VarHandles
instanceKlass jdk/internal/util/ByteArray
instanceKlass sun/util/calendar/ZoneInfoFile$1
instanceKlass sun/util/calendar/ZoneInfoFile
instanceKlass java/util/TimeZone
instanceKlass java/time/ZoneId
instanceKlass ch/qos/logback/core/util/CachingDateFormatter
instanceKlass ch/qos/logback/core/util/StatusPrinter2
instanceKlass ch/qos/logback/core/util/StatusPrinter
instanceKlass  @bci ch/qos/logback/classic/util/ContextInitializer printDuration (JLch/qos/logback/classic/spi/Configurator;Lch/qos/logback/classic/spi/Configurator$ExecutionStatus;)V 31 <adapter> ; # java/lang/invoke/LambdaForm$MH+0x0000013c9c08cc00
# instanceKlass java/lang/invoke/LambdaForm$DMH+0x0000013c9c08c800
instanceKlass  @bci ch/qos/logback/classic/util/ContextInitializer printDuration (JLch/qos/logback/classic/spi/Configurator;Lch/qos/logback/classic/spi/Configurator$ExecutionStatus;)V 31 <appendix> form vmentry <vmtarget> ; # java/lang/invoke/LambdaForm$MH+0x0000013c9c08c400
# instanceKlass java/lang/invoke/LambdaForm$MH+0x0000013c9c08c000
instanceKlass  @bci ch/qos/logback/classic/util/ContextInitializer printDuration (JLch/qos/logback/classic/spi/Configurator;Lch/qos/logback/classic/spi/Configurator$ExecutionStatus;)V 31 <appendix> form names 8 function resolvedHandle form vmentry <vmtarget> ; # java/lang/invoke/LambdaForm$DMH+0x0000013c9c08bc00
instanceKlass  @bci ch/qos/logback/classic/util/ContextInitializer printDuration (JLch/qos/logback/classic/spi/Configurator;Lch/qos/logback/classic/spi/Configurator$ExecutionStatus;)V 31 <appendix> argL3 form vmentry <vmtarget> ; # java/lang/invoke/LambdaForm$MH+0x0000013c9c08b800
# instanceKlass java/lang/invoke/LambdaForm$MH+0x0000013c9c08b400
# instanceKlass java/lang/invoke/LambdaForm$MH+0x0000013c9c08b000
# instanceKlass java/lang/invoke/LambdaForm$MH+0x0000013c9c08ac00
# instanceKlass java/lang/invoke/LambdaForm$MH+0x0000013c9c08a800
# instanceKlass java/lang/invoke/LambdaForm$MH+0x0000013c9c08a400
# instanceKlass java/lang/invoke/LambdaForm$MH+0x0000013c9c08a000
instanceKlass  @bci ch/qos/logback/classic/util/ContextInitializer printDuration (JLch/qos/logback/classic/spi/Configurator;Lch/qos/logback/classic/spi/Configurator$ExecutionStatus;)V 31 <appendix> form names 12 function resolvedHandle form vmentry <vmtarget> ; # java/lang/invoke/LambdaForm$DMH+0x0000013c9c089c00
instanceKlass  @bci ch/qos/logback/classic/util/ContextInitializer printDuration (JLch/qos/logback/classic/spi/Configurator;Lch/qos/logback/classic/spi/Configurator$ExecutionStatus;)V 31 <appendix> argL1 form vmentry <vmtarget> ; # java/lang/invoke/LambdaForm$MH+0x0000013c9c089800
# instanceKlass java/lang/invoke/LambdaForm$MH+0x0000013c9c089400
instanceKlass  @bci org/sonar/plugins/python/MultiFileProgressReport logFinishTime ()V 22 <appendix> form names 10 function resolvedHandle form vmentry <vmtarget> ; # java/lang/invoke/LambdaForm$DMH+0x0000013c9c089000
instanceKlass  @bci org/sonar/plugins/python/MultiFileProgressReport logFinishTime ()V 22 <appendix> argL1 form vmentry <vmtarget> ; # java/lang/invoke/LambdaForm$MH+0x0000013c9c088c00
instanceKlass  @bci org/sonar/plugins/python/MultiFileProgressReport run ()V 19 <appendix> argL1 argL0 form vmentry <vmtarget> ; # java/lang/invoke/LambdaForm$MH+0x0000013c9c088800
# instanceKlass java/lang/invoke/LambdaForm$MH+0x0000013c9c088400
# instanceKlass java/lang/invoke/LambdaForm$MH+0x0000013c9c088000
# instanceKlass java/lang/invoke/LambdaForm$MH+0x0000013c9c080c00
# instanceKlass java/lang/invoke/LambdaForm$MH+0x0000013c9c080800
instanceKlass ch/qos/logback/core/status/StatusUtil
instanceKlass ch/qos/logback/core/joran/JoranConstants
instanceKlass ch/qos/logback/classic/util/LoggerNameUtil
instanceKlass ch/qos/logback/core/subst/NodeToStringTransformer$1
instanceKlass ch/qos/logback/core/subst/Node
instanceKlass ch/qos/logback/core/subst/Parser$1
instanceKlass ch/qos/logback/core/subst/Parser
instanceKlass ch/qos/logback/core/subst/Token
instanceKlass ch/qos/logback/core/subst/Tokenizer
instanceKlass ch/qos/logback/core/subst/NodeToStringTransformer
instanceKlass  @bci ch/qos/logback/core/model/processor/DefaultProcessor process (Lch/qos/logback/core/model/Model;)V 32 <appendix> member <vmtarget> ; # ch/qos/logback/core/model/processor/DefaultProcessor$$Lambda+0x0000013c9c087798
instanceKlass  @cpi ch/qos/logback/core/model/processor/DefaultProcessor 402 form vmentry <vmtarget> ; # java/lang/invoke/LambdaForm$DMH+0x0000013c9c080400
instanceKlass ch/qos/logback/core/model/processor/DefaultProcessor$TraverseMethod
instanceKlass  @bci ch/qos/logback/core/model/processor/AppenderRefDependencyAnalyser collectAllAppenderRefModels (Ljava/util/List;Lch/qos/logback/core/model/Model;)V 29 <appendix> member <vmtarget> ; # ch/qos/logback/core/model/processor/AppenderRefDependencyAnalyser$$Lambda+0x0000013c9c087360
instanceKlass  @bci java/util/regex/Pattern SingleI (II)Ljava/util/regex/Pattern$BmpCharPredicate; 2 <appendix> member <vmtarget> ; # java/util/regex/Pattern$$Lambda+0x0000013c9c079320
instanceKlass java/util/regex/ASCII
instanceKlass  @bci java/util/regex/CharPredicates ASCII_SPACE ()Ljava/util/regex/Pattern$BmpCharPredicate; 0 <appendix> argL0 ; # java/util/regex/CharPredicates$$Lambda+0x800000025
instanceKlass  @bci java/util/regex/Pattern DOT ()Ljava/util/regex/Pattern$CharPredicate; 0 <appendix> argL0 ; # java/util/regex/Pattern$$Lambda+0x0000013c9c078e90
instanceKlass  @bci java/util/regex/Pattern CIRange (II)Ljava/util/regex/Pattern$CharPredicate; 2 <appendix> member <vmtarget> ; # java/util/regex/Pattern$$Lambda+0x0000013c9c078c30
instanceKlass ch/qos/logback/core/util/Duration
instanceKlass ch/qos/logback/core/model/processor/ChainedModelFilter$1
instanceKlass ch/qos/logback/core/model/processor/AllowAllModelFilter
instanceKlass ch/qos/logback/core/model/processor/DenyAllModelFilter
instanceKlass  @bci ch/qos/logback/classic/joran/ModelClassToModelHandlerLinker link (Lch/qos/logback/core/model/processor/DefaultProcessor;)V 166 <appendix> member <vmtarget> ; # ch/qos/logback/classic/joran/ModelClassToModelHandlerLinker$$Lambda+0x0000013c9c0861b0
instanceKlass  @bci ch/qos/logback/classic/joran/ModelClassToModelHandlerLinker link (Lch/qos/logback/core/model/processor/DefaultProcessor;)V 154 <appendix> member <vmtarget> ; # ch/qos/logback/classic/joran/ModelClassToModelHandlerLinker$$Lambda+0x0000013c9c085f88
instanceKlass  @bci ch/qos/logback/classic/joran/ModelClassToModelHandlerLinker link (Lch/qos/logback/core/model/processor/DefaultProcessor;)V 142 <appendix> member <vmtarget> ; # ch/qos/logback/classic/joran/ModelClassToModelHandlerLinker$$Lambda+0x0000013c9c085d60
instanceKlass  @bci ch/qos/logback/classic/joran/ModelClassToModelHandlerLinker link (Lch/qos/logback/core/model/processor/DefaultProcessor;)V 130 <appendix> member <vmtarget> ; # ch/qos/logback/classic/joran/ModelClassToModelHandlerLinker$$Lambda+0x0000013c9c085b38
instanceKlass  @bci ch/qos/logback/core/model/processor/DefaultProcessor addAnalyser (Ljava/lang/Class;Ljava/util/function/Supplier;)V 5 <appendix> argL0 ; # ch/qos/logback/core/model/processor/DefaultProcessor$$Lambda+0x0000013c9c0858f8
instanceKlass  @bci ch/qos/logback/classic/joran/ModelClassToModelHandlerLinker link (Lch/qos/logback/core/model/processor/DefaultProcessor;)V 118 <appendix> member <vmtarget> ; # ch/qos/logback/classic/joran/ModelClassToModelHandlerLinker$$Lambda+0x0000013c9c0856d0
instanceKlass  @bci ch/qos/logback/classic/joran/ModelClassToModelHandlerLinker link (Lch/qos/logback/core/model/processor/DefaultProcessor;)V 106 <appendix> argL0 ; # ch/qos/logback/classic/joran/ModelClassToModelHandlerLinker$$Lambda+0x0000013c9c0854b0
instanceKlass  @bci ch/qos/logback/classic/joran/ModelClassToModelHandlerLinker link (Lch/qos/logback/core/model/processor/DefaultProcessor;)V 95 <appendix> argL0 ; # ch/qos/logback/classic/joran/ModelClassToModelHandlerLinker$$Lambda+0x0000013c9c084cf8
instanceKlass  @bci ch/qos/logback/classic/joran/ModelClassToModelHandlerLinker link (Lch/qos/logback/core/model/processor/DefaultProcessor;)V 84 <appendix> argL0 ; # ch/qos/logback/classic/joran/ModelClassToModelHandlerLinker$$Lambda+0x0000013c9c0847f0
instanceKlass  @bci ch/qos/logback/classic/joran/ModelClassToModelHandlerLinker link (Lch/qos/logback/core/model/processor/DefaultProcessor;)V 73 <appendix> argL0 ; # ch/qos/logback/classic/joran/ModelClassToModelHandlerLinker$$Lambda+0x0000013c9c0842e8
# instanceKlass java/lang/invoke/LambdaForm$MH+0x0000013c9c080000
instanceKlass java/lang/reflect/Proxy$ProxyBuilder$1
instanceKlass jdk/internal/org/objectweb/asm/Edge
instanceKlass  @bci java/lang/reflect/ProxyGenerator addProxyMethod (Ljava/lang/reflect/Method;Ljava/lang/Class;)V 23 <appendix> argL0 ; # java/lang/reflect/ProxyGenerator$$Lambda+0x0000013c9c077ca0
instanceKlass  @bci java/lang/reflect/ProxyGenerator addProxyMethod (Ljava/lang/reflect/ProxyGenerator$ProxyMethod;)V 10 <appendix> argL0 ; # java/lang/reflect/ProxyGenerator$$Lambda+0x0000013c9c077a60
instanceKlass java/util/StringJoiner
instanceKlass java/lang/reflect/ProxyGenerator$ProxyMethod
instanceKlass  @bci java/lang/reflect/Proxy getLoader (Ljava/lang/Module;)Ljava/lang/ClassLoader; 6 <appendix> member <vmtarget> ; # java/lang/reflect/Proxy$$Lambda+0x0000013c9c0770a8
instanceKlass  @bci java/lang/WeakPairMap computeIfAbsent (Ljava/lang/Object;Ljava/lang/Object;Ljava/util/function/BiFunction;)Ljava/lang/Object; 18 <appendix> member <vmtarget> ; # java/lang/WeakPairMap$$Lambda+0x0000013c9c076c50
instanceKlass  @bci java/lang/Module implAddExportsOrOpens (Ljava/lang/String;Ljava/lang/Module;ZZ)V 145 <appendix> argL0 ; # java/lang/Module$$Lambda+0x0000013c9c076a20
instanceKlass  @bci java/lang/module/ModuleDescriptor$Builder packages (Ljava/util/Set;)Ljava/lang/module/ModuleDescriptor$Builder; 17 <appendix> argL0 ; # java/lang/module/ModuleDescriptor$Builder$$Lambda+0x800000002
instanceKlass java/lang/WeakPairMap$Pair$Lookup
instanceKlass java/lang/WeakPairMap$Pair
instanceKlass java/lang/WeakPairMap
instanceKlass java/lang/Module$ReflectionData
instanceKlass jdk/internal/module/Checks
instanceKlass java/lang/module/ModuleDescriptor$Builder
instanceKlass  @bci java/lang/reflect/Proxy$ProxyBuilder getDynamicModule (Ljava/lang/ClassLoader;)Ljava/lang/Module; 4 <appendix> argL0 ; # java/lang/reflect/Proxy$ProxyBuilder$$Lambda+0x0000013c9c0760c8
instanceKlass java/lang/PublicMethods
instanceKlass java/util/Collections$1
instanceKlass java/lang/reflect/Proxy$ProxyBuilder
instanceKlass  @bci java/lang/reflect/Proxy getProxyConstructor (Ljava/lang/Class;Ljava/lang/ClassLoader;[Ljava/lang/Class;)Ljava/lang/reflect/Constructor; 35 <appendix> argL0 ; # java/lang/reflect/Proxy$$Lambda+0x0000013c9c074df8
instanceKlass java/lang/reflect/Proxy
instanceKlass sun/reflect/annotation/AnnotationInvocationHandler
instanceKlass java/lang/reflect/InvocationHandler
instanceKlass sun/reflect/annotation/AnnotationParser$1
instanceKlass java/lang/annotation/Target
instanceKlass java/lang/annotation/Inherited
instanceKlass java/lang/annotation/Retention
instanceKlass sun/reflect/annotation/ExceptionProxy
instanceKlass sun/reflect/annotation/AnnotationType$1
instanceKlass sun/reflect/annotation/AnnotationType
instanceKlass java/lang/reflect/GenericArrayType
instanceKlass sun/reflect/generics/visitor/Reifier
instanceKlass sun/reflect/generics/visitor/TypeTreeVisitor
instanceKlass sun/reflect/generics/factory/CoreReflectionFactory
instanceKlass sun/reflect/generics/factory/GenericsFactory
instanceKlass sun/reflect/generics/scope/AbstractScope
instanceKlass sun/reflect/generics/scope/Scope
instanceKlass sun/reflect/generics/tree/ClassTypeSignature
instanceKlass sun/reflect/generics/tree/SimpleClassTypeSignature
instanceKlass sun/reflect/generics/tree/FieldTypeSignature
instanceKlass sun/reflect/generics/tree/BaseType
instanceKlass sun/reflect/generics/tree/TypeSignature
instanceKlass sun/reflect/generics/tree/ReturnType
instanceKlass sun/reflect/generics/tree/TypeArgument
instanceKlass sun/reflect/generics/tree/TypeTree
instanceKlass sun/reflect/generics/tree/Tree
instanceKlass sun/reflect/generics/parser/SignatureParser
instanceKlass  @bci ch/qos/logback/classic/joran/ModelClassToModelHandlerLinker link (Lch/qos/logback/core/model/processor/DefaultProcessor;)V 62 <appendix> argL0 ; # ch/qos/logback/classic/joran/ModelClassToModelHandlerLinker$$Lambda+0x0000013c9c03fa98
instanceKlass  @bci ch/qos/logback/classic/joran/ModelClassToModelHandlerLinker link (Lch/qos/logback/core/model/processor/DefaultProcessor;)V 51 <appendix> argL0 ; # ch/qos/logback/classic/joran/ModelClassToModelHandlerLinker$$Lambda+0x0000013c9c03f590
instanceKlass  @bci ch/qos/logback/classic/joran/ModelClassToModelHandlerLinker link (Lch/qos/logback/core/model/processor/DefaultProcessor;)V 40 <appendix> argL0 ; # ch/qos/logback/classic/joran/ModelClassToModelHandlerLinker$$Lambda+0x0000013c9c03edb0
instanceKlass  @bci ch/qos/logback/classic/joran/ModelClassToModelHandlerLinker link (Lch/qos/logback/core/model/processor/DefaultProcessor;)V 29 <appendix> argL0 ; # ch/qos/logback/classic/joran/ModelClassToModelHandlerLinker$$Lambda+0x0000013c9c03e568
instanceKlass  @bci ch/qos/logback/classic/joran/ModelClassToModelHandlerLinker link (Lch/qos/logback/core/model/processor/DefaultProcessor;)V 18 <appendix> argL0 ; # ch/qos/logback/classic/joran/ModelClassToModelHandlerLinker$$Lambda+0x0000013c9c03dda0
instanceKlass  @bci ch/qos/logback/core/joran/ModelClassToModelHandlerLinkerBase link (Lch/qos/logback/core/model/processor/DefaultProcessor;)V 190 <appendix> argL0 ; # ch/qos/logback/core/joran/ModelClassToModelHandlerLinkerBase$$Lambda+0x0000013c9c03d5c0
instanceKlass ch/qos/logback/core/sift/AppenderFactory
instanceKlass  @bci ch/qos/logback/core/joran/ModelClassToModelHandlerLinkerBase link (Lch/qos/logback/core/model/processor/DefaultProcessor;)V 179 <appendix> argL0 ; # ch/qos/logback/core/joran/ModelClassToModelHandlerLinkerBase$$Lambda+0x0000013c9c03cec0
instanceKlass  @bci ch/qos/logback/core/joran/ModelClassToModelHandlerLinkerBase link (Lch/qos/logback/core/model/processor/DefaultProcessor;)V 168 <appendix> argL0 ; # ch/qos/logback/core/joran/ModelClassToModelHandlerLinkerBase$$Lambda+0x0000013c9c03c9c0
instanceKlass  @bci ch/qos/logback/core/joran/ModelClassToModelHandlerLinkerBase link (Lch/qos/logback/core/model/processor/DefaultProcessor;)V 157 <appendix> argL0 ; # ch/qos/logback/core/joran/ModelClassToModelHandlerLinkerBase$$Lambda+0x0000013c9c03c4c0
instanceKlass  @bci ch/qos/logback/core/joran/ModelClassToModelHandlerLinkerBase link (Lch/qos/logback/core/model/processor/DefaultProcessor;)V 146 <appendix> argL0 ; # ch/qos/logback/core/joran/ModelClassToModelHandlerLinkerBase$$Lambda+0x0000013c9c03bfc0
instanceKlass  @bci ch/qos/logback/core/joran/ModelClassToModelHandlerLinkerBase link (Lch/qos/logback/core/model/processor/DefaultProcessor;)V 135 <appendix> argL0 ; # ch/qos/logback/core/joran/ModelClassToModelHandlerLinkerBase$$Lambda+0x0000013c9c03bab8
instanceKlass ch/qos/logback/core/joran/action/ImplicitModelData
instanceKlass  @bci ch/qos/logback/core/joran/ModelClassToModelHandlerLinkerBase link (Lch/qos/logback/core/model/processor/DefaultProcessor;)V 124 <appendix> argL0 ; # ch/qos/logback/core/joran/ModelClassToModelHandlerLinkerBase$$Lambda+0x0000013c9c03af38
instanceKlass  @bci ch/qos/logback/core/joran/ModelClassToModelHandlerLinkerBase link (Lch/qos/logback/core/model/processor/DefaultProcessor;)V 113 <appendix> argL0 ; # ch/qos/logback/core/joran/ModelClassToModelHandlerLinkerBase$$Lambda+0x0000013c9c03aa30
instanceKlass  @bci ch/qos/logback/core/joran/ModelClassToModelHandlerLinkerBase link (Lch/qos/logback/core/model/processor/DefaultProcessor;)V 102 <appendix> argL0 ; # ch/qos/logback/core/joran/ModelClassToModelHandlerLinkerBase$$Lambda+0x0000013c9c03a530
instanceKlass  @bci ch/qos/logback/core/joran/ModelClassToModelHandlerLinkerBase link (Lch/qos/logback/core/model/processor/DefaultProcessor;)V 91 <appendix> argL0 ; # ch/qos/logback/core/joran/ModelClassToModelHandlerLinkerBase$$Lambda+0x0000013c9c03a030
instanceKlass  @bci ch/qos/logback/core/joran/ModelClassToModelHandlerLinkerBase link (Lch/qos/logback/core/model/processor/DefaultProcessor;)V 80 <appendix> argL0 ; # ch/qos/logback/core/joran/ModelClassToModelHandlerLinkerBase$$Lambda+0x0000013c9c039b30
instanceKlass  @bci ch/qos/logback/core/joran/ModelClassToModelHandlerLinkerBase link (Lch/qos/logback/core/model/processor/DefaultProcessor;)V 69 <appendix> argL0 ; # ch/qos/logback/core/joran/ModelClassToModelHandlerLinkerBase$$Lambda+0x0000013c9c038cf0
instanceKlass  @bci ch/qos/logback/core/joran/ModelClassToModelHandlerLinkerBase link (Lch/qos/logback/core/model/processor/DefaultProcessor;)V 58 <appendix> argL0 ; # ch/qos/logback/core/joran/ModelClassToModelHandlerLinkerBase$$Lambda+0x0000013c9c0387e8
instanceKlass  @bci ch/qos/logback/core/joran/ModelClassToModelHandlerLinkerBase link (Lch/qos/logback/core/model/processor/DefaultProcessor;)V 47 <appendix> argL0 ; # ch/qos/logback/core/joran/ModelClassToModelHandlerLinkerBase$$Lambda+0x0000013c9c0382e8
instanceKlass  @bci ch/qos/logback/core/joran/ModelClassToModelHandlerLinkerBase link (Lch/qos/logback/core/model/processor/DefaultProcessor;)V 36 <appendix> argL0 ; # ch/qos/logback/core/joran/ModelClassToModelHandlerLinkerBase$$Lambda+0x0000013c9c030c00
instanceKlass java/time/temporal/TemporalAccessor
instanceKlass  @bci ch/qos/logback/core/joran/ModelClassToModelHandlerLinkerBase link (Lch/qos/logback/core/model/processor/DefaultProcessor;)V 25 <appendix> argL0 ; # ch/qos/logback/core/joran/ModelClassToModelHandlerLinkerBase$$Lambda+0x0000013c9c0319f0
instanceKlass  @bci ch/qos/logback/core/joran/ModelClassToModelHandlerLinkerBase link (Lch/qos/logback/core/model/processor/DefaultProcessor;)V 14 <appendix> argL0 ; # ch/qos/logback/core/joran/ModelClassToModelHandlerLinkerBase$$Lambda+0x0000013c9c0314e8
instanceKlass ch/qos/logback/core/hook/ShutdownHook
instanceKlass ch/qos/logback/core/model/processor/AllowModelFilter
instanceKlass ch/qos/logback/core/model/processor/DefaultProcessor$1
instanceKlass java/lang/Class$AnnotationData
instanceKlass ch/qos/logback/core/model/processor/PhaseIndicator
instanceKlass  @bci ch/qos/logback/core/joran/ModelClassToModelHandlerLinkerBase link (Lch/qos/logback/core/model/processor/DefaultProcessor;)V 3 <appendix> argL0 ; # ch/qos/logback/core/joran/ModelClassToModelHandlerLinkerBase$$Lambda+0x0000013c9c0332b8
instanceKlass  @bci ch/qos/logback/classic/joran/JoranConfigurator addModelHandlerAssociations (Lch/qos/logback/core/model/processor/DefaultProcessor;)V 13 <appendix> argL0 ; # ch/qos/logback/classic/joran/JoranConfigurator$$Lambda+0x0000013c9c032db0
instanceKlass  @cpi org/sonar/python/checks/AwsExpectedBucketOwnerCheck 511 form vmentry <vmtarget> ; # java/lang/invoke/LambdaForm$DMH+0x0000013c9c030800
instanceKlass ch/qos/logback/core/model/ModelHandlerFactoryMethod
instanceKlass ch/qos/logback/core/joran/ModelClassToModelHandlerLinkerBase
instanceKlass ch/qos/logback/core/model/processor/ChainedModelFilter
instanceKlass ch/qos/logback/core/model/processor/ModelFilter
instanceKlass  @bci ch/qos/logback/classic/joran/JoranConfigurator buildModelInterpretationContext ()V 9 <appendix> member <vmtarget> ; # ch/qos/logback/classic/joran/JoranConfigurator$$Lambda+0x0000013c9c036890
instanceKlass ch/qos/logback/core/net/ssl/SSLComponent
instanceKlass ch/qos/logback/core/net/ssl/SSLNestedComponentRegistryRules
instanceKlass ch/qos/logback/core/boolex/EventEvaluator
instanceKlass ch/qos/logback/core/joran/spi/HostClassAndPropertyDouble
instanceKlass ch/qos/logback/core/net/ssl/SecureRandomFactoryBean
instanceKlass ch/qos/logback/core/net/ssl/TrustManagerFactoryFactoryBean
instanceKlass ch/qos/logback/core/net/ssl/KeyManagerFactoryFactoryBean
instanceKlass ch/qos/logback/core/net/ssl/KeyStoreFactoryBean
instanceKlass ch/qos/logback/core/net/ssl/SSLContextFactoryBean
instanceKlass ch/qos/logback/core/Layout
instanceKlass ch/qos/logback/core/joran/util/ParentTag_Tag_Class_Tuple
instanceKlass ch/qos/logback/classic/model/processor/LogbackClassicDefaultNestedComponentRules
instanceKlass ch/qos/logback/core/joran/spi/DefaultNestedComponentRegistry
instanceKlass ch/qos/logback/core/spi/ContextAwarePropertyContainer
instanceKlass  @bci ch/qos/logback/core/joran/sanity/SanityChecker deepFindNestedSubModelsOfType (Ljava/lang/Class;Ljava/util/List;)Ljava/util/List; 76 <appendix> member <vmtarget> ; # ch/qos/logback/core/joran/sanity/SanityChecker$$Lambda+0x0000013c9c02c560
instanceKlass  @cpi org/sonar/python/types/TypeInferenceProgramState 218 form vmentry <vmtarget> ; # java/lang/invoke/LambdaForm$DMH+0x0000013c9c030400
instanceKlass  @bci ch/qos/logback/core/joran/sanity/SanityChecker deepFindNestedSubModelsOfType (Ljava/lang/Class;Ljava/util/List;)Ljava/util/List; 61 <appendix> member <vmtarget> ; # ch/qos/logback/core/joran/sanity/SanityChecker$$Lambda+0x0000013c9c02c328
instanceKlass  @cpi ch/qos/logback/core/joran/sanity/SanityChecker 107 form vmentry <vmtarget> ; # java/lang/invoke/LambdaForm$DMH+0x0000013c9c030000
instanceKlass java/util/stream/Sink$ChainedReference
instanceKlass java/util/stream/ReduceOps$AccumulatingSink
instanceKlass java/util/stream/TerminalSink
instanceKlass java/util/stream/Sink
instanceKlass java/util/stream/ReduceOps$Box
instanceKlass java/util/stream/ReduceOps$ReduceOp
instanceKlass java/util/stream/TerminalOp
instanceKlass java/util/stream/ReduceOps
instanceKlass  @bci java/util/stream/Collectors castingIdentity ()Ljava/util/function/Function; 0 <appendix> argL0 ; # java/util/stream/Collectors$$Lambda+0x800000041
instanceKlass  @bci java/util/stream/Collectors toList ()Ljava/util/stream/Collector; 14 <appendix> argL0 ; # java/util/stream/Collectors$$Lambda+0x0000013c9c06f930
instanceKlass java/util/function/BinaryOperator
instanceKlass  @bci java/util/stream/Collectors toList ()Ljava/util/stream/Collector; 9 <appendix> argL0 ; # java/util/stream/Collectors$$Lambda+0x0000013c9c06f700
instanceKlass java/util/function/BiConsumer
instanceKlass  @bci java/util/stream/Collectors toList ()Ljava/util/stream/Collector; 4 <appendix> argL0 ; # java/util/stream/Collectors$$Lambda+0x0000013c9c06f4e0
instanceKlass java/util/stream/Collector
instanceKlass java/util/Collections$UnmodifiableCollection
instanceKlass java/util/stream/Collectors
instanceKlass  @bci ch/qos/logback/core/joran/sanity/AppenderWithinAppenderSanityChecker check (Lch/qos/logback/core/model/Model;)V 36 <appendix> member <vmtarget> ; # ch/qos/logback/core/joran/sanity/AppenderWithinAppenderSanityChecker$$Lambda+0x0000013c9c02bb18
instanceKlass ch/qos/logback/core/joran/sanity/Pair
instanceKlass java/util/function/Predicate
instanceKlass java/util/ArrayList$ArrayListSpliterator
instanceKlass  @bci ch/qos/logback/core/joran/JoranConfiguratorBase setImplicitRuleSupplier (Lch/qos/logback/core/joran/spi/SaxEventInterpreter;)V 1 <appendix> argL0 ; # ch/qos/logback/core/joran/JoranConfiguratorBase$$Lambda+0x0000013c9c02ab00
instanceKlass ch/qos/logback/core/joran/spi/EventPlayer
instanceKlass ch/qos/logback/core/joran/spi/SaxEventInterpreter
instanceKlass  @bci ch/qos/logback/classic/joran/JoranConfigurator addElementSelectorAndActionAssociations (Lch/qos/logback/core/joran/spi/RuleStore;)V 255 <appendix> argL0 ; # ch/qos/logback/classic/joran/JoranConfigurator$$Lambda+0x0000013c9c029320
instanceKlass  @bci ch/qos/logback/classic/joran/JoranConfigurator addElementSelectorAndActionAssociations (Lch/qos/logback/core/joran/spi/RuleStore;)V 235 <appendix> argL0 ; # ch/qos/logback/classic/joran/JoranConfigurator$$Lambda+0x0000013c9c029100
instanceKlass  @bci ch/qos/logback/classic/joran/JoranConfigurator addElementSelectorAndActionAssociations (Lch/qos/logback/core/joran/spi/RuleStore;)V 215 <appendix> argL0 ; # ch/qos/logback/classic/joran/JoranConfigurator$$Lambda+0x0000013c9c028ee0
instanceKlass  @bci ch/qos/logback/classic/joran/JoranConfigurator addElementSelectorAndActionAssociations (Lch/qos/logback/core/joran/spi/RuleStore;)V 195 <appendix> argL0 ; # ch/qos/logback/classic/joran/JoranConfigurator$$Lambda+0x0000013c9c028cc0
instanceKlass  @bci ch/qos/logback/classic/joran/JoranConfigurator addElementSelectorAndActionAssociations (Lch/qos/logback/core/joran/spi/RuleStore;)V 175 <appendix> argL0 ; # ch/qos/logback/classic/joran/JoranConfigurator$$Lambda+0x0000013c9c028aa0
instanceKlass  @bci ch/qos/logback/classic/joran/JoranConfigurator addElementSelectorAndActionAssociations (Lch/qos/logback/core/joran/spi/RuleStore;)V 155 <appendix> argL0 ; # ch/qos/logback/classic/joran/JoranConfigurator$$Lambda+0x0000013c9c028880
instanceKlass  @bci ch/qos/logback/classic/joran/JoranConfigurator addElementSelectorAndActionAssociations (Lch/qos/logback/core/joran/spi/RuleStore;)V 135 <appendix> argL0 ; # ch/qos/logback/classic/joran/JoranConfigurator$$Lambda+0x0000013c9c028660
instanceKlass  @bci ch/qos/logback/classic/joran/JoranConfigurator addElementSelectorAndActionAssociations (Lch/qos/logback/core/joran/spi/RuleStore;)V 115 <appendix> argL0 ; # ch/qos/logback/classic/joran/JoranConfigurator$$Lambda+0x0000013c9c028440
instanceKlass  @bci ch/qos/logback/classic/joran/JoranConfigurator addElementSelectorAndActionAssociations (Lch/qos/logback/core/joran/spi/RuleStore;)V 95 <appendix> argL0 ; # ch/qos/logback/classic/joran/JoranConfigurator$$Lambda+0x0000013c9c028220
instanceKlass  @bci ch/qos/logback/classic/joran/JoranConfigurator addElementSelectorAndActionAssociations (Lch/qos/logback/core/joran/spi/RuleStore;)V 75 <appendix> argL0 ; # ch/qos/logback/classic/joran/JoranConfigurator$$Lambda+0x0000013c9c028000
instanceKlass  @bci ch/qos/logback/classic/joran/JoranConfigurator addElementSelectorAndActionAssociations (Lch/qos/logback/core/joran/spi/RuleStore;)V 55 <appendix> argL0 ; # ch/qos/logback/classic/joran/JoranConfigurator$$Lambda+0x0000013c9c027c20
instanceKlass  @bci ch/qos/logback/classic/joran/JoranConfigurator addElementSelectorAndActionAssociations (Lch/qos/logback/core/joran/spi/RuleStore;)V 35 <appendix> argL0 ; # ch/qos/logback/classic/joran/JoranConfigurator$$Lambda+0x0000013c9c027a00
instanceKlass  @bci ch/qos/logback/classic/joran/JoranConfigurator addElementSelectorAndActionAssociations (Lch/qos/logback/core/joran/spi/RuleStore;)V 15 <appendix> argL0 ; # ch/qos/logback/classic/joran/JoranConfigurator$$Lambda+0x0000013c9c0277e0
instanceKlass  @bci ch/qos/logback/core/joran/JoranConfiguratorBase addElementSelectorAndActionAssociations (Lch/qos/logback/core/joran/spi/RuleStore;)V 454 <appendix> argL0 ; # ch/qos/logback/core/joran/JoranConfiguratorBase$$Lambda+0x0000013c9c0275c0
instanceKlass  @bci ch/qos/logback/core/joran/JoranConfiguratorBase addElementSelectorAndActionAssociations (Lch/qos/logback/core/joran/spi/RuleStore;)V 426 <appendix> argL0 ; # ch/qos/logback/core/joran/JoranConfiguratorBase$$Lambda+0x0000013c9c026de8
instanceKlass  @bci ch/qos/logback/core/joran/JoranConfiguratorBase addElementSelectorAndActionAssociations (Lch/qos/logback/core/joran/spi/RuleStore;)V 398 <appendix> argL0 ; # ch/qos/logback/core/joran/JoranConfiguratorBase$$Lambda+0x0000013c9c026610
instanceKlass  @bci ch/qos/logback/core/joran/JoranConfiguratorBase addElementSelectorAndActionAssociations (Lch/qos/logback/core/joran/spi/RuleStore;)V 370 <appendix> argL0 ; # ch/qos/logback/core/joran/JoranConfiguratorBase$$Lambda+0x0000013c9c025e38
instanceKlass  @bci ch/qos/logback/core/joran/JoranConfiguratorBase addElementSelectorAndActionAssociations (Lch/qos/logback/core/joran/spi/RuleStore;)V 350 <appendix> argL0 ; # ch/qos/logback/core/joran/JoranConfiguratorBase$$Lambda+0x0000013c9c025630
instanceKlass  @bci ch/qos/logback/core/joran/JoranConfiguratorBase addElementSelectorAndActionAssociations (Lch/qos/logback/core/joran/spi/RuleStore;)V 330 <appendix> argL0 ; # ch/qos/logback/core/joran/JoranConfiguratorBase$$Lambda+0x0000013c9c024e40
instanceKlass  @bci ch/qos/logback/core/joran/JoranConfiguratorBase addElementSelectorAndActionAssociations (Lch/qos/logback/core/joran/spi/RuleStore;)V 310 <appendix> argL0 ; # ch/qos/logback/core/joran/JoranConfiguratorBase$$Lambda+0x0000013c9c024620
instanceKlass  @bci ch/qos/logback/core/joran/JoranConfiguratorBase addElementSelectorAndActionAssociations (Lch/qos/logback/core/joran/spi/RuleStore;)V 290 <appendix> argL0 ; # ch/qos/logback/core/joran/JoranConfiguratorBase$$Lambda+0x0000013c9c024100
instanceKlass  @bci ch/qos/logback/core/joran/JoranConfiguratorBase addElementSelectorAndActionAssociations (Lch/qos/logback/core/joran/spi/RuleStore;)V 270 <appendix> argL0 ; # ch/qos/logback/core/joran/JoranConfiguratorBase$$Lambda+0x0000013c9c023c28
instanceKlass  @bci ch/qos/logback/core/joran/JoranConfiguratorBase addElementSelectorAndActionAssociations (Lch/qos/logback/core/joran/spi/RuleStore;)V 250 <appendix> argL0 ; # ch/qos/logback/core/joran/JoranConfiguratorBase$$Lambda+0x0000013c9c023400
instanceKlass  @bci ch/qos/logback/core/joran/JoranConfiguratorBase addElementSelectorAndActionAssociations (Lch/qos/logback/core/joran/spi/RuleStore;)V 230 <appendix> argL0 ; # ch/qos/logback/core/joran/JoranConfiguratorBase$$Lambda+0x0000013c9c022c10
instanceKlass  @bci ch/qos/logback/core/joran/JoranConfiguratorBase addElementSelectorAndActionAssociations (Lch/qos/logback/core/joran/spi/RuleStore;)V 210 <appendix> argL0 ; # ch/qos/logback/core/joran/JoranConfiguratorBase$$Lambda+0x0000013c9c022400
instanceKlass  @bci ch/qos/logback/core/joran/JoranConfiguratorBase addElementSelectorAndActionAssociations (Lch/qos/logback/core/joran/spi/RuleStore;)V 190 <appendix> argL0 ; # ch/qos/logback/core/joran/JoranConfiguratorBase$$Lambda+0x0000013c9c021ee8
instanceKlass  @bci ch/qos/logback/core/joran/JoranConfiguratorBase addElementSelectorAndActionAssociations (Lch/qos/logback/core/joran/spi/RuleStore;)V 170 <appendix> argL0 ; # ch/qos/logback/core/joran/JoranConfiguratorBase$$Lambda+0x0000013c9c0216c0
instanceKlass  @bci ch/qos/logback/core/joran/JoranConfiguratorBase addElementSelectorAndActionAssociations (Lch/qos/logback/core/joran/spi/RuleStore;)V 150 <appendix> argL0 ; # ch/qos/logback/core/joran/JoranConfiguratorBase$$Lambda+0x0000013c9c020b98
instanceKlass  @bci ch/qos/logback/core/joran/JoranConfiguratorBase addElementSelectorAndActionAssociations (Lch/qos/logback/core/joran/spi/RuleStore;)V 130 <appendix> argL0 ; # ch/qos/logback/core/joran/JoranConfiguratorBase$$Lambda+0x0000013c9c019d78
instanceKlass  @bci ch/qos/logback/core/joran/JoranConfiguratorBase addElementSelectorAndActionAssociations (Lch/qos/logback/core/joran/spi/RuleStore;)V 110 <appendix> argL0 ; # ch/qos/logback/core/joran/JoranConfiguratorBase$$Lambda+0x0000013c9c01bd80
instanceKlass  @bci ch/qos/logback/core/joran/JoranConfiguratorBase addElementSelectorAndActionAssociations (Lch/qos/logback/core/joran/spi/RuleStore;)V 90 <appendix> argL0 ; # ch/qos/logback/core/joran/JoranConfiguratorBase$$Lambda+0x0000013c9c01b850
instanceKlass  @bci ch/qos/logback/core/joran/JoranConfiguratorBase addElementSelectorAndActionAssociations (Lch/qos/logback/core/joran/spi/RuleStore;)V 70 <appendix> argL0 ; # ch/qos/logback/core/joran/JoranConfiguratorBase$$Lambda+0x0000013c9c01b000
instanceKlass  @bci ch/qos/logback/core/joran/JoranConfiguratorBase addElementSelectorAndActionAssociations (Lch/qos/logback/core/joran/spi/RuleStore;)V 50 <appendix> argL0 ; # ch/qos/logback/core/joran/JoranConfiguratorBase$$Lambda+0x0000013c9c01a818
instanceKlass  @bci ch/qos/logback/core/joran/JoranConfiguratorBase addElementSelectorAndActionAssociations (Lch/qos/logback/core/joran/spi/RuleStore;)V 30 <appendix> argL0 ; # ch/qos/logback/core/joran/JoranConfiguratorBase$$Lambda+0x0000013c9c01a5f8
instanceKlass  @bci ch/qos/logback/core/joran/JoranConfiguratorBase addElementSelectorAndActionAssociations (Lch/qos/logback/core/joran/spi/RuleStore;)V 10 <appendix> argL0 ; # ch/qos/logback/core/joran/JoranConfiguratorBase$$Lambda+0x0000013c9c01fd58
instanceKlass ch/qos/logback/core/model/INamedModel
instanceKlass ch/qos/logback/core/model/Model
instanceKlass org/xml/sax/helpers/AttributesImpl
instanceKlass org/xml/sax/helpers/LocatorImpl
instanceKlass ch/qos/logback/core/joran/event/SaxEvent
instanceKlass com/sun/org/apache/xerces/internal/impl/Constants$ArrayEnumeration
instanceKlass com/sun/org/apache/xerces/internal/impl/Constants
instanceKlass com/sun/org/apache/xerces/internal/impl/dtd/XMLContentSpec
instanceKlass com/sun/org/apache/xerces/internal/impl/dtd/models/ContentModelValidator
instanceKlass com/sun/org/apache/xerces/internal/impl/dtd/DTDGrammar
instanceKlass com/sun/org/apache/xerces/internal/xni/grammars/Grammar
instanceKlass com/sun/org/apache/xerces/internal/impl/validation/EntityState
instanceKlass com/sun/org/apache/xerces/internal/parsers/AbstractSAXParser$LocatorProxy
instanceKlass org/xml/sax/ext/Locator2
instanceKlass org/xml/sax/Locator
instanceKlass com/sun/org/apache/xerces/internal/util/XMLSymbols
instanceKlass com/sun/org/apache/xerces/internal/util/XMLChar
instanceKlass com/sun/xml/internal/stream/Entity
instanceKlass com/sun/xml/internal/stream/util/BufferAllocator
instanceKlass com/sun/xml/internal/stream/util/ThreadLocalBufferAllocator
instanceKlass com/sun/org/apache/xerces/internal/impl/XMLEntityManager$EncodingInfo
instanceKlass com/sun/org/apache/xerces/internal/util/URI
instanceKlass com/sun/org/apache/xerces/internal/utils/XMLLimitAnalyzer
instanceKlass com/sun/org/apache/xerces/internal/xni/parser/XMLInputSource
instanceKlass com/sun/org/apache/xerces/internal/util/ErrorHandlerWrapper
instanceKlass com/sun/org/apache/xerces/internal/xni/parser/XMLErrorHandler
instanceKlass com/sun/org/apache/xerces/internal/impl/ExternalSubsetResolver
instanceKlass com/sun/org/apache/xerces/internal/util/EntityResolverWrapper
instanceKlass org/xml/sax/ext/EntityResolver2
instanceKlass com/sun/org/apache/xerces/internal/parsers/AbstractSAXParser$AttributesProxy
instanceKlass org/xml/sax/ext/Attributes2
instanceKlass org/xml/sax/Attributes
instanceKlass org/xml/sax/AttributeList
instanceKlass com/sun/org/apache/xerces/internal/util/FeatureState
instanceKlass com/sun/org/apache/xerces/internal/util/PropertyState
instanceKlass com/sun/org/apache/xerces/internal/impl/msg/XMLMessageFormatter
instanceKlass com/sun/org/apache/xerces/internal/util/MessageFormatter
instanceKlass com/sun/org/apache/xerces/internal/impl/XMLVersionDetector
instanceKlass com/sun/org/apache/xerces/internal/impl/validation/ValidationManager
instanceKlass com/sun/org/apache/xerces/internal/impl/dv/dtd/NMTOKENDatatypeValidator
instanceKlass com/sun/org/apache/xerces/internal/impl/dv/dtd/NOTATIONDatatypeValidator
instanceKlass com/sun/org/apache/xerces/internal/impl/dv/dtd/ENTITYDatatypeValidator
instanceKlass com/sun/org/apache/xerces/internal/impl/dv/dtd/ListDatatypeValidator
instanceKlass com/sun/org/apache/xerces/internal/impl/dv/dtd/IDREFDatatypeValidator
instanceKlass com/sun/org/apache/xerces/internal/impl/dv/dtd/IDDatatypeValidator
instanceKlass com/sun/org/apache/xerces/internal/impl/dv/dtd/StringDatatypeValidator
instanceKlass com/sun/org/apache/xerces/internal/impl/dv/DatatypeValidator
instanceKlass com/sun/org/apache/xerces/internal/impl/dv/DTDDVFactory
instanceKlass com/sun/org/apache/xerces/internal/impl/dtd/DTDGrammarBucket
instanceKlass com/sun/org/apache/xerces/internal/impl/dtd/XMLAttributeDecl
instanceKlass com/sun/org/apache/xerces/internal/impl/dtd/XMLSimpleType
instanceKlass com/sun/org/apache/xerces/internal/impl/dtd/XMLElementDecl
instanceKlass com/sun/org/apache/xerces/internal/impl/validation/ValidationState
instanceKlass com/sun/org/apache/xerces/internal/impl/dv/ValidationContext
instanceKlass com/sun/org/apache/xerces/internal/impl/dtd/XMLDTDValidator
instanceKlass com/sun/org/apache/xerces/internal/impl/RevalidationHandler
instanceKlass com/sun/org/apache/xerces/internal/impl/dtd/XMLDTDValidatorFilter
instanceKlass com/sun/org/apache/xerces/internal/xni/parser/XMLDocumentFilter
instanceKlass com/sun/org/apache/xerces/internal/impl/dtd/XMLEntityDecl
instanceKlass com/sun/org/apache/xerces/internal/impl/dtd/XMLDTDProcessor
instanceKlass com/sun/org/apache/xerces/internal/xni/parser/XMLDTDContentModelFilter
instanceKlass com/sun/org/apache/xerces/internal/xni/parser/XMLDTDFilter
instanceKlass com/sun/org/apache/xerces/internal/xni/parser/XMLDTDScanner
instanceKlass com/sun/org/apache/xerces/internal/xni/parser/XMLDTDContentModelSource
instanceKlass com/sun/org/apache/xerces/internal/xni/parser/XMLDTDSource
instanceKlass com/sun/org/apache/xerces/internal/xni/grammars/XMLDTDDescription
instanceKlass com/sun/org/apache/xerces/internal/xni/grammars/XMLGrammarDescription
instanceKlass com/sun/org/apache/xerces/internal/impl/XMLDocumentScannerImpl$TrailingMiscDriver
instanceKlass com/sun/org/apache/xerces/internal/impl/XMLDocumentScannerImpl$PrologDriver
instanceKlass com/sun/org/apache/xerces/internal/impl/XMLDocumentScannerImpl$XMLDeclDriver
instanceKlass com/sun/org/apache/xerces/internal/util/NamespaceSupport
instanceKlass com/sun/org/apache/xerces/internal/xni/NamespaceContext
instanceKlass com/sun/org/apache/xerces/internal/util/XMLAttributesImpl$Attribute
instanceKlass com/sun/org/apache/xerces/internal/util/XMLAttributesImpl
instanceKlass com/sun/org/apache/xerces/internal/xni/XMLAttributes
instanceKlass com/sun/org/apache/xerces/internal/impl/XMLDocumentFragmentScannerImpl$FragmentContentDriver
instanceKlass com/sun/org/apache/xerces/internal/impl/XMLDocumentFragmentScannerImpl$Driver
instanceKlass com/sun/org/apache/xerces/internal/impl/XMLDocumentFragmentScannerImpl$ElementStack2
instanceKlass com/sun/org/apache/xerces/internal/xni/QName
instanceKlass com/sun/org/apache/xerces/internal/impl/XMLDocumentFragmentScannerImpl$ElementStack
instanceKlass com/sun/org/apache/xerces/internal/xni/XMLString
instanceKlass com/sun/org/apache/xerces/internal/impl/XMLScanner
instanceKlass com/sun/xml/internal/stream/XMLBufferListener
instanceKlass com/sun/org/apache/xerces/internal/impl/XMLEntityHandler
instanceKlass com/sun/org/apache/xerces/internal/xni/parser/XMLDocumentScanner
instanceKlass com/sun/org/apache/xerces/internal/xni/parser/XMLDocumentSource
instanceKlass com/sun/org/apache/xerces/internal/impl/XMLErrorReporter
instanceKlass com/sun/org/apache/xerces/internal/impl/XMLEntityScanner
instanceKlass com/sun/org/apache/xerces/internal/xni/XMLLocator
instanceKlass com/sun/xml/internal/stream/XMLEntityStorage
instanceKlass com/sun/org/apache/xerces/internal/util/AugmentationsImpl$AugmentationsItemsContainer
instanceKlass com/sun/org/apache/xerces/internal/util/AugmentationsImpl
instanceKlass com/sun/org/apache/xerces/internal/xni/Augmentations
instanceKlass com/sun/org/apache/xerces/internal/util/XMLResourceIdentifierImpl
instanceKlass com/sun/org/apache/xerces/internal/xni/XMLResourceIdentifier
instanceKlass com/sun/org/apache/xerces/internal/impl/XMLEntityManager
instanceKlass com/sun/org/apache/xerces/internal/xni/parser/XMLEntityResolver
instanceKlass com/sun/org/apache/xerces/internal/xni/parser/XMLComponent
instanceKlass com/sun/org/apache/xerces/internal/util/SymbolTable$Entry
instanceKlass com/sun/org/apache/xerces/internal/util/SymbolTable
instanceKlass jdk/xml/internal/JdkConstants
instanceKlass jdk/xml/internal/JdkXmlUtils
instanceKlass com/sun/org/apache/xerces/internal/util/ParserConfigurationSettings
instanceKlass com/sun/org/apache/xerces/internal/parsers/XML11Configurable
instanceKlass com/sun/org/apache/xerces/internal/xni/parser/XMLPullParserConfiguration
instanceKlass com/sun/org/apache/xerces/internal/xni/parser/XMLParserConfiguration
instanceKlass com/sun/org/apache/xerces/internal/xni/parser/XMLComponentManager
instanceKlass com/sun/org/apache/xerces/internal/parsers/XMLParser
instanceKlass com/sun/org/apache/xerces/internal/xni/XMLDTDContentModelHandler
instanceKlass com/sun/org/apache/xerces/internal/xni/XMLDTDHandler
instanceKlass com/sun/org/apache/xerces/internal/xni/XMLDocumentHandler
instanceKlass org/xml/sax/XMLReader
instanceKlass org/xml/sax/Parser
instanceKlass com/sun/org/apache/xerces/internal/utils/XMLSecurityPropertyManager
instanceKlass com/sun/org/apache/xerces/internal/utils/XMLSecurityManager
instanceKlass javax/xml/parsers/SAXParser
instanceKlass com/sun/org/apache/xerces/internal/xs/PSVIProvider
instanceKlass com/sun/org/apache/xerces/internal/jaxp/JAXPConstants
instanceKlass  @bci javax/xml/parsers/FactoryFinder newInstance (Ljava/lang/Class;Ljava/lang/String;Ljava/lang/ClassLoader;ZZ)Ljava/lang/Object; 104 <appendix> member <vmtarget> ; # javax/xml/parsers/FactoryFinder$$Lambda+0x0000013c9c051d50
instanceKlass  @bci jdk/xml/internal/SecuritySupport getContextClassLoader ()Ljava/lang/ClassLoader; 0 <appendix> argL0 ; # jdk/xml/internal/SecuritySupport$$Lambda+0x0000013c9c0518c8
instanceKlass  @bci javax/xml/parsers/FactoryFinder find (Ljava/lang/Class;Ljava/lang/String;)Ljava/lang/Object; 104 <appendix> member <vmtarget> ; # javax/xml/parsers/FactoryFinder$$Lambda+0x0000013c9c0516a0
instanceKlass javax/xml/parsers/FactoryFinder$1
instanceKlass java/io/FileInputStream$1
instanceKlass  @bci jdk/xml/internal/SecuritySupport getFileInputStream (Ljava/io/File;)Ljava/io/FileInputStream; 1 <appendix> member <vmtarget> ; # jdk/xml/internal/SecuritySupport$$Lambda+0x0000013c9c051248
instanceKlass  @bci jdk/xml/internal/SecuritySupport doesFileExist (Ljava/io/File;)Z 1 <appendix> member <vmtarget> ; # jdk/xml/internal/SecuritySupport$$Lambda+0x0000013c9c051020
instanceKlass  @bci javax/xml/parsers/FactoryFinder find (Ljava/lang/Class;Ljava/lang/String;)Ljava/lang/Object; 6 <appendix> member <vmtarget> ; # javax/xml/parsers/FactoryFinder$$Lambda+0x0000013c9c050df8
instanceKlass  @bci jdk/xml/internal/SecuritySupport getSystemProperty (Ljava/lang/String;)Ljava/lang/String; 1 <appendix> member <vmtarget> ; # jdk/xml/internal/SecuritySupport$$Lambda+0x0000013c9c050bd0
instanceKlass jdk/xml/internal/SecuritySupport
instanceKlass javax/xml/parsers/FactoryFinder
instanceKlass javax/xml/parsers/SAXParserFactory
instanceKlass ch/qos/logback/core/joran/spi/ElementPath
instanceKlass org/xml/sax/helpers/DefaultHandler
instanceKlass org/xml/sax/ErrorHandler
instanceKlass org/xml/sax/ContentHandler
instanceKlass org/xml/sax/DTDHandler
instanceKlass org/xml/sax/EntityResolver
instanceKlass  @bci ch/qos/logback/core/ContextBase fireConfigurationEvent (Lch/qos/logback/core/spi/ConfigurationEvent;)V 5 <appendix> member <vmtarget> ; # ch/qos/logback/core/ContextBase$$Lambda+0x0000013c9c01dbe0
instanceKlass  @cpi org/sonar/plugins/python/MultiFileProgressReport 344 form vmentry <vmtarget> ; # java/lang/invoke/LambdaForm$DMH+0x0000013c9c019400
instanceKlass ch/qos/logback/core/spi/ConfigurationEventListener
instanceKlass ch/qos/logback/core/spi/ConfigurationEvent
instanceKlass org/xml/sax/InputSource
instanceKlass ch/qos/logback/core/joran/sanity/SanityChecker
instanceKlass ch/qos/logback/core/joran/spi/RuleStore
instanceKlass  @bci org/sonar/python/semantic/SymbolImpl addOrCreateChildUsage (Lorg/sonar/plugins/python/api/tree/Name;Lorg/sonar/plugins/python/api/symbols/Usage$Kind;)V 32 <appendix> form vmentry <vmtarget> ; # java/lang/invoke/LambdaForm$MH+0x0000013c9c019000
instanceKlass java/lang/invoke/LambdaFormEditor$1
# instanceKlass java/lang/invoke/LambdaForm$MH+0x0000013c9c018c00
instanceKlass  @bci org/sonar/python/semantic/SymbolImpl addOrCreateChildUsage (Lorg/sonar/plugins/python/api/tree/Name;Lorg/sonar/plugins/python/api/symbols/Usage$Kind;)V 32 <appendix> argL3 form vmentry <vmtarget> ; # java/lang/invoke/LambdaForm$MH+0x0000013c9c018800
instanceKlass  @bci org/sonar/plugins/python/MultiFileProgressReport run ()V 110 <appendix> argL3 argL2 form vmentry <vmtarget> ; # java/lang/invoke/LambdaForm$MH+0x0000013c9c018400
# instanceKlass java/lang/invoke/LambdaForm$MH+0x0000013c9c018000
# instanceKlass java/lang/invoke/LambdaForm$MH+0x0000013c9c017c00
# instanceKlass java/lang/invoke/LambdaForm$MH+0x0000013c9c017800
instanceKlass  @bci org/sonar/plugins/python/MultiFileProgressReport run ()V 110 <appendix> argL1 argL1 form vmentry <vmtarget> ; # java/lang/invoke/LambdaForm$MH+0x0000013c9c017400
# instanceKlass java/lang/invoke/LambdaForm$MH+0x0000013c9c017000
# instanceKlass java/lang/invoke/LambdaForm$MH+0x0000013c9c016c00
# instanceKlass java/lang/invoke/LambdaForm$MH+0x0000013c9c016800
# instanceKlass java/lang/invoke/LambdaForm$MH+0x0000013c9c016400
instanceKlass  @bci org/sonar/python/types/TypeShed classDescriptorWithFQN (Ljava/lang/String;)Lorg/sonar/python/types/protobuf/SymbolsProtos$ClassSymbol; 40 <appendix> form vmentry <vmtarget> ; # java/lang/invoke/LambdaForm$MH+0x0000013c9c016000
# instanceKlass java/lang/invoke/LambdaForm$MH+0x0000013c9c015c00
instanceKlass  @bci org/sonar/python/types/TypeShed classDescriptorWithFQN (Ljava/lang/String;)Lorg/sonar/python/types/protobuf/SymbolsProtos$ClassSymbol; 40 <appendix> argL3 form vmentry <vmtarget> ; # java/lang/invoke/LambdaForm$MH+0x0000013c9c015800
instanceKlass java/lang/Long$LongCache
# instanceKlass java/lang/invoke/LambdaForm$MH+0x0000013c9c015400
instanceKlass  @bci org/sonar/plugins/python/MultiFileProgressReport run ()V 19 <appendix> argL2 form vmentry <vmtarget> ; # java/lang/invoke/LambdaForm$MH+0x0000013c9c015000
# instanceKlass java/lang/invoke/LambdaForm$MH+0x0000013c9c014c00
instanceKlass  @bci org/sonar/plugins/python/MultiFileProgressReport run ()V 19 <appendix> argL1 argL1 form vmentry <vmtarget> ; # java/lang/invoke/LambdaForm$MH+0x0000013c9c014800
# instanceKlass java/lang/invoke/LambdaForm$MH+0x0000013c9c014400
instanceKlass ch/qos/logback/core/spi/ContextAwareBase
instanceKlass java/util/TimSort
instanceKlass java/util/Arrays$LegacyMergeSort
instanceKlass ch/qos/logback/classic/util/ClassicEnvUtil
instanceKlass ch/qos/logback/core/status/StatusListener
instanceKlass ch/qos/logback/core/util/StatusListenerConfigHelper
instanceKlass ch/qos/logback/core/status/StatusBase
instanceKlass java/util/Formatter$Flags
instanceKlass java/util/Formattable
instanceKlass java/util/Formatter$FormatSpecifier
instanceKlass java/util/Formatter$Conversion
instanceKlass java/util/Formatter$FixedString
instanceKlass java/util/Formatter$FormatString
instanceKlass java/util/regex/Pattern$TreeInfo
instanceKlass  @bci java/util/regex/Pattern union (Ljava/util/regex/Pattern$CharPredicate;Ljava/util/regex/Pattern$CharPredicate;Z)Ljava/util/regex/Pattern$CharPredicate; 6 <appendix> member <vmtarget> ; # java/util/regex/Pattern$$Lambda+0x800000031
instanceKlass  @bci java/util/regex/Pattern Range (II)Ljava/util/regex/Pattern$CharPredicate; 23 <appendix> member <vmtarget> ; # java/util/regex/Pattern$$Lambda+0x800000029
instanceKlass java/util/regex/Pattern$BitClass
instanceKlass  @bci java/util/regex/CharPredicates ASCII_DIGIT ()Ljava/util/regex/Pattern$BmpCharPredicate; 0 <appendix> argL0 ; # java/util/regex/CharPredicates$$Lambda+0x800000024
instanceKlass java/util/regex/CharPredicates
instanceKlass  @bci java/util/regex/Pattern Single (I)Ljava/util/regex/Pattern$BmpCharPredicate; 1 <appendix> member <vmtarget> ; # java/util/regex/Pattern$$Lambda+0x800000028
instanceKlass java/util/regex/Pattern$BmpCharPredicate
instanceKlass java/util/regex/Pattern$CharPredicate
instanceKlass java/util/regex/Pattern$Node
instanceKlass java/util/regex/Pattern
instanceKlass java/util/Formatter
instanceKlass ch/qos/logback/core/util/VersionUtil
instanceKlass ch/qos/logback/classic/ClassicConstants
instanceKlass ch/qos/logback/classic/util/ClassicVersionUtil
instanceKlass java/util/Properties$LineReader
instanceKlass ch/qos/logback/core/CoreConstants
instanceKlass  @bci org/sonarsource/analyzer/commons/appsec/CleartextProtocolFilter lambda$static$0 (Ljava/lang/String;)Ljava/lang/String; 7 <appendix> form vmentry <vmtarget> ; # java/lang/invoke/LambdaForm$MH+0x0000013c9c014000
instanceKlass ch/qos/logback/core/util/CoreVersionUtil
instanceKlass ch/qos/logback/core/util/OptionHelper
instanceKlass ch/qos/logback/core/util/Loader
instanceKlass ch/qos/logback/classic/spi/Configurator
instanceKlass ch/qos/logback/core/spi/ContextAwareImpl
instanceKlass ch/qos/logback/classic/util/ContextInitializer$1
instanceKlass ch/qos/logback/classic/util/ContextInitializer
instanceKlass org/slf4j/MDC
instanceKlass ch/qos/logback/classic/util/LogbackMDCAdapter
instanceKlass ch/qos/logback/classic/Level
instanceKlass ch/qos/logback/classic/spi/ILoggingEvent
instanceKlass ch/qos/logback/core/spi/DeferredProcessingAware
instanceKlass org/slf4j/spi/LoggingEventBuilder
instanceKlass ch/qos/logback/classic/Logger
instanceKlass ch/qos/logback/core/spi/AppenderAttachable
instanceKlass org/slf4j/spi/LoggingEventAware
instanceKlass org/slf4j/spi/LocationAwareLogger
instanceKlass ch/qos/logback/classic/spi/LoggerContextVO
instanceKlass ch/qos/logback/core/spi/LogbackLock
instanceKlass ch/qos/logback/core/helpers/CyclicBuffer
instanceKlass ch/qos/logback/core/BasicStatusManager
instanceKlass java/util/concurrent/ExecutorService
instanceKlass java/util/concurrent/Executor
instanceKlass ch/qos/logback/core/status/Status
instanceKlass ch/qos/logback/core/status/StatusManager
instanceKlass ch/qos/logback/core/ContextBase
instanceKlass java/util/ServiceLoader$ProviderImpl
instanceKlass java/util/ServiceLoader$Provider
instanceKlass java/util/ServiceLoader$1
instanceKlass ch/qos/logback/classic/spi/LogbackServiceProvider
instanceKlass java/util/LinkedHashMap$LinkedHashIterator
instanceKlass sun/net/www/MessageHeader
instanceKlass sun/net/www/protocol/jar/JarFileFactory
instanceKlass sun/net/www/protocol/jar/URLJarFile$URLJarFileCloseController
instanceKlass java/net/URLConnection
instanceKlass jdk/internal/loader/URLClassPath$1
instanceKlass java/lang/CompoundEnumeration
instanceKlass jdk/internal/loader/BuiltinClassLoader$1
instanceKlass java/util/Collections$EmptyEnumeration
instanceKlass java/util/Collections$EmptyIterator
instanceKlass jdk/internal/jimage/ImageLocation
instanceKlass jdk/internal/jimage/decompressor/Decompressor
instanceKlass jdk/internal/jimage/ImageStringsReader
instanceKlass jdk/internal/jimage/ImageStrings
instanceKlass jdk/internal/jimage/ImageHeader
# instanceKlass java/lang/invoke/LambdaForm$MH+0x0000013c9c00e800
# instanceKlass java/lang/invoke/LambdaForm$MH+0x0000013c9c00e400
# instanceKlass java/lang/invoke/LambdaForm$DMH+0x0000013c9c00e000
# instanceKlass java/lang/invoke/LambdaForm$DMH+0x0000013c9c00dc00
instanceKlass  @cpi org/sonar/python/lexer/FStringAndTStringChannel 438 form vmentry <vmtarget> ; # java/lang/invoke/LambdaForm$DMH+0x0000013c9c00d800
instanceKlass java/lang/ClassValue$Version
instanceKlass java/lang/ClassValue$Identity
instanceKlass java/lang/ClassValue
instanceKlass java/lang/invoke/MethodHandleImpl$ArrayAccessor
instanceKlass java/lang/invoke/MethodHandleImpl$LoopClauses
instanceKlass java/lang/invoke/MethodHandleImpl$CasesHolder
# instanceKlass java/lang/invoke/LambdaForm$MH+0x0000013c9c00d400
# instanceKlass java/lang/invoke/LambdaForm$MH+0x0000013c9c00d000
# instanceKlass java/lang/invoke/LambdaForm$MH+0x0000013c9c00cc00
instanceKlass  @bci org/sonar/plugins/python/api/types/v2/FullyQualifiedNameHelper getFullyQualifiedName (Lorg/sonar/plugins/python/api/types/v2/PythonType;)Ljava/util/Optional; 11 <appendix> argL0 form names 4 function resolvedHandle form vmentry <vmtarget> ; # java/lang/invoke/LambdaForm$DMH+0x0000013c9c00c800
# instanceKlass java/lang/invoke/LambdaForm$MH+0x0000013c9c00c400
# instanceKlass java/lang/invoke/LambdaForm$MH+0x0000013c9c00c000
# instanceKlass java/lang/invoke/LambdaForm$MH+0x0000013c9c00bc00
# instanceKlass java/lang/invoke/LambdaForm$BMH+0x0000013c9c00b800
# instanceKlass java/lang/invoke/LambdaForm$DMH+0x0000013c9c00b400
# instanceKlass java/lang/invoke/LambdaForm$MH+0x0000013c9c00b000
# instanceKlass java/lang/invoke/LambdaForm$DMH+0x0000013c9c00ac00
# instanceKlass java/lang/invoke/LambdaForm$MH+0x0000013c9c00a800
# instanceKlass java/lang/invoke/LambdaForm$DMH+0x0000013c9c00a400
instanceKlass java/lang/invoke/ClassSpecializer$Factory$1Var
instanceKlass java/lang/invoke/MethodHandles$1
# instanceKlass java/lang/invoke/LambdaForm$DMH+0x0000013c9c00a000
instanceKlass sun/invoke/util/ValueConversions$1
instanceKlass sun/invoke/util/ValueConversions$WrapperCache
# instanceKlass java/lang/invoke/LambdaForm$DMH+0x0000013c9c009c00
instanceKlass sun/nio/ch/Util$4
instanceKlass sun/nio/ch/Util
instanceKlass sun/nio/ch/FileChannelImpl$Unmapper
instanceKlass jdk/internal/access/foreign/UnmapperProxy
instanceKlass  @bci org/sonar/python/types/TypeInference$Propagation areDependenciesReady (Ljava/util/Set;)Z 22 <appendix> form vmentry <vmtarget> ; # java/lang/invoke/LambdaForm$MH+0x0000013c9c009800
instanceKlass  @bci jdk/internal/misc/ExtendedMapMode <clinit> ()V 0 <appendix> argL0 ; # jdk/internal/misc/ExtendedMapMode$$Lambda+0x0000013c9c049db8
instanceKlass java/lang/invoke/LambdaProxyClassArchive
instanceKlass java/lang/invoke/InfoFromMemberName
instanceKlass java/lang/invoke/MethodHandleInfo
instanceKlass jdk/internal/org/objectweb/asm/ConstantDynamic
instanceKlass jdk/internal/org/objectweb/asm/Handle
instanceKlass sun/security/action/GetBooleanAction
instanceKlass java/lang/invoke/AbstractValidatingLambdaMetafactory
instanceKlass java/lang/invoke/BootstrapMethodInvoker
instanceKlass java/lang/invoke/LambdaMetafactory
instanceKlass jdk/internal/misc/ExtendedMapMode
instanceKlass sun/nio/ch/IOStatus
instanceKlass sun/nio/ch/NativeThread
# instanceKlass java/lang/invoke/LambdaForm$MH+0x0000013c9c009400
# instanceKlass java/lang/invoke/LambdaForm$MH+0x0000013c9c009000
instanceKlass  @bci org/sonar/plugins/python/caching/Caching importsMapCacheKey (Ljava/lang/String;)Ljava/lang/String; 8 <appendix> form vmentry <vmtarget> ; # java/lang/invoke/LambdaForm$MH+0x0000013c9c008c00
instanceKlass  @cpi org/sonar/python/cfg/fixpoint/ForwardAnalysis$ProgramStateAtBlock 112 form vmentry <vmtarget> ; # java/lang/invoke/LambdaForm$DMH+0x0000013c9c008800
instanceKlass  @cpi java/security/spec/EncodedKeySpec 79 form vmentry <vmtarget> ; # java/lang/invoke/LambdaForm$DMH+0x0000013c9c008400
instanceKlass java/lang/foreign/MemorySegment
instanceKlass java/lang/foreign/Arena
instanceKlass java/lang/foreign/SegmentAllocator
instanceKlass java/nio/channels/FileChannel$MapMode
instanceKlass java/nio/channels/FileLock
instanceKlass jdk/internal/jimage/BasicImageReader$2
instanceKlass sun/nio/ch/FileChannelImpl$Closer
instanceKlass sun/nio/ch/NativeThreadSet
instanceKlass sun/nio/ch/IOUtil
instanceKlass sun/nio/ch/NativeDispatcher
instanceKlass sun/nio/fs/WindowsChannelFactory$2
instanceKlass sun/nio/fs/WindowsChannelFactory$Flags
instanceKlass sun/nio/fs/WindowsChannelFactory$1
instanceKlass sun/nio/fs/WindowsChannelFactory
instanceKlass sun/nio/fs/WindowsSecurityDescriptor
instanceKlass java/nio/file/attribute/FileAttribute
instanceKlass java/nio/channels/spi/AbstractInterruptibleChannel
instanceKlass java/nio/channels/InterruptibleChannel
instanceKlass java/nio/channels/ScatteringByteChannel
instanceKlass java/nio/channels/GatheringByteChannel
instanceKlass java/nio/channels/SeekableByteChannel
instanceKlass java/nio/channels/ByteChannel
instanceKlass java/nio/channels/WritableByteChannel
instanceKlass java/nio/channels/ReadableByteChannel
instanceKlass java/nio/channels/Channel
instanceKlass jdk/internal/jimage/NativeImageBuffer$1
instanceKlass jdk/internal/jimage/NativeImageBuffer
instanceKlass jdk/internal/jimage/BasicImageReader$1
instanceKlass jdk/internal/jimage/BasicImageReader
instanceKlass jdk/internal/jimage/ImageReader
instanceKlass jdk/internal/jimage/ImageReaderFactory$1
instanceKlass java/net/URI$Parser
instanceKlass java/nio/file/FileSystems$DefaultFileSystemHolder$1
instanceKlass java/nio/file/FileSystems$DefaultFileSystemHolder
instanceKlass java/nio/file/FileSystems
instanceKlass java/nio/file/Paths
instanceKlass jdk/internal/jimage/ImageReaderFactory
instanceKlass jdk/internal/module/SystemModuleFinders$SystemImage
instanceKlass jdk/internal/module/SystemModuleFinders$SystemModuleReader
instanceKlass java/lang/module/ModuleReader
instanceKlass jdk/internal/loader/BuiltinClassLoader$5
instanceKlass jdk/internal/loader/BuiltinClassLoader$2
instanceKlass jdk/internal/module/Resources
instanceKlass java/util/ServiceLoader$3
instanceKlass java/util/ServiceLoader$2
instanceKlass java/util/ServiceLoader$LazyClassPathLookupIterator
instanceKlass java/util/Spliterators$1Adapter
instanceKlass java/util/function/Consumer
# instanceKlass java/lang/invoke/LambdaForm$MH+0x0000013c9c008000
instanceKlass java/lang/invoke/MethodHandles$Lookup$ClassDefiner
instanceKlass java/lang/invoke/MethodHandles$Lookup$ClassFile
instanceKlass jdk/internal/org/objectweb/asm/Handler
instanceKlass jdk/internal/org/objectweb/asm/Attribute
instanceKlass jdk/internal/org/objectweb/asm/FieldVisitor
instanceKlass java/util/ArrayList$Itr
instanceKlass sun/invoke/empty/Empty
instanceKlass sun/invoke/util/VerifyType
instanceKlass java/lang/invoke/InvokerBytecodeGenerator$ClassData
instanceKlass jdk/internal/org/objectweb/asm/AnnotationVisitor
instanceKlass jdk/internal/org/objectweb/asm/Frame
instanceKlass jdk/internal/org/objectweb/asm/Label
instanceKlass jdk/internal/org/objectweb/asm/Type
instanceKlass jdk/internal/org/objectweb/asm/MethodVisitor
instanceKlass sun/invoke/util/BytecodeDescriptor
instanceKlass jdk/internal/org/objectweb/asm/ByteVector
instanceKlass jdk/internal/org/objectweb/asm/Symbol
instanceKlass jdk/internal/org/objectweb/asm/SymbolTable
instanceKlass jdk/internal/org/objectweb/asm/ClassVisitor
instanceKlass java/lang/invoke/LambdaFormBuffer
instanceKlass java/lang/invoke/LambdaFormEditor$TransformKey
instanceKlass java/lang/invoke/LambdaFormEditor
instanceKlass java/lang/invoke/Invokers$Holder
instanceKlass java/lang/invoke/DelegatingMethodHandle$Holder
instanceKlass java/lang/invoke/DirectMethodHandle$2
instanceKlass java/lang/invoke/ClassSpecializer$Factory
instanceKlass java/lang/invoke/ClassSpecializer$SpeciesData
instanceKlass java/lang/invoke/ClassSpecializer$1
instanceKlass java/lang/invoke/ClassSpecializer
instanceKlass java/lang/invoke/InvokerBytecodeGenerator$1
instanceKlass java/lang/invoke/InvokerBytecodeGenerator
instanceKlass java/lang/invoke/LambdaForm$Holder
instanceKlass java/lang/invoke/LambdaForm$Name
instanceKlass java/lang/invoke/Invokers
instanceKlass sun/invoke/util/ValueConversions
instanceKlass java/lang/invoke/DirectMethodHandle$Holder
instanceKlass sun/invoke/util/Wrapper$Format
instanceKlass java/lang/invoke/MethodHandleImpl$1
instanceKlass jdk/internal/access/JavaLangInvokeAccess
instanceKlass java/lang/invoke/LambdaForm$NamedFunction
instanceKlass java/lang/invoke/MethodHandleImpl
instanceKlass jdk/internal/reflect/MethodHandleAccessorFactory$LazyStaticHolder
instanceKlass java/lang/invoke/MethodTypeForm
instanceKlass jdk/internal/util/StrongReferenceKey
instanceKlass jdk/internal/util/ReferenceKey
instanceKlass jdk/internal/util/ReferencedKeyMap
instanceKlass java/lang/invoke/MethodType$1
instanceKlass sun/reflect/annotation/AnnotationParser
instanceKlass java/lang/Class$3
instanceKlass java/util/EnumMap$1
instanceKlass java/util/stream/StreamOpFlag$MaskBuilder
instanceKlass java/util/stream/PipelineHelper
instanceKlass java/util/stream/StreamSupport
instanceKlass java/util/Spliterator$OfDouble
instanceKlass java/util/Spliterator$OfLong
instanceKlass java/util/Spliterator$OfInt
instanceKlass java/util/Spliterator$OfPrimitive
instanceKlass java/util/Spliterator
instanceKlass java/util/Spliterators$EmptySpliterator
instanceKlass java/util/Spliterators
instanceKlass java/util/stream/Stream
instanceKlass java/util/stream/BaseStream
instanceKlass java/util/ServiceLoader$ModuleServicesLookupIterator
instanceKlass java/util/ServiceLoader
instanceKlass org/slf4j/helpers/Util
instanceKlass org/slf4j/helpers/NOPMDCAdapter
instanceKlass org/slf4j/helpers/NOPLoggerFactory
instanceKlass org/slf4j/helpers/NOP_FallbackServiceProvider
instanceKlass org/slf4j/helpers/ThreadLocalMapOfStacks
instanceKlass org/slf4j/helpers/BasicMDCAdapter
instanceKlass org/slf4j/Marker
instanceKlass org/slf4j/helpers/BasicMarkerFactory
instanceKlass java/util/concurrent/LinkedBlockingQueue$Node
instanceKlass java/util/concurrent/BlockingQueue
instanceKlass org/slf4j/Logger
instanceKlass org/slf4j/helpers/SubstituteLoggerFactory
instanceKlass org/slf4j/ILoggerFactory
instanceKlass org/slf4j/spi/MDCAdapter
instanceKlass org/slf4j/IMarkerFactory
instanceKlass org/slf4j/helpers/SubstituteServiceProvider
instanceKlass org/slf4j/event/LoggingEvent
instanceKlass org/slf4j/spi/SLF4JServiceProvider
instanceKlass org/slf4j/LoggerFactory
instanceKlass java/lang/Void
instanceKlass java/lang/PublicMethods$Key
instanceKlass java/lang/PublicMethods$MethodList
instanceKlass ch/qos/logback/core/Appender
instanceKlass ch/qos/logback/core/spi/FilterAttachable
instanceKlass ch/qos/logback/core/encoder/Encoder
instanceKlass ch/qos/logback/core/spi/LifeCycle
instanceKlass ch/qos/logback/core/spi/ContextAware
instanceKlass ch/qos/logback/core/Context
instanceKlass ch/qos/logback/core/spi/PropertyContainer
instanceKlass java/io/Reader
instanceKlass jdk/internal/misc/PreviewFeatures
instanceKlass jdk/internal/misc/MainMethodFinder
instanceKlass org/sonar/scanner/bootstrap/ScannerMain
instanceKlass java/security/SecureClassLoader$DebugHolder
instanceKlass java/security/Permission
instanceKlass java/security/Guard
instanceKlass java/security/PermissionCollection
instanceKlass java/security/SecureClassLoader$1
instanceKlass java/util/zip/Checksum$1
instanceKlass java/util/zip/CRC32
instanceKlass java/util/zip/Checksum
instanceKlass sun/nio/ByteBuffered
instanceKlass java/lang/Package$VersionInfo
instanceKlass java/lang/NamedPackage
instanceKlass jdk/internal/loader/Resource
instanceKlass java/nio/charset/CoderResult
instanceKlass java/lang/Readable
instanceKlass jdk/internal/loader/FileURLMapper
instanceKlass jdk/internal/loader/URLClassPath$JarLoader$1
instanceKlass jdk/internal/loader/URLClassPath$Loader
instanceKlass jdk/internal/loader/URLClassPath$3
instanceKlass java/security/PrivilegedExceptionAction
instanceKlass sun/net/util/URLUtil
instanceKlass java/io/RandomAccessFile$1
instanceKlass java/lang/reflect/Array
instanceKlass java/util/jar/Attributes$Name
instanceKlass java/util/jar/Attributes
instanceKlass java/util/jar/JarVerifier
instanceKlass sun/security/action/GetIntegerAction
instanceKlass sun/security/util/Debug
instanceKlass sun/security/util/SignatureFileVerifier
instanceKlass java/util/zip/ZipFile$InflaterCleanupAction
instanceKlass java/util/zip/Inflater$InflaterZStreamRef
instanceKlass java/util/zip/Inflater
instanceKlass java/util/zip/ZipEntry
instanceKlass java/util/zip/ZipFile$2
instanceKlass java/nio/Bits$1
instanceKlass jdk/internal/misc/VM$BufferPool
instanceKlass java/nio/Bits
instanceKlass sun/nio/ch/DirectBuffer
instanceKlass jdk/internal/perf/PerfCounter$CoreCounters
instanceKlass jdk/internal/perf/Perf
instanceKlass jdk/internal/perf/Perf$GetPerfAction
instanceKlass jdk/internal/perf/PerfCounter
instanceKlass sun/util/locale/LocaleObjectCache
instanceKlass sun/util/locale/BaseLocale$Key
instanceKlass sun/util/locale/LocaleUtils
instanceKlass sun/util/locale/BaseLocale
instanceKlass java/util/Locale
instanceKlass java/nio/file/attribute/FileTime
instanceKlass java/util/TreeMap$PrivateEntryIterator
instanceKlass java/util/TreeMap$Entry
instanceKlass java/util/NavigableMap
instanceKlass java/util/SortedMap
instanceKlass java/util/SequencedMap
instanceKlass java/util/NavigableSet
instanceKlass java/util/SortedSet
instanceKlass java/util/SequencedSet
instanceKlass java/util/zip/ZipUtils
instanceKlass java/util/zip/ZipFile$Source$End
instanceKlass java/io/RandomAccessFile$2
instanceKlass jdk/internal/access/JavaIORandomAccessFileAccess
instanceKlass java/io/RandomAccessFile
instanceKlass java/io/DataInput
instanceKlass java/io/DataOutput
instanceKlass sun/nio/fs/WindowsNativeDispatcher$CompletionStatus
instanceKlass sun/nio/fs/WindowsNativeDispatcher$AclInformation
instanceKlass sun/nio/fs/WindowsNativeDispatcher$Account
instanceKlass sun/nio/fs/WindowsNativeDispatcher$DiskFreeSpace
instanceKlass sun/nio/fs/WindowsNativeDispatcher$VolumeInformation
instanceKlass sun/nio/fs/WindowsNativeDispatcher$FirstStream
instanceKlass sun/nio/fs/WindowsNativeDispatcher$FirstFile
instanceKlass java/util/Enumeration
instanceKlass java/util/concurrent/ConcurrentHashMap$Traverser
instanceKlass jdk/internal/loader/NativeLibraries$3
instanceKlass java/util/concurrent/ForkJoinPool$ManagedBlocker
instanceKlass java/util/concurrent/locks/AbstractQueuedSynchronizer$Node
instanceKlass jdk/internal/loader/NativeLibrary
instanceKlass java/util/ArrayDeque$DeqIterator
instanceKlass jdk/internal/loader/NativeLibraries$NativeLibraryContext$1
instanceKlass jdk/internal/loader/NativeLibraries$NativeLibraryContext
instanceKlass jdk/internal/loader/NativeLibraries$2
instanceKlass jdk/internal/loader/NativeLibraries$1
instanceKlass jdk/internal/loader/NativeLibraries$LibraryPaths
instanceKlass sun/nio/fs/WindowsNativeDispatcher
instanceKlass sun/nio/fs/NativeBuffer$Deallocator
instanceKlass sun/nio/fs/NativeBuffer
instanceKlass java/lang/ThreadLocal$ThreadLocalMap
instanceKlass java/lang/ThreadLocal
instanceKlass sun/nio/fs/NativeBuffers
instanceKlass sun/nio/fs/WindowsFileAttributes
instanceKlass java/nio/file/attribute/DosFileAttributes
instanceKlass sun/nio/fs/AbstractBasicFileAttributeView
instanceKlass sun/nio/fs/DynamicFileAttributeView
instanceKlass sun/nio/fs/WindowsFileAttributeViews
instanceKlass sun/nio/fs/Util
instanceKlass java/nio/file/attribute/BasicFileAttributeView
instanceKlass java/nio/file/attribute/FileAttributeView
instanceKlass java/nio/file/attribute/AttributeView
instanceKlass java/nio/file/Files
instanceKlass java/nio/file/CopyOption
instanceKlass java/nio/file/attribute/BasicFileAttributes
instanceKlass sun/nio/fs/WindowsPath
instanceKlass java/nio/file/Path
instanceKlass java/nio/file/Watchable
instanceKlass java/util/zip/ZipFile$Source$Key
instanceKlass sun/nio/fs/WindowsPathParser$Result
instanceKlass sun/nio/fs/WindowsPathParser
instanceKlass java/nio/file/FileSystem
instanceKlass java/nio/file/OpenOption
instanceKlass java/nio/file/spi/FileSystemProvider
instanceKlass sun/nio/fs/DefaultFileSystemProvider
instanceKlass java/util/zip/ZipFile$Source
instanceKlass java/lang/ref/Cleaner$Cleanable
instanceKlass jdk/internal/ref/CleanerImpl
instanceKlass java/lang/ref/Cleaner$1
instanceKlass java/lang/ref/Cleaner
instanceKlass jdk/internal/ref/CleanerFactory$1
instanceKlass java/util/concurrent/ThreadFactory
instanceKlass jdk/internal/ref/CleanerFactory
instanceKlass java/util/zip/ZipCoder
instanceKlass java/util/zip/ZipFile$CleanableResource
instanceKlass java/lang/Runtime$Version
instanceKlass java/util/jar/JavaUtilJarAccessImpl
instanceKlass jdk/internal/access/JavaUtilJarAccess
instanceKlass java/util/zip/ZipFile$1
instanceKlass jdk/internal/access/JavaUtilZipFileAccess
instanceKlass java/util/zip/ZipFile
instanceKlass java/util/zip/ZipConstants
instanceKlass java/lang/StringCoding
instanceKlass sun/nio/cs/ArrayDecoder
instanceKlass java/nio/charset/CharsetDecoder
instanceKlass sun/launcher/LauncherHelper
instanceKlass java/lang/invoke/StringConcatFactory
instanceKlass java/lang/ModuleLayer$Controller
instanceKlass java/util/concurrent/CopyOnWriteArrayList
instanceKlass jdk/internal/module/ServicesCatalog$ServiceProvider
instanceKlass jdk/internal/loader/AbstractClassLoaderValue$Memoizer
instanceKlass java/util/ImmutableCollections$ListItr
instanceKlass java/util/ListIterator
instanceKlass java/lang/ModuleLayer
instanceKlass jdk/internal/module/ModuleLoaderMap$Modules
instanceKlass jdk/internal/module/ModuleLoaderMap$Mapper
instanceKlass jdk/internal/module/ModuleLoaderMap
instanceKlass java/util/AbstractMap$1$1
instanceKlass java/lang/module/ResolvedModule
instanceKlass java/lang/module/Configuration
instanceKlass jdk/internal/loader/BuiltinClassLoader$LoadedModule
instanceKlass jdk/internal/loader/AbstractClassLoaderValue
instanceKlass jdk/internal/module/ServicesCatalog
instanceKlass java/util/Deque
instanceKlass java/util/Queue
instanceKlass sun/net/util/IPAddressUtil$MASKS
instanceKlass sun/net/util/IPAddressUtil
instanceKlass java/net/URLStreamHandler
instanceKlass sun/net/www/ParseUtil
instanceKlass java/net/URL$3
instanceKlass jdk/internal/access/JavaNetURLAccess
instanceKlass java/net/URL$DefaultFactory
instanceKlass java/net/URLStreamHandlerFactory
instanceKlass jdk/internal/loader/URLClassPath
instanceKlass java/security/Principal
instanceKlass java/security/ProtectionDomain$Key
instanceKlass java/security/ProtectionDomain$JavaSecurityAccessImpl
instanceKlass jdk/internal/access/JavaSecurityAccess
instanceKlass java/lang/ClassLoader$ParallelLoaders
instanceKlass java/security/cert/Certificate
instanceKlass jdk/internal/loader/ArchivedClassLoaders
instanceKlass java/util/concurrent/ConcurrentHashMap$CollectionView
instanceKlass jdk/internal/loader/ClassLoaderHelper
instanceKlass jdk/internal/loader/NativeLibraries
instanceKlass java/lang/Module$EnableNativeAccess
instanceKlass jdk/internal/loader/BootLoader
instanceKlass java/util/Optional
instanceKlass jdk/internal/module/SystemModuleFinders$SystemModuleFinder
instanceKlass java/lang/module/ModuleFinder
instanceKlass jdk/internal/module/SystemModuleFinders$3
instanceKlass jdk/internal/module/ModuleHashes$HashSupplier
instanceKlass jdk/internal/module/SystemModuleFinders$2
instanceKlass java/util/function/Supplier
instanceKlass java/lang/module/ModuleReference
instanceKlass jdk/internal/module/ModuleResolution
instanceKlass java/util/Collections$UnmodifiableMap
instanceKlass jdk/internal/module/ModuleHashes$Builder
instanceKlass jdk/internal/module/ModuleHashes
instanceKlass jdk/internal/module/ModuleTarget
instanceKlass java/util/ImmutableCollections$Set12$1
instanceKlass java/lang/reflect/AccessFlag$18
instanceKlass java/lang/reflect/AccessFlag$17
instanceKlass java/lang/reflect/AccessFlag$16
instanceKlass java/lang/reflect/AccessFlag$15
instanceKlass java/lang/reflect/AccessFlag$14
instanceKlass java/lang/reflect/AccessFlag$13
instanceKlass java/lang/reflect/AccessFlag$12
instanceKlass java/lang/reflect/AccessFlag$11
instanceKlass java/lang/reflect/AccessFlag$10
instanceKlass java/lang/reflect/AccessFlag$9
instanceKlass java/lang/reflect/AccessFlag$8
instanceKlass java/lang/reflect/AccessFlag$7
instanceKlass java/lang/reflect/AccessFlag$6
instanceKlass java/lang/reflect/AccessFlag$5
instanceKlass java/lang/reflect/AccessFlag$4
instanceKlass java/lang/reflect/AccessFlag$3
instanceKlass java/lang/reflect/AccessFlag$2
instanceKlass java/lang/reflect/AccessFlag$1
instanceKlass java/lang/module/ModuleDescriptor$Version
instanceKlass java/lang/module/ModuleDescriptor$Provides
instanceKlass java/lang/module/ModuleDescriptor$Opens
instanceKlass java/util/ImmutableCollections$SetN$SetNIterator
instanceKlass java/lang/module/ModuleDescriptor$Exports
instanceKlass java/lang/module/ModuleDescriptor$Requires
instanceKlass jdk/internal/module/Builder
instanceKlass jdk/internal/module/SystemModules$default
instanceKlass jdk/internal/module/SystemModules
instanceKlass jdk/internal/module/SystemModulesMap
instanceKlass java/net/URI$1
instanceKlass jdk/internal/access/JavaNetUriAccess
instanceKlass java/net/URI
instanceKlass jdk/internal/module/SystemModuleFinders
instanceKlass jdk/internal/module/ArchivedModuleGraph
instanceKlass jdk/internal/module/ArchivedBootLayer
instanceKlass jdk/internal/module/ModuleBootstrap$Counters
instanceKlass jdk/internal/module/ModulePatcher
instanceKlass java/io/FileSystem
instanceKlass java/io/DefaultFileSystem
instanceKlass java/io/File
instanceKlass java/lang/module/ModuleDescriptor$1
instanceKlass jdk/internal/access/JavaLangModuleAccess
instanceKlass sun/invoke/util/VerifyAccess
instanceKlass java/util/KeyValueHolder
instanceKlass java/util/ImmutableCollections$MapN$MapNIterator
instanceKlass java/lang/StrictMath
instanceKlass java/lang/invoke/MethodHandles$Lookup
instanceKlass java/lang/invoke/MemberName$Factory
instanceKlass java/lang/invoke/MethodHandles
instanceKlass java/lang/module/ModuleDescriptor
instanceKlass jdk/internal/module/ModuleBootstrap
instanceKlass java/lang/Character$CharacterCache
instanceKlass java/util/HexFormat
instanceKlass jdk/internal/util/ClassFileDumper
instanceKlass sun/security/action/GetPropertyAction
instanceKlass java/lang/invoke/MethodHandleStatics
instanceKlass jdk/internal/misc/Blocker
instanceKlass java/util/concurrent/locks/AbstractQueuedSynchronizer$ConditionObject
instanceKlass java/util/concurrent/locks/Condition
instanceKlass java/util/Collections
instanceKlass java/lang/Thread$ThreadIdentifiers
instanceKlass sun/io/Win32ErrorMode
instanceKlass jdk/internal/misc/OSEnvironment
instanceKlass java/lang/Integer$IntegerCache
instanceKlass jdk/internal/misc/Signal$NativeHandler
instanceKlass java/util/Hashtable$Entry
instanceKlass jdk/internal/misc/Signal
instanceKlass java/lang/Terminator$1
instanceKlass jdk/internal/misc/Signal$Handler
instanceKlass java/lang/Terminator
instanceKlass java/nio/ByteOrder
instanceKlass java/nio/Buffer$2
instanceKlass jdk/internal/access/JavaNioAccess
instanceKlass java/nio/Buffer$1
instanceKlass jdk/internal/misc/ScopedMemoryAccess
instanceKlass java/nio/charset/CodingErrorAction
instanceKlass sun/nio/cs/SingleByte
instanceKlass java/lang/StringUTF16
instanceKlass sun/nio/cs/MS1252$Holder
instanceKlass sun/nio/cs/ArrayEncoder
instanceKlass java/nio/charset/CharsetEncoder
instanceKlass java/io/Writer
instanceKlass java/io/PrintStream$1
instanceKlass jdk/internal/access/JavaIOPrintStreamAccess
instanceKlass jdk/internal/misc/InternalLock
instanceKlass java/io/OutputStream
instanceKlass java/io/Flushable
instanceKlass java/io/FileDescriptor$1
instanceKlass jdk/internal/access/JavaIOFileDescriptorAccess
instanceKlass java/io/FileDescriptor
instanceKlass jdk/internal/util/StaticProperty
instanceKlass jdk/internal/reflect/MethodHandleAccessorFactory
instanceKlass java/lang/reflect/Modifier
instanceKlass java/lang/Class$1
instanceKlass java/lang/Class$Atomic
instanceKlass java/lang/Class$ReflectionData
instanceKlass java/nio/charset/StandardCharsets
instanceKlass sun/nio/cs/HistoricallyNamedCharset
instanceKlass java/nio/charset/spi/CharsetProvider
instanceKlass java/nio/charset/Charset
instanceKlass java/util/HashMap$HashIterator
instanceKlass java/util/concurrent/locks/LockSupport
instanceKlass java/util/concurrent/ConcurrentHashMap$Node
instanceKlass java/util/concurrent/ConcurrentHashMap$CounterCell
instanceKlass java/util/concurrent/locks/ReentrantLock
instanceKlass java/util/concurrent/locks/Lock
instanceKlass java/lang/CharacterData
instanceKlass java/util/Arrays
instanceKlass jdk/internal/util/Preconditions$3
instanceKlass jdk/internal/util/Preconditions$2
instanceKlass jdk/internal/util/Preconditions$4
instanceKlass java/util/function/BiFunction
instanceKlass jdk/internal/util/Preconditions$1
instanceKlass java/util/function/Function
instanceKlass jdk/internal/util/Preconditions
instanceKlass java/lang/Runtime
instanceKlass java/lang/VersionProps
instanceKlass java/lang/StringConcatHelper
instanceKlass java/util/HashMap$Node
instanceKlass java/util/Map$Entry
instanceKlass jdk/internal/util/ArraysSupport
instanceKlass jdk/internal/util/SystemProps$Raw
instanceKlass jdk/internal/util/SystemProps
instanceKlass java/lang/System$2
instanceKlass jdk/internal/access/JavaLangAccess
instanceKlass java/lang/ref/NativeReferenceQueue$Lock
instanceKlass java/lang/ref/ReferenceQueue
instanceKlass java/lang/ref/Reference$1
instanceKlass jdk/internal/access/JavaLangRefAccess
instanceKlass jdk/internal/reflect/ReflectionFactory
instanceKlass java/lang/Math
instanceKlass java/lang/StringLatin1
instanceKlass jdk/internal/reflect/Reflection
instanceKlass jdk/internal/reflect/ReflectionFactory$GetReflectionFactoryAction
instanceKlass java/security/PrivilegedAction
instanceKlass jdk/internal/access/SharedSecrets
instanceKlass java/lang/reflect/ReflectAccess
instanceKlass jdk/internal/access/JavaLangReflectAccess
instanceKlass java/util/ImmutableCollections
instanceKlass java/util/Objects
instanceKlass java/util/Set
instanceKlass jdk/internal/misc/CDS
instanceKlass java/lang/Module$ArchivedData
instanceKlass jdk/internal/misc/VM
instanceKlass java/lang/String$CaseInsensitiveComparator
instanceKlass java/util/Comparator
instanceKlass java/io/ObjectStreamField
instanceKlass jdk/internal/vm/FillerObject
instanceKlass jdk/internal/vm/vector/VectorSupport$VectorPayload
instanceKlass jdk/internal/vm/vector/VectorSupport
instanceKlass java/lang/reflect/RecordComponent
instanceKlass java/util/Iterator
instanceKlass java/lang/Number
instanceKlass java/lang/Character
instanceKlass java/lang/Boolean
instanceKlass java/util/concurrent/locks/AbstractOwnableSynchronizer
instanceKlass java/lang/LiveStackFrame
instanceKlass java/lang/StackFrameInfo
instanceKlass java/lang/StackWalker$StackFrame
instanceKlass java/lang/StackStreamFactory$AbstractStackWalker
instanceKlass java/lang/StackWalker
instanceKlass java/nio/Buffer
instanceKlass java/lang/StackTraceElement
instanceKlass java/util/RandomAccess
instanceKlass java/util/List
instanceKlass java/util/SequencedCollection
instanceKlass java/util/AbstractCollection
instanceKlass java/util/Collection
instanceKlass java/lang/Iterable
instanceKlass java/util/concurrent/ConcurrentMap
instanceKlass java/util/AbstractMap
instanceKlass java/security/CodeSource
instanceKlass jdk/internal/loader/ClassLoaders
instanceKlass java/util/jar/Manifest
instanceKlass java/lang/Enum
instanceKlass java/net/URL
instanceKlass java/io/InputStream
instanceKlass java/io/Closeable
instanceKlass java/lang/AutoCloseable
instanceKlass jdk/internal/module/Modules
instanceKlass jdk/internal/misc/Unsafe
instanceKlass jdk/internal/misc/UnsafeConstants
instanceKlass java/lang/AbstractStringBuilder
instanceKlass java/lang/Appendable
instanceKlass java/lang/AssertionStatusDirectives
instanceKlass jdk/internal/foreign/abi/ABIDescriptor
instanceKlass jdk/internal/foreign/abi/NativeEntryPoint
instanceKlass java/lang/invoke/CallSite
instanceKlass java/lang/invoke/MethodType
instanceKlass java/lang/invoke/TypeDescriptor$OfMethod
instanceKlass java/lang/invoke/LambdaForm
instanceKlass java/lang/invoke/MethodHandleNatives
instanceKlass java/lang/invoke/ResolvedMethodName
instanceKlass java/lang/invoke/MemberName
instanceKlass java/lang/invoke/VarHandle
instanceKlass java/lang/invoke/MethodHandle
instanceKlass jdk/internal/reflect/CallerSensitive
instanceKlass java/lang/annotation/Annotation
instanceKlass jdk/internal/reflect/FieldAccessor
instanceKlass jdk/internal/reflect/ConstantPool
instanceKlass jdk/internal/reflect/ConstructorAccessor
instanceKlass jdk/internal/reflect/MethodAccessor
instanceKlass jdk/internal/reflect/MagicAccessorImpl
instanceKlass jdk/internal/vm/StackChunk
instanceKlass jdk/internal/vm/Continuation
instanceKlass jdk/internal/vm/ContinuationScope
instanceKlass java/lang/reflect/Parameter
instanceKlass java/lang/reflect/Member
instanceKlass java/lang/reflect/AccessibleObject
instanceKlass java/lang/Module
instanceKlass java/util/Map
instanceKlass java/util/Dictionary
instanceKlass java/lang/ThreadGroup
instanceKlass java/lang/Thread$UncaughtExceptionHandler
instanceKlass java/lang/Thread$Constants
instanceKlass java/lang/Thread$FieldHolder
instanceKlass java/lang/Thread
instanceKlass java/lang/Runnable
instanceKlass java/lang/ref/Reference
instanceKlass java/lang/Record
instanceKlass java/security/AccessController
instanceKlass java/security/AccessControlContext
instanceKlass java/security/ProtectionDomain
instanceKlass java/lang/SecurityManager
instanceKlass java/lang/Throwable
instanceKlass java/lang/System
instanceKlass java/lang/ClassLoader
instanceKlass java/lang/Cloneable
instanceKlass java/lang/Class
instanceKlass java/lang/invoke/TypeDescriptor$OfField
instanceKlass java/lang/invoke/TypeDescriptor
instanceKlass java/lang/reflect/Type
instanceKlass java/lang/reflect/GenericDeclaration
instanceKlass java/lang/reflect/AnnotatedElement
instanceKlass java/lang/String
instanceKlass java/lang/constant/ConstantDesc
instanceKlass java/lang/constant/Constable
instanceKlass java/lang/CharSequence
instanceKlass java/lang/Comparable
instanceKlass java/io/Serializable
ciInstanceKlass java/lang/Object 1 1 124 7 1 10 12 1 1 10 7 12 1 1 1 10 7 12 1 1 1 10 12 1 1 8 1 10 12 1 1 10 7 12 1 1 1 10 12 1 10 12 1 1 10 7 12 1 1 1 10 12 1 10 12 1 7 1 10 7 12 1 1 1 10 12 1 1 10 12 1 100 1 8 1 10 12 1 3 8 1 7 1 5 0 1 1 1 1 1 1 1 1 1 1 1 1 1 1 1 1 7 1 1 1 1 1 1 1 1 1 1 7 1 1 1 1 1 1 1 1 1 1 3 1 1
ciInstanceKlass java/io/Serializable 1 0 7 100 1 100 1 1 1
ciInstanceKlass java/lang/System 1 1 834 10 7 12 1 1 1 9 7 12 1 1 1 10 12 1 10 12 1 1 10 12 1 1 10 12 1 9 12 1 1 10 7 12 1 1 1 11 100 12 1 1 1 10 100 12 1 1 1 10 12 1 1 10 12 1 1 100 1 8 1 10 12 1 10 7 12 1 1 1 10 7 12 1 1 1 18 12 1 1 10 7 12 1 1 1 7 1 10 12 1 1 10 7 12 1 1 1 10 12 1 10 7 12 1 1 1 9 100 12 1 1 1 10 7 12 1 1 1 11 7 12 1 1 1 10 12 1 1 10 7 12 1 1 1 7 1 10 10 12 1 1 8 1 10 12 1 8 1 10 12 1 9 12 1 1 8 1 10 7 12 1 1 1 10 12 1 1 100 1 8 1 10 9 12 1 1 8 1 10 12 1 1 10 100 12 1 1 1 8 1 10 12 1 7 1 10 12 1 8 1 10 12 1 10 12 1 1 100 1 10 12 10 12 1 9 12 1 1 9 12 1 1 10 7 12 1 1 1 10 7 12 1 1 1 10 12 1 1 10 12 1 10 12 1 10 7 12 1 1 1 10 12 1 100 1 100 1 8 1 10 12 1 10 12 1 1 7 1 10 12 1 100 1 8 1 10 10 12 1 100 1 8 1 10 8 1 10 7 12 1 1 8 1 10 12 100 1 8 1 10 10 12 1 1 10 7 12 1 1 1 100 1 18 12 1 100 1 9 100 12 1 1 1 10 12 1 100 1 10 12 1 1 10 12 1 1 10 7 12 1 1 1 10 12 1 1 10 12 1 10 12 1 10 12 1 1 10 12 1 7 1 10 12 1 9 7 12 1 1 1 10 7 12 1 1 1 10 12 1 10 12 1 10 7 12 1 1 1 7 1 8 1 10 9 12 1 9 12 1 10 12 1 10 7 12 1 1 10 12 1 10 12 1 1 8 1 10 12 1 1 8 1 11 12 1 10 12 11 12 1 1 11 7 12 1 1 1 11 7 12 1 1 11 12 1 1 7 1 11 12 1 10 12 1 8 1 10 12 1 1 8 1 8 1 8 1 8 1 11 12 1 10 12 1 10 12 1 10 12 1 8 1 10 12 1 1 8 1 9 12 1 8 1 10 7 12 1 1 8 1 7 1 9 7 12 1 1 1 10 12 1 7 1 9 12 10 9 12 7 1 10 12 9 12 1 1 8 1 10 12 1 1 8 1 10 7 12 1 1 10 12 1 10 12 1 1 11 7 12 1 1 10 12 10 7 12 1 1 1 9 12 1 1 7 1 8 1 10 12 1 1 10 7 12 1 1 1 7 1 10 12 1 1 10 12 1 8 1 8 1 10 8 1 8 1 8 1 8 1 10 10 7 12 1 1 10 12 1 10 12 1 1 10 12 1 1 10 12 1 10 100 12 1 1 1 10 7 1 8 1 10 10 10 12 1 1 10 12 1 1 8 1 10 12 1 8 1 8 1 10 12 1 10 7 12 1 1 1 10 12 1 1 7 1 10 10 12 1 10 12 1 9 12 1 1 3 1 3 1 1 1 1 1 1 1 1 1 1 1 1 100 1 1 100 1 1 1 1 1 1 1 1 1 1 1 100 1 7 1 1 1 1 1 1 1 1 1 1 1 1 1 1 1 1 1 1 1 1 1 1 1 1 1 1 1 1 1 1 1 1 1 1 1 1 1 1 1 1 1 1 1 1 1 1 1 1 1 1 1 1 1 1 1 1 1 1 100 1 1 1 1 1 1 1 1 1 1 1 1 1 1 1 1 1 1 1 1 1 1 1 1 1 1 1 1 1 1 1 1 1 100 1 1 16 15 10 12 1 1 16 15 10 12 16 1 15 10 100 12 1 1 1 1 1 1 1 1 1 100 1 100 1 1
staticfield java/lang/System in Ljava/io/InputStream; java/io/BufferedInputStream
staticfield java/lang/System out Ljava/io/PrintStream; java/io/PrintStream
staticfield java/lang/System err Ljava/io/PrintStream; java/io/PrintStream
ciInstanceKlass java/lang/SecurityManager 0 0 576 10 7 12 1 1 1 9 7 12 1 1 1 10 7 12 1 1 1 100 1 8 1 10 12 1 10 12 1 1 10 7 12 1 1 1 10 7 1 10 100 1 10 9 100 12 1 1 1 10 7 12 1 1 1 10 12 1 1 10 7 12 1 1 100 1 8 1 10 9 12 1 1 9 12 1 8 1 9 12 1 7 1 10 8 1 10 12 1 1 10 12 1 10 12 1 1 100 1 10 10 12 1 1 100 1 8 1 10 12 1 8 1 8 1 8 1 8 1 8 1 8 1 10 12 1 8 1 8 1 8 1 8 1 8 1 10 7 12 1 1 1 10 12 1 1 8 1 100 1 8 1 10 8 1 8 1 8 1 8 1 8 1 10 100 12 1 1 8 1 100 1 8 1 8 1 10 8 1 10 12 1 100 1 8 1 10 10 12 1 1 10 12 1 10 12 1 10 12 1 10 100 12 1 1 1 10 12 1 10 100 12 1 1 11 100 12 1 1 1 18 12 1 1 11 100 12 1 1 1 18 12 1 1 11 12 1 1 18 18 11 12 1 18 12 1 11 12 1 1 9 12 1 1 9 12 1 9 12 1 9 12 1 100 1 10 100 12 1 1 10 12 1 10 12 1 18 12 1 18 10 100 12 1 1 1 18 12 1 10 12 1 18 18 8 1 10 12 1 9 12 1 1 11 7 12 1 1 1 8 1 100 1 10 12 1 10 12 1 1 10 12 1 1 9 12 1 1 10 12 1 10 12 1 1 8 1 100 1 10 9 12 1 8 1 10 12 1 8 1 100 1 10 10 100 12 1 1 10 100 1 9 7 12 1 1 1 11 12 1 1 10 12 1 11 12 1 10 12 1 7 1 10 10 12 1 1 10 12 1 1 1 1 1 1 1 1 1 1 1 7 1 1 1 1 1 1 1 1 1 1 1 1 1 1 1 1 1 1 1 1 1 1 1 1 1 1 1 1 1 1 1 1 1 1 1 1 1 1 1 1 1 1 1 1 1 1 1 1 1 1 1 1 1 1 1 1 3 1 1 1 1 1 1 1 1 1 1 100 1 1 1 1 1 1 1 1 1 1 1 1 1 1 1 1 1 1 1 1 1 1 1 1 1 1 1 1 1 1 1 1 1 1 1 1 1 1 16 15 10 7 12 1 1 1 16 1 16 15 10 12 16 1 15 10 12 16 15 11 7 1 16 1 16 1 15 10 12 16 15 10 12 16 15 10 12 1 16 1 15 11 12 1 15 10 12 16 15 10 16 1 15 10 100 12 1 1 1 1 1 1 100 1 100 1 1
ciInstanceKlass java/security/AccessController 1 1 295 10 7 12 1 1 1 10 7 12 1 1 1 10 7 12 1 1 1 10 12 1 1 10 12 1 1 10 7 12 1 1 1 10 12 1 1 10 12 1 10 12 1 1 10 12 1 100 1 8 1 10 12 1 10 12 1 10 12 1 1 10 12 1 7 1 7 1 10 12 1 1 10 12 1 10 12 1 10 12 1 1 10 7 12 1 1 1 10 12 1 1 9 100 12 1 1 1 10 7 12 1 1 1 10 12 1 10 12 1 9 100 12 1 1 1 10 12 1 10 12 1 1 9 12 1 1 10 100 1 10 11 7 12 1 1 1 10 7 12 1 1 11 7 1 100 1 10 12 1 10 12 1 10 12 1 8 1 10 12 1 1 8 1 10 100 12 1 1 1 8 1 7 1 10 10 12 1 1 10 12 1 10 7 12 1 1 1 10 12 1 8 1 10 7 12 1 1 8 1 8 1 10 12 1 8 1 10 12 1 10 12 1 1 10 12 1 1 1 1 1 1 1 1 1 1 1 1 1 1 1 1 1 1 1 1 1 1 1 1 1 1 1 1 100 1 1 1 1 1 1 1 1 1 1 1 1 1 1 1 1 1 1 1 1 1 1 1 1 1 1 1 1 1 1 1 1 1 1 100 1 100 1 1 1 1 1 1 1 1 1 3 1 1 1
staticfield java/security/AccessController $assertionsDisabled Z 1
ciInstanceKlass java/security/ProtectionDomain 1 1 348 10 7 12 1 1 1 9 7 12 1 1 1 7 1 10 9 12 1 1 9 12 1 1 9 12 1 1 10 7 12 1 1 7 1 9 12 1 9 12 1 1 7 1 9 12 1 1 9 12 1 10 100 12 1 1 10 100 12 1 1 1 10 12 1 1 10 12 1 9 12 1 9 100 12 1 1 10 12 1 1 10 100 1 10 12 1 1 8 1 7 1 8 1 10 12 1 10 11 10 7 12 1 1 1 10 12 1 1 8 1 11 8 1 10 12 1 8 1 8 1 10 12 1 1 10 12 1 10 12 1 1 10 12 1 8 1 10 12 1 8 1 8 1 10 7 12 1 1 1 9 100 12 1 1 1 10 12 1 1 9 100 12 1 1 1 10 7 12 1 1 1 100 1 18 12 1 1 10 7 12 1 1 1 10 7 1 10 12 1 10 12 1 1 11 100 12 1 1 11 12 1 100 1 11 7 12 1 1 1 10 12 1 10 11 12 1 1 11 12 1 1 10 12 1 10 7 12 1 1 10 100 12 1 1 11 12 1 10 12 10 12 1 8 1 8 1 10 7 12 1 1 1 7 1 10 10 7 12 1 1 1 1 1 1 1 1 1 1 7 1 1 7 1 1 1 1 1 1 1 1 1 1 1 1 1 1 1 1 1 1 1 1 1 1 1 1 1 1 1 1 1 1 1 1 1 1 1 1 1 1 1 1 1 1 1 1 7 1 1 1 1 1 1 100 1 1 16 15 10 12 16 15 10 100 12 1 1 1 1 1 1 1 100 1 100 1 1
staticfield java/security/ProtectionDomain filePermCompatInPD Z 0
ciInstanceKlass java/security/CodeSource 1 1 398 10 7 12 1 1 1 9 7 12 1 1 1 9 12 1 1 9 12 1 1 9 12 1 1 10 7 12 1 1 1 9 12 1 1 10 100 12 1 1 10 100 10 7 12 1 1 1 10 100 12 1 1 1 10 12 1 1 7 1 10 10 100 12 1 1 1 10 100 12 1 1 1 10 12 1 1 100 1 10 12 1 1 10 12 1 1 10 12 1 1 10 12 1 10 10 10 12 1 1 10 7 12 1 1 1 10 12 1 10 12 1 10 12 1 8 1 10 12 1 10 12 1 10 12 1 1 10 12 1 8 1 10 12 1 1 10 7 1 10 10 12 1 1 8 1 10 12 1 10 12 1 10 12 1 8 1 8 1 9 12 1 1 100 1 8 1 10 12 1 10 12 1 1 8 1 10 12 1 8 1 8 1 8 1 10 100 12 1 1 10 12 1 1 10 12 1 10 12 1 1 10 12 1 1 10 12 1 1 100 1 100 1 10 12 1 10 12 10 12 1 1 10 100 12 1 1 10 12 1 7 1 10 12 10 100 12 1 1 1 10 8 1 10 12 1 10 12 1 10 12 1 1 100 1 10 12 1 1 100 1 7 1 8 1 8 1 10 10 12 1 1 10 100 12 1 1 1 7 1 10 12 10 12 1 1 11 7 12 1 1 10 10 12 1 11 10 12 1 8 1 100 1 10 12 1 10 12 1 1 10 12 1 11 12 1 1 7 1 1 1 1 5 0 1 1 1 1 1 1 1 1 1 1 1 1 1 1 1 1 1 1 1 1 1 1 1 1 1 1 1 1 1 1 1 1 1 1 1 1 1 1 1 1 1 1 1 1 1 1 1 1 1 1 1 1 1 1 1 1 1 1 1 1 1 1 1 1 1 1 100 1 1 1 1 1 1 1
ciInstanceKlass java/lang/Boolean 1 1 152 10 7 12 1 1 1 9 7 12 1 1 1 10 12 1 1 10 12 1 8 1 10 7 12 1 1 9 12 1 1 9 12 1 10 12 1 1 10 12 1 1 10 12 1 1 10 7 12 1 1 1 100 1 100 1 10 12 1 1 9 100 12 1 1 9 12 10 100 12 1 1 1 10 12 1 1 8 1 10 7 12 1 1 1 9 12 1 1 7 1 7 1 7 1 1 1 1 1 1 5 0 1 1 1 1 1 1 1 1 1 1 3 1 1 1 1 1 1 1 1 1 1 1 1 1 1 1 1 1 1 7 1 1 1 1 1 1 1 1 1 1 100 1 1 1 1 1 1 1 1 1
staticfield java/lang/Boolean TRUE Ljava/lang/Boolean; java/lang/Boolean
staticfield java/lang/Boolean FALSE Ljava/lang/Boolean; java/lang/Boolean
staticfield java/lang/Boolean TYPE Ljava/lang/Class; java/lang/Class
ciInstanceKlass java/lang/Comparable 1 0 12 100 1 100 1 1 1 1 1 1 1 1
ciInstanceKlass java/lang/constant/Constable 1 0 11 100 1 100 1 1 1 1 1 1 1
ciInstanceKlass java/util/Map 1 1 263 11 7 12 1 1 1 11 12 1 1 10 7 12 1 1 11 12 1 1 11 7 12 1 1 1 11 7 12 1 1 1 11 12 1 1 7 1 11 12 1 11 12 1 100 1 100 1 10 12 1 1 11 7 12 1 1 1 11 100 12 1 1 1 11 12 1 11 12 1 10 12 1 1 11 12 1 11 100 12 1 9 7 12 1 1 1 7 1 10 12 7 1 7 1 10 12 1 7 1 10 7 1 11 12 1 11 12 1 1 11 12 1 1 7 1 11 12 1 1 1 1 1 1 1 1 1 1 1 1 1 1 1 1 1 1 1 1 1 1 1 1 1 1 1 1 1 1 1 1 1 1 1 1 1 1 1 1 1 1 1 1 1 1 1 1 1 1 1 1 1 1 1 1 1 1 1 1 1 1 1 1 1 1 1 1 1 1 1 1 1 1 1 1 1 1 1 1 1 1 1 1 1 1 1 1 1 1 1 1 1 1 1 1 1 1 1 1 1 1 1 1 1 1 1 1 1 1 1 1 1 1 1 1 1 1 1 1 1 1 1 1 1 1 100 1 1 1 1 1 1 1 1 1 1 1 1 1 1 1 1 1 1
ciInstanceKlass java/lang/Class 1 1 1687 10 7 12 1 1 1 9 7 12 1 1 1 9 12 1 1 10 12 1 1 8 1 10 12 1 8 1 8 1 10 12 1 1 10 7 12 1 1 1 10 12 1 7 1 10 10 12 1 10 12 1 1 10 12 1 1 10 12 1 1 10 7 12 1 1 10 12 1 10 12 1 10 12 1 8 1 10 12 1 8 1 10 12 1 8 1 8 1 10 12 1 1 10 7 12 1 1 1 18 12 1 1 11 7 12 1 1 1 8 1 8 1 8 1 10 7 12 1 1 1 11 12 1 1 8 1 10 12 1 10 11 7 12 1 1 1 11 7 12 1 1 1 11 8 1 18 8 1 10 12 1 10 7 12 1 1 10 12 1 1 10 7 12 1 1 1 10 12 1 1 10 12 1 1 10 7 12 1 1 1 10 12 9 100 12 1 1 1 10 7 12 1 1 1 10 12 1 10 7 12 1 1 1 10 12 1 1 18 12 1 1 10 7 12 1 1 1 10 7 12 1 10 12 1 1 10 7 1 7 1 10 12 1 1 9 12 1 1 7 1 8 1 10 12 1 10 12 1 1 10 12 1 1 10 7 12 1 1 1 7 1 10 12 1 7 1 7 1 10 10 12 1 1 10 12 1 1 100 1 10 7 12 1 1 1 10 12 1 1 10 12 1 1 9 12 1 1 10 12 1 10 12 1 1 9 12 1 1 9 12 1 1 10 12 1 1 10 7 1 10 12 1 10 12 1 10 12 1 1 10 9 12 1 10 12 1 8 1 10 12 1 1 10 12 1 1 10 12 1 10 12 1 1 10 12 1 1 10 12 1 1 9 7 12 1 1 1 10 7 12 1 1 10 12 10 12 1 10 12 1 10 12 1 10 12 1 9 100 12 1 1 1 9 12 1 10 12 1 10 100 12 1 1 1 10 12 1 1 10 100 12 1 1 10 12 1 10 12 1 1 10 100 12 1 1 1 10 12 1 10 12 1 1 10 12 1 10 12 1 10 12 1 1 10 7 1 10 10 10 12 1 1 10 12 1 1 10 12 10 10 12 1 1 7 1 8 1 10 10 12 1 1 10 12 1 100 1 11 12 1 10 100 12 1 1 10 12 1 10 12 1 10 100 12 1 1 10 10 12 1 1 8 1 10 12 1 10 12 1 1 8 1 10 12 1 9 12 1 10 12 1 10 12 1 10 12 1 10 12 7 1 9 12 1 10 12 1 9 12 1 10 12 1 10 12 1 10 12 1 10 10 12 1 10 12 1 10 7 12 1 1 10 12 1 10 12 1 10 12 1 1 10 12 1 10 12 1 10 12 1 100 1 10 12 1 10 12 1 1 10 12 1 1 10 12 1 1 10 12 1 1 10 12 1 1 10 12 1 1 7 1 10 10 12 1 1 10 12 1 1 10 12 1 1 10 10 12 1 10 12 1 1 10 12 1 1 10 12 1 1 10 12 1 1 7 1 10 10 12 11 7 12 1 1 10 12 1 10 12 1 10 7 12 1 1 1 10 12 1 1 10 10 12 1 1 7 1 10 10 12 1 1 10 7 12 1 1 1 100 1 7 1 10 12 1 1 10 12 1 10 10 12 1 1 10 12 1 10 12 1 10 12 1 10 100 12 1 1 1 11 7 12 1 1 10 12 1 10 12 1 9 12 1 10 12 1 1 10 12 1 9 7 12 1 1 1 9 12 1 10 100 12 1 1 1 10 12 1 10 12 1 10 100 12 1 1 1 10 12 1 10 12 10 12 1 1 100 1 10 8 1 10 12 1 11 11 12 1 1 11 7 12 1 1 11 12 1 8 1 10 12 1 10 12 1 1 9 12 1 9 12 1 1 10 7 12 1 1 9 12 1 10 12 1 1 10 10 12 1 10 7 12 1 1 1 10 7 12 1 1 10 7 12 1 1 9 12 1 1 10 12 1 9 12 1 10 12 1 10 12 1 1 9 12 1 1 9 12 1 10 12 1 10 12 1 1 9 12 1 7 1 10 10 12 1 1 7 1 10 12 1 1 7 11 7 1 9 12 1 1 9 12 1 7 1 10 12 1 9 12 1 1 9 12 1 10 12 1 10 12 1 1 9 12 1 7 1 10 10 12 1 1 10 10 12 1 10 12 10 10 12 1 9 12 1 10 12 1 1 10 7 12 1 1 1 10 12 1 1 10 12 1 8 10 7 8 1 18 8 1 8 1 10 12 1 9 12 1 9 12 1 1 10 12 1 7 1 7 1 10 12 1 9 12 1 1 7 1 10 10 12 1 10 7 1 9 12 1 8 1 10 12 1 7 1 10 12 1 10 12 1 1 100 1 7 1 9 12 1 100 1 8 1 10 10 7 12 1 1 1 10 12 11 7 12 1 1 1 10 12 1 10 12 1 1 10 8 1 8 1 10 12 1 1 9 7 12 1 1 11 12 7 1 11 7 12 1 1 9 12 1 10 100 12 1 1 1 10 7 12 1 1 10 12 1 1 9 12 1 9 10 12 1 1 10 12 1 1 10 12 1 1 10 12 1 1 10 12 1 1 11 12 1 7 1 11 12 1 10 7 12 1 1 1 10 12 1 11 12 1 10 100 12 1 1 1 10 12 1 10 100 12 1 1 1 11 12 1 11 12 1 1 10 12 1 10 12 1 1 9 12 1 1 9 100 12 1 1 10 12 1 10 100 12 1 1 1 10 12 1 1 10 12 1 10 12 1 10 12 1 10 7 12 1 1 1 10 12 1 8 1 10 12 1 10 12 1 10 12 1 100 1 10 12 10 100 12 1 1 1 11 100 12 1 1 1 10 12 1 1 10 12 1 18 12 1 1 11 12 1 1 18 11 12 1 18 12 1 11 12 1 10 12 1 1 10 12 1 10 12 1 10 12 1 10 12 1 10 12 10 12 1 8 1 10 12 1 7 1 9 12 1 1 7 1 7 1 7 1 7 1 1 1 3 1 3 1 3 1 1 1 1 1 1 1 5 0 1 1 1 1 1 1 1 1 1 1 1 1 1 1 1 1 1 1 1 1 1 1 1 1 100 1 1 1 1 1 1 1 100 1 1 1 1 1 7 1 1 1 1 1 1 1 1 1 1 1 1 1 1 1 1 1 1 1 1 1 1 1 1 1 1 1 1 1 1 1 1 1 1 1 1 1 1 1 1 1 1 100 1 1 1 1 1 1 1 1 1 1 1 1 1 1 1 1 1 1 1 1 1 1 1 1 1 1 1 1 1 1 1 100 1 1 1 1 1 1 1 1 1 1 1 1 1 1 1 1 1 1 1 1 3 1 1 1 1 1 1 1 1 1 1 1 1 1 1 1 1 1 1 1 1 1 1 1 1 1 1 1 1 1 1 1 1 1 1 1 7 1 7 1 1 1 1 1 1 1 7 1 1 1 1 1 1 1 1 1 1 1 1 1 1 1 1 1 1 1 1 1 1 1 1 1 1 1 1 1 1 1 1 1 1 1 1 1 1 1 1 1 1 1 1 1 1 1 1 1 1 1 1 1 1 1 1 1 1 1 1 1 1 1 1 1 1 1 1 1 1 1 1 1 1 1 1 1 1 1 1 1 1 1 1 1 1 1 1 1 1 1 1 1 1 1 1 1 1 1 1 1 1 1 1 1 1 1 1 1 1 1 1 1 1 1 1 1 1 1 1 1 1 1 1 16 15 10 12 16 15 11 12 16 1 16 15 16 15 10 12 16 16 15 10 12 16 15 16 1 15 10 12 16 15 10 7 12 1 1 1 1 1 1 1 1 1 1 1 1 1 7 1 1 100 1 100 1 1 100 1 100 1 1 100 1 100 1 1
staticfield java/lang/Class EMPTY_CLASS_ARRAY [Ljava/lang/Class; 0 [Ljava/lang/Class;
staticfield java/lang/Class serialPersistentFields [Ljava/io/ObjectStreamField; 0 [Ljava/io/ObjectStreamField;
ciInstanceKlass java/lang/reflect/AnnotatedElement 1 1 164 11 7 12 1 1 1 11 12 1 1 7 1 10 100 12 1 1 1 10 12 1 1 10 12 1 1 10 12 1 10 100 12 1 1 1 11 12 1 1 11 7 12 1 1 10 7 12 1 1 1 10 12 1 10 100 12 1 1 1 18 12 1 1 11 100 12 1 1 18 12 1 18 12 1 1 10 100 12 1 1 1 11 100 12 1 1 1 7 1 10 100 12 1 1 1 1 1 1 1 1 1 1 1 1 1 1 1 1 1 1 1 1 1 1 1 1 1 100 1 1 1 1 1 1 1 1 1 1 1 16 15 16 1 16 1 15 11 12 16 16 1 15 10 100 12 1 1 1 16 1 15 10 100 12 1 1 1 1 100 1 100 1 1
ciInstanceKlass java/lang/invoke/TypeDescriptor 1 0 17 100 1 100 1 1 1 1 1 1 100 1 100 1 1 1 1
ciInstanceKlass java/lang/reflect/GenericDeclaration 1 0 30 7 1 7 1 7 1 1 1 1 1 1 1 1 100 1 8 1 1 12 10 1 1 1 8 1 1 1 8 1
ciInstanceKlass java/lang/reflect/Type 1 1 17 11 100 12 1 1 1 100 1 1 1 1 1 1 1 1 1
ciInstanceKlass java/lang/invoke/TypeDescriptor$OfField 1 0 21 100 1 100 1 100 1 1 1 1 1 1 1 1 1 1 1 1 1 1 1
ciInstanceKlass java/lang/StringBuilder 1 1 422 10 7 12 1 1 1 10 12 1 10 12 1 10 12 1 1 10 7 12 1 1 1 10 7 12 1 1 1 10 12 1 10 12 1 10 12 1 10 12 1 10 12 1 10 12 1 10 12 1 10 12 1 10 12 1 10 12 1 10 12 1 10 12 1 10 12 1 10 12 1 1 10 12 1 10 12 1 1 10 12 1 1 10 12 1 10 12 1 10 12 1 10 12 1 10 12 1 10 12 1 10 12 1 10 12 10 12 1 10 12 1 10 12 1 10 12 1 1 10 12 1 10 12 1 10 12 10 12 1 1 10 12 1 10 12 1 10 12 1 10 100 12 1 1 1 9 12 1 1 10 12 1 10 12 1 1 10 12 1 1 9 12 1 1 10 100 12 1 1 1 10 100 1 10 12 1 1 10 100 12 1 1 10 12 1 10 12 1 1 100 1 100 1 8 1 10 10 12 1 1 10 12 1 10 12 1 10 12 1 1 10 12 1 10 12 1 10 12 1 10 12 1 10 12 1 10 12 10 12 1 10 12 1 10 12 1 10 12 1 10 12 1 10 12 1 10 12 1 10 12 1 10 12 1 1 10 12 1 1 10 12 1 10 12 1 10 12 1 10 12 10 12 10 12 1 10 12 1 10 12 1 10 12 10 12 1 10 12 1 10 12 1 10 12 1 10 12 1 10 12 1 10 12 1 10 12 1 10 12 1 1 10 12 1 10 12 1 1 10 12 1 10 12 1 1 10 12 1 10 12 1 1 10 12 1 10 12 1 10 12 1 10 10 12 1 10 12 1 7 1 7 1 7 1 7 1 1 1 1 5 0 1 1 1 1 1 1 1 1 1 1 1 1 1 1 1 1 1 1 1 1 1 1 1 1 1 1 1 1 1 1 1 1 1 1 1 1 1 1 1 1 1 1 1 1 100 1 1 1 7 1 1 1 1 1 1 1 1 1 1 1
instanceKlass java/lang/StringBuilder
instanceKlass java/lang/StringBuffer
ciInstanceKlass java/lang/AbstractStringBuilder 1 1 609 7 1 10 7 12 1 1 1 9 7 12 1 1 1 9 12 1 9 12 1 1 9 12 1 1 10 7 12 1 1 1 10 12 1 1 7 1 3 3 10 12 1 10 12 1 1 11 7 1 100 1 7 1 10 8 1 10 12 1 10 12 1 10 12 1 1 10 12 1 10 12 1 9 12 1 10 12 1 9 12 1 1 10 12 1 1 10 7 12 1 1 1 10 10 12 1 10 12 1 10 12 1 1 10 12 1 1 10 7 12 1 1 1 10 7 12 1 1 1 7 1 8 1 10 10 12 1 1 100 1 10 12 10 12 1 1 10 10 7 12 1 1 1 10 12 1 1 10 12 1 1 10 12 1 1 10 12 1 1 10 10 7 12 1 1 1 10 12 1 100 1 10 10 7 12 1 1 1 9 12 1 1 9 12 1 10 12 1 1 10 10 12 1 1 10 12 10 12 1 10 12 1 1 10 12 1 1 10 12 1 1 10 12 1 10 12 1 1 10 12 1 1 10 12 1 10 12 1 1 8 1 10 12 1 1 10 12 1 10 12 1 10 12 1 10 12 1 10 12 1 10 12 1 10 7 12 1 1 10 12 1 10 12 1 10 100 12 1 1 1 100 1 100 1 10 12 1 10 100 12 1 1 10 12 1 10 12 1 1 10 12 1 10 12 1 1 10 12 1 10 12 1 1 10 12 1 1 10 10 7 12 1 1 1 10 12 1 10 12 1 10 12 1 1 10 12 1 10 12 1 10 12 1 10 12 1 10 12 1 10 12 1 10 12 1 10 12 1 1 10 12 1 10 12 1 10 12 10 12 1 1 18 12 1 1 100 1 10 100 12 1 1 1 18 10 12 1 1 10 12 1 1 10 12 1 10 12 1 1 11 12 1 1 10 12 1 10 12 10 10 10 12 1 10 5 0 10 10 12 1 1 100 1 8 1 10 10 12 1 1 10 100 12 1 1 1 10 12 1 10 12 1 1 100 1 10 12 100 1 10 100 1 10 7 1 1 1 1 1 1 1 1 1 1 1 100 1 1 1 1 1 1 1 1 1 1 1 1 1 1 1 1 1 1 1 1 1 1 1 1 1 1 1 1 1 1 1 1 1 1 1 1 1 1 1 1 1 1 1 1 1 1 1 1 1 1 1 1 1 1 1 1 1 1 1 1 1 1 1 1 1 1 1 1 1 1 1 1 1 1 1 1 1 1 1 1 1 1 1 1 1 1 1 1 1 1 1 1 1 1 1 1 1 1 1 100 1 1 1 1 1 1 1 1 1 1 1 1 1 1 1 1 1 100 1 1 1 1 1 1 7 1 1 16 1 15 10 12 16 15 10 12 15 10 100 12 1 1 1 1 1 1 1 100 1 100 1 1
staticfield java/lang/AbstractStringBuilder EMPTYVALUE [B 0
ciInstanceKlass java/lang/Appendable 1 0 14 100 1 100 1 1 1 1 100 1 1 1 1 1
ciInstanceKlass java/lang/CharSequence 1 1 131 11 7 12 1 1 1 18 12 1 1 100 1 10 100 12 1 1 1 18 10 100 12 1 1 1 11 12 1 1 11 7 1 11 12 1 1 10 100 12 1 1 1 11 12 1 1 100 1 10 12 1 1 10 100 12 1 1 1 100 1 10 10 12 1 1 7 1 1 1 1 1 1 1 1 1 1 1 1 1 1 1 1 1 1 1 1 1 1 1 1 1 1 1 1 1 1 1 1 1 16 1 15 11 12 16 15 11 12 15 10 100 12 1 1 1 1 1 100 1 100 1 1 100 1 1 100 1 100 1 1
ciInstanceKlass java/lang/AutoCloseable 1 0 12 100 1 100 1 1 1 1 100 1 1 1
ciInstanceKlass java/io/Closeable 1 0 14 100 1 100 1 100 1 1 1 1 100 1 1 1
instanceKlass org/apache/commons/codec/EncoderException
instanceKlass org/apache/commons/codec/DecoderException
instanceKlass com/google/protobuf/Descriptors$DescriptorValidationException
instanceKlass org/sonarsource/analyzer/commons/internal/json/simple/parser/ParseException
instanceKlass org/sonarsource/analyzer/commons/internal/json/simple/parser/ParseException
instanceKlass javax/xml/stream/XMLStreamException
instanceKlass com/google/protobuf/Descriptors$DescriptorValidationException
instanceKlass org/eclipse/jgit/errors/InvalidPatternException
instanceKlass org/eclipse/jgit/errors/BinaryBlobException
instanceKlass org/eclipse/jgit/errors/CommandFailedException
instanceKlass org/tmatesoft/svn/core/SVNException
instanceKlass org/eclipse/jgit/api/errors/GitAPIException
instanceKlass org/eclipse/jgit/errors/ConfigInvalidException
instanceKlass java/util/concurrent/TimeoutException
instanceKlass java/beans/IntrospectionException
instanceKlass java/util/zip/DataFormatException
instanceKlass com/google/protobuf/Utf8$UnpairedSurrogateException
instanceKlass sun/security/ec/ECOperations$IntermediateValueException
instanceKlass sun/nio/fs/WindowsException
instanceKlass java/security/PrivilegedActionException
instanceKlass sun/security/pkcs11/wrapper/PKCS11Exception
instanceKlass javax/naming/NamingException
instanceKlass org/springframework/expression/AccessException
instanceKlass java/util/concurrent/ExecutionException
instanceKlass java/security/GeneralSecurityException
instanceKlass java/text/ParseException
instanceKlass java/net/URISyntaxException
instanceKlass java/lang/CloneNotSupportedException
instanceKlass ch/qos/logback/core/boolex/EvaluationException
instanceKlass java/lang/InterruptedException
instanceKlass ch/qos/logback/core/model/processor/ModelHandlerException
instanceKlass ch/qos/logback/core/spi/ScanException
instanceKlass ch/qos/logback/core/joran/spi/ActionException
instanceKlass javax/xml/parsers/ParserConfigurationException
instanceKlass org/xml/sax/SAXException
instanceKlass ch/qos/logback/core/util/DynamicClassLoadingException
instanceKlass ch/qos/logback/core/util/IncompatibleClassException
instanceKlass ch/qos/logback/core/joran/spi/JoranException
instanceKlass java/io/IOException
instanceKlass java/lang/ReflectiveOperationException
instanceKlass java/lang/RuntimeException
ciInstanceKlass java/lang/Exception 1 1 40 10 7 12 1 1 1 10 12 1 10 12 1 10 12 1 10 12 1 100 1 1 1 1 5 0 1 1 1 1 1 1 1 1 1 1 1 1 1 1
instanceKlass java/lang/Exception
instanceKlass java/lang/Error
ciInstanceKlass java/lang/Throwable 1 1 404 10 7 12 1 1 1 9 7 12 1 1 1 9 12 1 1 9 12 1 9 12 1 1 9 12 1 10 12 1 1 9 12 1 1 10 12 1 1 10 12 1 100 1 7 1 10 8 1 10 12 1 1 8 1 10 7 12 1 1 10 10 12 1 100 1 8 1 10 10 12 1 1 10 7 12 1 1 10 12 1 8 1 9 7 12 1 1 1 10 12 1 1 100 1 10 12 10 12 1 10 100 12 1 1 1 100 1 10 12 10 12 1 10 12 1 100 1 10 10 7 12 1 1 1 11 100 12 1 1 1 10 12 1 1 10 12 1 1 8 1 10 12 1 10 12 1 1 8 1 8 1 10 12 1 1 10 12 1 8 1 8 1 9 12 1 1 10 12 1 1 100 1 10 11 12 1 8 1 8 1 10 7 12 1 1 8 1 10 12 1 8 1 100 1 10 12 1 9 12 1 1 10 12 1 10 100 12 1 9 12 1 1 10 12 1 1 100 1 8 1 10 12 1 10 100 12 1 1 10 12 1 1 7 1 10 100 12 1 1 1 10 12 1 11 7 12 1 1 1 11 7 12 1 1 11 12 1 8 1 10 12 1 1 8 1 10 10 9 100 12 1 1 1 8 1 10 12 1 1 11 10 100 1 8 1 10 11 12 1 1 8 1 9 12 1 10 100 12 1 1 11 9 12 1 1 11 12 1 1 100 10 12 1 10 12 1 1 7 1 1 1 1 5 0 1 1 1 1 1 1 1 1 1 1 1 1 1 7 1 1 1 1 1 1 1 1 1 1 1 1 1 1 1 1 1 1 1 1 1 1 1 1 1 1 1 1 1 1 1 1 1 1 1 1 1 1 1 1 1 1 1 1 100 1 7 1 1 1 1 1 1 1 1 1 1 1 1 1 1 1 1 1 1
staticfield java/lang/Throwable UNASSIGNED_STACK [Ljava/lang/StackTraceElement; 0 [Ljava/lang/StackTraceElement;
staticfield java/lang/Throwable SUPPRESSED_SENTINEL Ljava/util/List; java/util/Collections$EmptyList
staticfield java/lang/Throwable EMPTY_THROWABLE_ARRAY [Ljava/lang/Throwable; 0 [Ljava/lang/Throwable;
staticfield java/lang/Throwable $assertionsDisabled Z 1
instanceKlass org/springframework/core/SortedProperties
instanceKlass java/security/Provider
ciInstanceKlass java/util/Properties 1 1 690 10 7 12 1 1 1 100 1 10 7 12 1 1 7 1 10 12 1 9 12 1 1 9 12 1 1 9 12 1 1 10 7 12 1 1 1 10 12 1 1 8 1 10 7 12 1 1 1 7 1 10 12 1 10 12 1 1 8 1 10 12 1 7 1 10 12 10 12 1 1 9 12 1 1 10 12 1 1 7 1 10 12 1 10 12 1 10 12 1 1 100 1 8 1 10 12 1 10 12 1 10 12 1 1 10 12 1 7 1 3 10 10 100 12 1 1 1 10 12 1 10 12 1 1 8 1 10 12 1 10 12 1 1 8 1 10 100 12 1 1 10 12 1 1 10 12 1 10 12 1 1 100 1 10 12 1 10 12 1 1 100 1 9 100 12 1 1 1 10 12 1 10 12 1 1 10 12 1 1 10 12 1 1 100 1 9 12 1 1 7 1 7 1 10 12 1 7 1 11 7 12 1 1 1 11 12 1 1 11 7 12 1 1 1 11 7 12 1 1 1 11 12 1 1 11 12 1 11 12 1 10 12 1 1 8 1 10 12 1 10 100 12 1 1 10 12 1 100 1 10 10 12 1 10 12 1 100 1 10 10 12 1 1 10 7 12 1 1 9 100 12 1 1 10 12 1 1 10 100 12 1 1 1 100 1 100 1 100 1 10 8 1 8 1 10 12 1 10 12 1 10 12 1 1 10 10 12 1 1 10 12 1 1 7 1 10 10 12 1 11 7 12 1 1 10 7 12 1 1 1 8 1 10 100 12 1 1 11 11 7 1 8 1 10 100 1 11 10 12 1 10 10 12 1 10 12 1 1 10 12 1 1 10 12 1 1 10 12 1 10 12 1 10 10 12 1 10 12 1 10 12 1 10 10 12 1 1 10 12 1 1 10 10 12 1 10 12 1 10 12 1 10 12 1 10 12 1 1 10 12 1 1 10 12 1 10 12 1 10 12 1 1 10 12 10 12 1 1 10 12 1 1 10 12 1 10 12 1 1 10 12 1 1 10 12 10 11 12 1 4 11 10 12 1 1 10 100 12 1 1 11 12 1 10 12 1 1 10 100 12 1 1 10 12 1 100 1 8 1 10 12 1 10 10 100 12 1 1 1 100 1 6 0 10 12 1 1 11 100 12 1 1 1 10 12 1 10 12 1 1 1 1 1 5 0 1 1 1 1 1 1 1 1 1 1 1 1 1 1 1 1 1 1 1 1 1 1 1 1 1 1 1 1 1 1 1 1 1 1 1 1 1 1 1 100 1 1 1 1 1 1 1 1 1 1 1 1 1 1 1 1 1 1 1 1 100 1 1 1 1 1 1 1 1 1 1 1 1 7 1 7 1 1 1 1 1 100 1 1 1 1 1 1 1 1 1 1 1 1 1 1 1 1 1 1 1 1 1 1 1 1 1 1 1 1 1 1 1 1 1 1 1 1 1 1 1 1 1 1 1 1 1 1 1 1 1 1 1 1 1 1 1 1 1 1 1 1 1 1 1 1 1 1 1 1 1 1 1 1 1 1 1 1 1 7 1 1 1 1 1 1 1 1 1 1 1 100 1 1
staticfield java/util/Properties UNSAFE Ljdk/internal/misc/Unsafe; jdk/internal/misc/Unsafe
instanceKlass java/util/Hashtable
ciInstanceKlass java/util/Dictionary 1 1 36 10 7 12 1 1 1 100 1 1 1 1 1 1 1 1 1 1 1 1 1 1 1 1 1 1 1 1 1 1 1 1 1 1 1 1
instanceKlass java/util/Properties
ciInstanceKlass java/util/Hashtable 1 1 516 7 1 10 7 12 1 1 1 9 7 12 1 1 1 100 1 7 1 10 8 1 10 12 1 1 10 12 1 10 12 1 1 10 12 1 10 7 12 1 1 1 8 1 10 12 1 9 12 1 1 7 1 9 12 1 1 4 10 7 12 1 1 1 9 12 1 4 10 12 1 11 7 12 1 1 1 10 12 1 1 10 12 1 1 9 12 1 10 12 1 1 100 1 10 9 12 1 1 10 7 12 1 1 1 9 12 1 1 10 12 1 10 12 1 3 9 12 1 9 12 1 3 10 12 1 10 12 1 10 12 1 1 11 12 1 1 11 100 12 1 1 1 11 7 12 1 1 1 11 12 1 100 1 11 12 1 11 12 1 10 12 1 1 10 12 1 1 10 12 1 9 12 1 1 9 12 9 12 1 1 10 100 1 7 1 10 12 1 10 8 1 10 10 12 1 8 1 10 8 1 10 100 12 1 1 1 7 1 10 12 1 10 12 1 100 1 10 12 1 10 12 1 1 100 1 10 100 1 10 10 12 1 1 11 12 1 1 11 12 1 7 1 10 10 10 100 12 1 1 11 100 12 1 1 1 100 1 10 11 100 12 1 1 11 100 12 1 10 12 1 10 12 1 1 10 100 12 1 1 10 12 1 1 10 12 1 1 10 12 1 1 10 100 12 1 1 1 8 10 100 12 1 1 100 1 8 1 10 4 4 10 12 1 1 10 12 1 8 1 4 10 12 10 100 12 1 1 1 100 1 11 100 12 1 1 1 10 100 12 1 1 1 10 12 1 10 12 1 1 10 7 1 7 1 1 1 1 1 1 5 0 1 1 1 1 1 3 1 3 1 3 1 1 1 1 1 1 1 1 1 1 1 1 1 1 1 1 1 1 1 1 1 1 1 1 1 100 1 1 1 1 1 1 1 1 1 1 1 1 1 1 1 1 1 1 1 1 1 1 1 1 1 1 1 1 1 7 1 1 1 1 1 1 1 1 1 1 1 1 1 1 7 1 1 1 1 1 1 1 1 1 1 1 1 1 1 1 1 1 1 1 1 1 1 1 1 1 1 1 1 1 1 1 1 1 1 1 1 1 1 1 1 1 1 1 1 100 1 1 1 7 1 1 1 1 1 7 1 1 1 1 1 1 1 1 1 1 1 1 1 1 1 1 1 1
ciInstanceKlass java/lang/String 1 1 1451 10 7 12 1 1 1 8 1 9 7 12 1 1 1 9 12 1 1 9 12 1 1 9 12 1 1 10 12 1 10 12 1 1 10 12 1 1 9 12 1 10 7 12 1 1 1 10 12 1 1 10 12 1 10 7 12 1 1 1 10 12 1 1 10 12 1 1 10 12 1 10 12 1 1 10 12 1 10 7 12 1 1 1 7 1 9 7 12 1 1 1 10 7 12 1 1 1 10 12 1 1 10 12 1 1 10 7 12 1 1 1 10 12 1 1 9 7 12 1 1 10 12 9 7 12 1 1 10 12 1 1 3 10 12 1 1 7 1 11 12 1 1 11 12 1 11 12 1 1 10 7 12 1 1 1 10 12 1 1 9 7 12 1 1 1 10 12 1 1 10 12 1 11 12 1 1 10 12 1 10 12 10 12 1 1 10 7 12 1 1 1 10 7 12 1 1 1 10 12 1 1 100 1 7 1 10 12 1 10 12 1 10 12 1 1 10 12 1 1 100 1 10 12 1 1 100 1 10 12 1 1 10 12 1 1 10 12 1 10 10 12 1 100 1 100 1 100 1 10 12 1 10 12 1 1 10 12 1 1 10 12 1 10 12 1 1 10 12 1 1 10 100 12 1 1 100 1 11 10 7 12 1 1 11 12 1 11 12 1 10 12 1 1 10 12 1 10 12 10 12 1 1 10 10 7 12 1 1 1 10 7 12 1 1 10 12 1 1 10 7 12 1 1 10 12 1 10 12 1 1 10 12 1 1 10 12 1 10 12 1 10 12 1 1 100 1 10 12 1 1 10 12 10 12 1 10 12 1 1 10 12 1 1 10 7 12 1 1 1 10 12 1 10 12 1 1 10 12 1 10 12 1 3 3 10 12 1 1 10 12 1 10 12 1 1 10 12 1 1 10 12 1 1 10 12 1 10 12 1 1 10 12 1 1 10 12 1 10 12 1 10 12 1 10 12 1 1 10 12 1 10 12 1 10 12 1 10 12 1 10 12 1 10 12 1 10 7 1 10 8 1 10 12 1 1 10 12 1 8 1 10 12 1 1 10 12 10 12 1 8 1 10 10 12 1 1 10 12 1 1 10 12 1 1 10 7 1 10 10 12 1 10 12 1 10 12 1 10 10 12 1 10 12 1 10 12 1 10 12 1 10 12 1 10 12 1 10 12 1 1 10 12 1 1 10 12 1 1 10 10 12 1 1 10 10 12 1 100 1 10 10 12 1 1 10 12 1 1 10 7 1 10 12 1 10 12 1 10 7 12 1 1 1 10 12 1 10 12 1 1 10 12 1 11 7 1 11 12 10 12 1 10 12 1 1 10 12 1 1 10 10 12 1 10 12 1 9 12 1 1 11 7 12 1 1 1 10 12 10 10 12 1 10 12 1 1 10 10 12 1 10 12 1 10 12 1 1 10 12 1 1 10 10 12 1 1 10 12 1 10 10 12 1 10 12 10 10 12 10 10 12 1 10 12 1 10 10 12 10 7 12 1 1 1 10 12 10 10 12 10 12 1 10 12 10 12 10 10 12 1 10 12 1 1 10 12 1 1 10 10 12 1 10 7 12 1 1 1 10 12 1 1 10 10 7 12 1 1 1 11 10 12 1 10 12 1 1 10 12 1 1 10 7 12 1 1 1 10 12 1 10 12 1 10 12 1 10 12 1 10 12 1 10 12 1 100 1 7 1 8 1 10 10 10 12 1 10 12 1 1 8 1 10 12 1 3 3 10 12 1 10 12 1 1 10 12 7 1 10 10 12 1 1 10 12 1 10 12 1 10 12 1 1 10 12 1 1 11 7 12 1 1 1 7 1 10 12 1 10 12 1 1 8 1 10 12 1 1 10 12 1 11 7 12 1 1 1 11 7 12 1 1 11 12 1 10 12 1 10 12 1 1 10 10 7 12 1 1 1 10 12 1 10 12 1 10 10 12 10 12 1 1 10 10 12 1 10 10 12 1 10 10 12 1 10 10 12 1 10 12 1 1 10 10 12 1 8 1 10 12 1 1 18 12 1 1 11 100 12 1 1 1 7 1 3 18 12 1 18 12 1 8 1 10 100 12 1 1 1 11 12 1 1 10 12 10 10 12 1 10 11 12 1 1 10 12 1 1 11 12 1 18 3 11 10 12 1 11 11 10 12 1 10 12 1 1 8 1 10 12 1 10 12 1 10 12 1 1 10 10 12 1 11 100 12 1 100 1 100 1 10 12 100 1 10 10 100 12 1 1 1 100 1 10 7 1 10 10 12 1 10 10 12 1 8 1 10 10 12 1 8 1 8 1 10 12 1 10 12 1 10 10 12 10 7 12 1 1 10 7 12 1 1 10 7 12 1 1 8 1 10 12 1 10 12 1 10 9 12 1 10 12 9 7 12 1 1 1 10 12 1 10 12 1 10 12 1 10 12 10 12 1 10 12 1 8 1 10 100 12 1 1 1 10 12 10 12 1 1 10 12 10 10 12 10 12 7 1 9 12 1 1 7 1 10 7 1 7 1 7 1 7 1 1 1 1 1 1 5 0 1 1 1 1 1 3 1 3 1 1 1 1 1 1 1 1 1 1 1 1 1 1 1 100 1 1 1 1 1 1 1 1 1 1 1 1 1 1 1 1 1 1 1 1 1 1 1 1 1 1 1 1 1 1 1 100 1 1 1 1 1 1 1 1 1 1 1 1 7 1 1 1 1 1 1 1 1 1 1 1 1 1 1 1 1 1 1 1 1 1 1 1 1 1 1 1 1 1 1 1 1 1 1 1 1 1 1 1 1 1 1 1 1 1 1 1 1 1 1 1 1 1 1 1 1 1 1 1 1 1 1 1 1 1 1 1 1 1 1 1 1 1 1 1 1 1 1 1 1 1 1 1 1 1 1 1 1 1 1 1 1 1 1 1 1 1 1 1 1 1 1 1 1 1 1 1 1 1 1 1 1 1 1 1 1 1 1 1 1 1 1 1 1 1 1 1 1 1 1 1 1 1 1 1 1 1 1 1 1 1 1 1 1 1 1 1 1 1 1 1 1 1 1 1 1 1 1 1 1 1 1 1 1 1 1 1 1 1 1 1 1 1 1 100 1 1 1 1 1 1 1 1 1 1 1 1 1 1 1 1 1 1 1 1 1 1 1 100 1 1 1 1 1 1 1 1 1 1 1 1 1 1 1 7 1 1 1 1 1 1 1 1 1 1 1 1 1 1 1 16 15 10 12 16 15 10 12 15 10 12 15 10 12 15 10 100 12 1 1 1 1 1 1 1 100 1 100 1 1 1
staticfield java/lang/String COMPACT_STRINGS Z 1
staticfield java/lang/String serialPersistentFields [Ljava/io/ObjectStreamField; 0 [Ljava/io/ObjectStreamField;
staticfield java/lang/String CASE_INSENSITIVE_ORDER Ljava/util/Comparator; java/lang/String$CaseInsensitiveComparator
ciMethod java/lang/String length ()I 782 0 517277 0 112
ciMethod java/lang/String isEmpty ()Z 522 0 174519 0 -1
ciInstanceKlass java/lang/constant/ConstantDesc 1 0 37 100 1 100 1 1 1 1 100 1 1 1 1 100 1 100 1 100 1 100 1 100 1 100 1 100 1 100 1 100 1 1 100 1 100 1 1
ciInstanceKlass sun/nio/cs/UTF_8 1 1 84 8 1 10 7 12 1 1 1 10 7 12 1 1 1 8 1 7 1 10 12 1 7 1 10 10 7 12 1 1 1 10 12 1 1 10 12 1 1 7 1 10 12 1 9 12 1 1 10 7 12 1 1 1 9 12 1 1 1 1 1 1 1 1 1 1 1 1 1 1 1 1 1 1 1 1 1 1 1 1 1 1 1 1
staticfield sun/nio/cs/UTF_8 INSTANCE Lsun/nio/cs/UTF_8; sun/nio/cs/UTF_8
staticfield sun/nio/cs/UTF_8 JLA Ljdk/internal/access/JavaLangAccess; java/lang/System$2
instanceKlass sun/nio/cs/MS1252
instanceKlass sun/nio/cs/US_ASCII
instanceKlass sun/nio/cs/ISO_8859_1
instanceKlass sun/nio/cs/Unicode
ciInstanceKlass java/nio/charset/Charset 1 1 370 10 7 12 1 1 1 100 1 10 12 1 1 10 12 1 1 9 7 12 1 1 1 9 12 1 7 1 100 1 10 12 1 9 100 12 1 1 1 10 100 12 1 1 1 10 12 1 1 10 7 12 1 1 1 10 12 1 100 1 10 10 7 12 1 1 1 10 12 1 9 100 12 1 1 1 10 7 12 1 1 1 100 1 8 1 10 10 12 1 1 10 12 1 9 12 1 1 10 12 1 10 12 1 10 12 1 1 10 12 1 10 12 1 100 1 10 11 7 12 1 1 11 12 1 10 12 1 1 11 7 12 1 1 1 100 1 10 100 1 9 12 1 1 10 7 12 1 1 9 100 12 1 1 1 10 9 12 1 1 10 12 1 1 10 7 12 1 1 1 10 12 1 1 10 100 12 1 1 1 100 8 1 8 1 8 1 9 12 1 9 12 1 9 12 1 1 11 100 12 1 1 1 8 1 10 12 1 1 8 1 10 100 12 1 1 1 9 100 12 1 1 1 10 100 12 1 1 1 10 12 1 10 12 1 1 100 1 7 1 10 12 1 10 12 1 1 10 100 12 1 1 10 12 10 12 1 1 10 100 12 1 1 1 10 10 12 1 1 10 12 1 10 12 1 1 7 1 10 7 1 1 1 1 1 1 1 1 1 1 1 1 1 1 1 1 1 1 1 1 1 1 7 1 1 1 100 1 100 1 1 1 1 1 1 1 1 1 1 1 1 1 1 1 1 1 1 1 1 1 1 1 1 1 1 1 1 1 1 1 1 1 1 1 1 1 1 1 1 1 1 1 1 1 1 1 1 1 1 1 1 1 1 1 1 100 1 1 1 1
staticfield java/nio/charset/Charset standardProvider Ljava/nio/charset/spi/CharsetProvider; sun/nio/cs/StandardCharsets
staticfield java/nio/charset/Charset zeroAliases [Ljava/lang/String; 0 [Ljava/lang/String;
ciInstanceKlass sun/nio/cs/HistoricallyNamedCharset 1 0 9 100 1 100 1 1 1 1 1
ciInstanceKlass java/lang/InternalError 0 0 34 10 100 12 1 1 1 10 12 1 10 12 1 10 12 1 100 1 1 1 1 5 0 1 1 1 1 1 1 1 1 1 1 1
instanceKlass kotlin/NotImplementedError
instanceKlass java/lang/AssertionError
instanceKlass java/util/ServiceConfigurationError
instanceKlass java/lang/VirtualMachineError
instanceKlass java/lang/LinkageError
ciInstanceKlass java/lang/Error 1 1 40 10 7 12 1 1 1 10 12 1 10 12 1 10 12 1 10 12 1 100 1 1 1 1 5 0 1 1 1 1 1 1 1 1 1 1 1 1 1 1
instanceKlass java/lang/StackOverflowError
instanceKlass java/lang/OutOfMemoryError
instanceKlass java/lang/InternalError
ciInstanceKlass java/lang/VirtualMachineError 1 1 34 10 100 12 1 1 1 10 12 1 10 12 1 10 12 1 100 1 1 1 1 5 0 1 1 1 1 1 1 1 1 1 1 1
ciInstanceKlass java/util/Set 1 1 144 100 1 10 7 12 1 1 1 9 7 12 1 1 1 7 1 10 12 1 1 10 12 1 7 1 7 1 10 12 1 7 1 7 1 11 7 12 1 1 1 11 12 1 1 7 1 10 12 1 10 12 1 1 11 12 1 1 1 1 1 1 1 1 1 1 1 1 1 1 1 1 1 1 1 1 1 1 1 1 1 1 1 1 1 1 1 1 1 1 1 1 1 1 1 1 1 1 1 1 1 1 1 1 1 1 1 1 1 1 1 1 1 1 1 1 1 1 1 1 1 1 1 1 1 1 1 1 1 1 1 1 1 1 1 1 1 1 1 1 1 1 1 1
ciInstanceKlass java/util/Iterator 1 1 53 100 1 8 1 10 12 1 1 10 7 12 1 1 1 11 7 12 1 1 1 11 12 1 1 11 7 12 1 1 1 7 1 1 1 1 1 1 1 1 1 1 1 1 1 1 1 1 1 1 1 1 1
ciInstanceKlass java/util/Map$Entry 1 0 178 18 12 1 1 7 1 100 1 18 10 100 12 1 1 1 18 12 1 18 100 1 11 7 12 1 1 1 11 12 1 11 7 12 1 1 1 10 100 12 1 1 1 10 7 12 1 1 1 8 1 10 12 1 1 8 1 8 1 8 1 10 12 1 10 12 1 8 10 7 1 10 12 1 8 10 12 1 8 1 10 12 1 8 10 12 1 8 1 10 12 1 1 8 1 100 1 8 1 10 12 1 1 11 12 7 1 11 12 1 1 1 1 1 1 1 1 1 1 1 1 1 1 1 1 1 1 1 1 1 1 1 1 1 1 1 1 1 1 1 1 1 1 1 1 1 1 1 16 15 11 12 16 3 3 15 11 12 15 11 12 15 11 12 15 10 100 12 1 1 1 1 1 100 1 100 1 1
instanceKlass com/google/protobuf/IterableByteBufferInputStream
instanceKlass org/eclipse/jgit/lib/ObjectStream
instanceKlass org/eclipse/jgit/util/io/ByteBufferInputStream
instanceKlass java/io/SequenceInputStream
instanceKlass org/apache/commons/io/input/AbstractInputStream
instanceKlass java/io/ObjectInputStream
instanceKlass com/google/protobuf/IterableByteBufferInputStream
instanceKlass okio/RealBufferedSource$inputStream$1
instanceKlass sun/nio/ch/NioSocketImpl$1
instanceKlass java/net/Socket$SocketInputStream
instanceKlass sun/security/ssl/SSLSocketImpl$AppInputStream
instanceKlass sun/nio/ch/ChannelInputStream
instanceKlass com/sun/org/apache/xerces/internal/impl/XMLEntityManager$RewindableInputStream
instanceKlass java/util/zip/ZipFile$ZipFileInputStream
instanceKlass java/io/FilterInputStream
instanceKlass java/io/FileInputStream
instanceKlass java/io/ByteArrayInputStream
ciInstanceKlass java/io/InputStream 1 1 195 7 1 10 7 12 1 1 1 100 1 10 10 7 12 1 1 1 10 7 12 1 1 1 10 12 1 100 1 3 10 12 1 1 100 1 8 1 10 12 1 10 7 12 1 1 1 3 7 1 8 1 10 10 7 12 1 1 1 7 1 10 11 7 12 1 1 1 10 12 1 1 11 12 1 1 11 7 12 1 1 1 11 12 1 1 7 1 10 7 12 1 1 1 5 0 10 12 1 10 12 1 1 100 1 10 8 1 10 8 1 8 1 10 12 1 1 10 100 12 1 1 1 7 1 5 0 10 12 1 100 1 7 1 1 1 1 3 1 3 1 1 1 1 1 1 1 1 1 1 1 1 1 1 1 1 1 1 1 1 1 1 1 1 1 1 1 1 1 1 1 1 1 1 1 1 1 1 1 1 1 1 1 1 1 1 1 1 1 1 1 1 1 1 1
ciInstanceKlass jdk/internal/misc/Unsafe 1 1 1287 10 7 12 1 1 1 9 7 12 1 1 1 9 12 1 1 10 12 1 1 10 7 12 1 1 1 10 12 1 1 10 12 1 1 10 12 1 1 10 12 1 1 10 12 1 1 10 12 1 1 10 12 1 1 10 12 1 1 10 12 1 1 10 12 1 1 10 12 1 1 10 12 1 1 10 12 1 1 10 12 1 10 12 1 100 1 10 10 12 1 1 10 12 1 1 5 0 10 12 1 1 10 12 1 1 10 7 12 1 1 1 10 12 1 1 10 12 1 10 12 1 10 12 1 1 10 12 1 1 10 12 1 10 12 1 7 1 7 1 10 8 1 10 12 1 1 10 12 1 8 1 10 12 1 1 10 12 1 10 12 1 10 12 1 1 10 12 1 10 12 1 1 10 12 1 1 10 12 1 10 12 1 10 12 1 10 12 1 1 10 12 1 10 12 1 10 12 1 1 10 12 1 5 0 5 0 5 0 10 12 1 10 12 1 10 12 1 10 12 1 10 12 1 10 12 1 10 12 1 10 12 1 10 12 1 1 10 12 1 10 12 1 7 1 8 1 10 100 1 10 10 12 1 1 10 12 1 1 10 12 1 10 12 1 1 10 12 1 1 10 12 1 10 12 1 1 10 12 1 9 7 12 1 1 9 12 1 100 1 10 10 12 1 1 8 1 10 8 1 8 1 10 12 1 1 9 7 12 1 1 1 9 7 1 9 7 1 9 7 1 9 9 7 1 9 7 1 9 7 1 10 12 1 1 10 12 1 1 10 12 1 1 10 12 1 1 5 0 5 0 9 12 1 1 10 12 1 10 12 1 10 12 1 1 10 12 1 1 10 12 1 8 1 3 10 12 1 1 10 12 1 1 10 12 1 10 12 1 1 10 12 1 1 10 12 1 10 12 1 10 12 1 10 12 1 10 12 1 10 12 1 1 10 12 1 1 10 12 1 10 12 1 10 12 1 10 12 1 10 12 1 10 12 1 1 10 12 1 1 10 12 1 10 12 1 10 12 1 10 12 1 10 12 1 10 12 1 1 10 12 1 1 10 12 1 1 10 12 1 1 10 12 1 10 12 1 10 12 1 10 12 1 10 12 1 10 12 1 10 12 1 1 10 12 1 1 10 12 1 10 12 1 10 12 1 10 12 1 10 12 1 10 12 1 10 12 1 1 10 12 1 1 10 12 1 10 12 1 10 12 1 10 12 1 10 12 1 10 12 1 10 12 1 10 12 1 1 10 12 1 10 12 1 10 12 1 10 12 1 10 12 1 1 10 12 1 10 12 1 10 12 1 10 12 1 10 12 1 10 12 1 10 12 1 10 12 1 1 10 12 1 10 12 1 10 12 1 10 12 1 10 12 1 10 12 1 1 10 12 1 10 12 1 10 12 1 1 10 12 1 10 12 1 10 12 1 10 12 1 10 12 1 10 12 1 10 12 1 10 12 1 10 12 1 10 12 1 10 12 1 10 12 1 10 12 1 10 12 1 10 12 1 10 12 1 10 12 1 10 12 1 10 12 1 10 12 1 10 12 1 10 12 1 10 12 1 100 1 10 100 1 10 9 12 1 5 0 10 12 1 1 5 0 10 12 1 5 0 10 12 1 10 12 1 10 12 1 1 10 12 1 1 10 12 1 10 12 1 10 12 1 10 12 1 1 10 12 1 10 12 1 10 12 1 10 12 1 10 12 1 1 10 12 1 10 12 1 10 12 1 10 12 1 1 10 12 1 10 12 1 10 12 1 1 10 12 1 10 12 1 10 12 1 10 12 1 1 10 12 1 10 10 12 1 1 10 12 1 10 12 1 1 10 12 1 10 12 5 0 5 0 5 0 10 12 1 1 10 12 1 10 12 1 10 12 10 100 12 1 1 8 1 100 1 11 12 1 1 8 1 11 12 1 1 10 100 12 1 1 10 12 1 10 12 1 10 12 1 10 12 1 10 12 1 1 10 12 1 10 12 1 10 12 1 10 12 1 10 12 1 10 12 1 10 7 1 10 12 1 9 12 1 7 1 9 12 1 7 1 9 12 1 7 1 9 12 1 7 1 9 12 1 7 1 9 12 1 7 1 9 12 1 7 1 9 12 1 7 1 9 12 1 10 12 1 9 12 1 9 12 1 9 12 1 9 12 1 9 12 1 9 12 1 9 12 1 9 12 1 9 12 1 9 12 1 1 1 3 1 1 1 1 1 1 1 1 1 1 1 1 1 1 1 1 1 1 1 1 1 1 1 1 1 1 1 1 1 1 1 1 1 1 1 1 1 1 1 1 1 1 1 1 1 1 1 1 1 1 1 1 1 1 1 1 1 1 1 1 1 1 1 1 1 1 1 1 1 1 1 1 1 1 1 1 1 1 1 1 1 1 1 1 1 1 1 1 1 100 1 1 1 1 1 1 1 1 1 1 1 1 1 1 1 1 1 1 1 1 1 1 1 1 1 1 1 1 1 1 1 1 1 1 1 1 1 1 1 1 1 1 1 1 1 1 1 1 1 1 1 1 1 1 1 1 1 1 1 1 1 1 1 1 1 1 1 1 1 1 1 1 1 1 1 1 1 1 1 1 1 1 1 1 1 1 1 1 1 1 1 1 1 1 1 1 1 1 1 1 1 1 1 1 1 1 1 1 1 1 1 1 1 1 1 1 1 1 1 1 1 1 1 1 1 1 1 1 1 1 1 1 1 1 1 1 1 1 1 1 1 1 1 1 1 1 1 1 1 1 1 1 1 1 1 1 1 1 1 1 1 1 1 1 1 1 1 1 1 1 1 1 1 1 1 1 1 1 1 1 1 1 1 1 1 1 1 1 1 1 1 1 1 1 1 1 1 1 1 1 1 1 1 1 1 1 3 1 1 1 1 1 1 1 1 1 1 1 1 1 1 1 1 1 1 1 1 1
staticfield jdk/internal/misc/Unsafe theUnsafe Ljdk/internal/misc/Unsafe; jdk/internal/misc/Unsafe
staticfield jdk/internal/misc/Unsafe ARRAY_BOOLEAN_BASE_OFFSET I 16
staticfield jdk/internal/misc/Unsafe ARRAY_BYTE_BASE_OFFSET I 16
staticfield jdk/internal/misc/Unsafe ARRAY_SHORT_BASE_OFFSET I 16
staticfield jdk/internal/misc/Unsafe ARRAY_CHAR_BASE_OFFSET I 16
staticfield jdk/internal/misc/Unsafe ARRAY_INT_BASE_OFFSET I 16
staticfield jdk/internal/misc/Unsafe ARRAY_LONG_BASE_OFFSET I 16
staticfield jdk/internal/misc/Unsafe ARRAY_FLOAT_BASE_OFFSET I 16
staticfield jdk/internal/misc/Unsafe ARRAY_DOUBLE_BASE_OFFSET I 16
staticfield jdk/internal/misc/Unsafe ARRAY_OBJECT_BASE_OFFSET I 16
staticfield jdk/internal/misc/Unsafe ARRAY_BOOLEAN_INDEX_SCALE I 1
staticfield jdk/internal/misc/Unsafe ARRAY_BYTE_INDEX_SCALE I 1
staticfield jdk/internal/misc/Unsafe ARRAY_SHORT_INDEX_SCALE I 2
staticfield jdk/internal/misc/Unsafe ARRAY_CHAR_INDEX_SCALE I 2
staticfield jdk/internal/misc/Unsafe ARRAY_INT_INDEX_SCALE I 4
staticfield jdk/internal/misc/Unsafe ARRAY_LONG_INDEX_SCALE I 8
staticfield jdk/internal/misc/Unsafe ARRAY_FLOAT_INDEX_SCALE I 4
staticfield jdk/internal/misc/Unsafe ARRAY_DOUBLE_INDEX_SCALE I 8
staticfield jdk/internal/misc/Unsafe ARRAY_OBJECT_INDEX_SCALE I 4
staticfield jdk/internal/misc/Unsafe ADDRESS_SIZE I 8
instanceKlass org/springframework/core/DecoratingClassLoader
instanceKlass jdk/internal/reflect/DelegatingClassLoader
instanceKlass java/security/SecureClassLoader
ciInstanceKlass java/lang/ClassLoader 1 1 1108 9 7 12 1 1 1 10 7 12 1 1 1 9 12 1 1 10 7 12 1 1 1 7 1 10 12 1 1 10 12 1 1 9 12 1 1 10 12 1 1 100 1 10 12 1 10 12 1 1 10 7 12 1 1 1 100 1 8 1 10 12 1 10 7 12 1 1 1 10 7 12 1 10 7 1 10 7 1 7 1 7 1 10 12 1 10 12 1 9 12 1 1 10 10 7 12 1 1 1 9 12 1 1 9 12 1 9 12 1 1 9 12 1 9 12 1 1 9 12 1 1 7 1 10 12 1 9 12 1 1 10 12 1 1 10 7 12 1 1 1 9 12 1 9 12 1 1 9 12 1 10 12 1 1 9 12 10 12 1 1 7 1 10 8 1 10 12 1 1 10 12 1 10 7 1 7 1 10 12 1 1 10 7 12 1 1 1 8 1 10 12 1 10 12 1 10 12 1 1 10 12 1 1 10 12 1 1 10 12 1 1 10 12 1 1 10 12 1 7 1 10 12 1 10 100 12 1 1 1 10 12 1 1 10 12 1 10 12 1 10 12 1 10 12 1 10 12 1 1 10 10 12 1 10 12 1 10 100 12 1 1 10 12 1 1 10 12 1 1 10 12 1 100 1 10 12 1 7 1 10 12 1 10 7 12 1 1 1 10 10 12 1 1 10 12 1 1 7 1 8 1 10 8 1 10 12 1 10 12 1 100 1 8 1 10 12 1 1 10 12 1 1 10 10 12 1 1 10 12 1 1 10 12 1 1 10 7 1 10 12 1 1 10 12 1 1 10 12 1 1 10 12 1 1 10 12 1 1 10 12 1 1 10 12 1 10 7 12 1 1 1 10 12 1 10 12 1 10 12 1 1 10 12 1 10 12 1 10 12 1 10 12 1 1 10 12 1 10 12 1 1 8 1 9 12 1 10 12 1 1 8 1 8 1 10 7 12 1 1 100 1 10 10 12 10 12 1 10 12 1 10 12 1 10 12 1 1 10 7 12 1 1 10 12 1 10 7 1 7 1 10 12 1 1 10 12 1 10 7 1 10 12 1 100 1 18 12 1 10 100 12 1 1 1 10 100 12 1 1 1 10 7 12 1 1 10 12 1 10 12 1 100 1 10 12 1 8 1 10 10 12 1 1 10 12 1 10 12 1 1 100 1 10 12 1 10 12 1 1 10 7 12 1 1 10 12 1 8 1 100 1 10 10 12 1 9 12 1 10 7 12 1 1 10 12 1 7 1 8 1 10 12 1 10 8 1 8 1 10 12 1 1 10 12 1 1 10 12 1 1 10 7 12 1 1 7 1 100 1 10 12 1 1 7 1 7 1 10 7 12 1 1 10 12 1 10 12 1 1 10 12 1 10 12 1 1 10 12 1 1 9 100 12 1 1 1 10 12 1 1 10 12 1 10 12 1 10 12 1 1 10 12 1 8 1 7 1 18 12 1 1 10 12 1 1 10 12 1 10 12 1 10 12 1 8 1 10 12 1 10 12 1 18 12 1 11 100 12 1 1 1 100 1 10 12 1 1 10 12 1 10 11 12 1 1 10 18 10 12 1 1 11 7 12 1 18 12 1 11 12 1 1 10 12 10 12 1 1 10 12 1 1 100 1 8 1 10 10 12 1 8 1 8 1 10 100 12 1 1 10 12 1 100 1 10 10 12 1 8 1 8 1 8 1 10 12 1 10 12 1 1 10 12 1 10 7 12 1 1 1 11 7 12 1 1 100 1 10 11 10 12 1 10 12 1 10 12 1 1 9 7 12 1 1 9 12 1 1 9 12 9 12 1 9 12 1 9 12 1 8 10 12 1 1 10 7 12 1 1 1 10 12 1 1 10 12 1 1 10 12 1 10 10 12 1 11 12 1 1 10 100 12 1 1 1 100 1 10 12 1 10 12 1 10 12 1 1 1 1 1 1 1 1 1 1 1 1 1 1 1 1 1 1 1 1 1 1 1 1 1 1 1 1 100 1 1 1 1 1 1 1 1 1 1 1 1 1 1 1 1 1 1 1 1 1 100 1 1 1 1 1 1 1 1 1 1 100 1 1 1 1 1 1 1 1 1 1 1 1 1 1 1 1 1 1 1 1 1 1 1 1 1 1 1 1 1 1 1 1 1 1 1 1 1 1 1 1 1 100 1 1 1 1 1 1 1 1 1 1 1 1 1 1 1 1 1 1 1 7 1 1 1 1 1 1 1 1 1 1 1 1 1 1 1 1 1 1 1 1 1 1 1 1 1 1 1 1 1 1 1 1 1 1 1 1 1 1 1 1 1 1 1 1 1 1 1 1 1 1 100 1 1 1 1 1 1 1 1 1 1 1 1 1 1 1 1 1 1 1 1 1 1 1 1 1 1 1 1 1 1 1 1 1 1 1 1 1 1 1 1 1 1 1 1 1 1 16 1 15 10 12 16 1 16 15 10 12 16 1 16 1 15 10 12 16 15 10 12 16 15 10 12 16 15 10 100 12 1 1 1 1 1 100 1 100 1 1
staticfield java/lang/ClassLoader nocerts [Ljava/security/cert/Certificate; 0 [Ljava/security/cert/Certificate;
staticfield java/lang/ClassLoader $assertionsDisabled Z 1
ciInstanceKlass java/lang/reflect/Constructor 1 1 439 10 7 12 1 1 1 10 7 12 1 1 9 7 12 1 1 1 10 12 1 1 10 12 1 1 10 7 12 1 1 9 12 1 1 10 7 12 1 1 1 9 12 1 1 9 12 1 1 9 12 1 9 12 1 1 9 12 1 9 12 1 1 9 12 1 1 9 12 1 100 1 8 1 10 12 1 10 12 1 9 12 1 1 10 7 12 1 1 10 7 12 1 1 1 10 12 1 1 10 12 1 1 10 12 1 7 1 100 1 8 1 10 10 12 1 10 12 1 10 12 1 1 10 12 1 1 9 100 12 1 1 1 10 7 12 1 1 10 12 1 1 10 12 1 10 12 1 1 10 7 12 1 1 1 10 100 12 1 1 10 12 1 1 10 12 1 10 7 12 1 1 1 8 1 10 10 12 1 100 1 8 1 10 12 1 10 12 1 1 10 12 1 1 10 12 1 10 12 1 10 12 1 1 10 12 1 1 9 12 1 1 10 12 1 1 10 12 1 1 10 12 1 1 11 7 12 1 1 1 10 12 1 1 10 12 1 10 12 1 10 12 1 8 1 9 12 1 1 10 7 12 1 1 1 10 7 12 1 1 10 12 1 1 10 12 1 1 10 12 1 1 10 12 1 1 10 12 1 9 7 12 1 1 10 12 1 10 12 1 10 12 1 100 1 8 1 10 10 12 1 1 10 12 1 10 10 12 1 1 10 12 1 1 10 100 12 1 1 1 11 100 12 1 1 1 10 12 1 1 9 100 12 1 1 1 10 100 12 1 1 1 10 12 1 1 1 1 1 1 1 1 1 1 1 1 1 1 1 1 1 1 1 1 1 1 1 1 1 1 1 1 1 1 1 1 1 1 1 1 1 1 1 1 1 1 1 1 1 1 1 1 1 1 1 1 100 1 100 1 100 1 100 1 1 1 1 1 1 1 1 1 1 1 1 1 1 1 1 1 1 1 1 1 1 1 1 1 1 1 1 1 1 1 1 1 100 1 1
instanceKlass java/lang/reflect/Executable
instanceKlass java/lang/reflect/Field
ciInstanceKlass java/lang/reflect/AccessibleObject 1 1 400 10 7 12 1 1 1 9 100 12 1 1 1 10 7 12 1 1 1 10 7 12 1 1 10 7 12 1 1 1 10 7 12 1 1 1 10 12 1 1 10 12 1 1 9 12 1 1 7 1 10 7 12 1 1 1 11 12 1 7 1 10 12 1 7 1 100 1 10 12 1 10 12 1 1 10 12 1 1 10 12 1 1 10 12 1 1 7 1 10 7 12 1 1 1 10 12 1 1 11 10 7 12 1 1 1 10 12 1 1 10 12 1 10 12 1 10 12 1 1 10 12 1 8 1 7 1 7 1 10 10 12 1 1 8 1 10 12 1 10 12 1 8 1 8 1 8 1 8 1 8 1 8 1 8 1 8 1 8 1 100 1 10 12 1 10 12 1 9 12 1 1 10 12 1 1 10 12 1 10 7 1 100 1 8 1 10 8 1 10 12 1 8 1 10 12 1 10 12 1 1 10 100 1 8 1 10 11 7 12 1 1 1 10 12 1 1 10 12 1 1 10 12 1 1 9 12 1 1 100 1 10 12 1 7 1 10 12 1 10 12 1 1 10 100 1 10 12 1 10 12 10 12 1 10 12 1 10 12 1 1 10 12 1 9 12 1 10 100 12 1 1 8 1 10 100 12 1 1 1 8 1 10 7 12 1 1 1 9 12 1 7 1 10 7 1 10 10 7 12 1 1 1 7 1 10 10 7 12 1 1 1 7 1 9 12 1 1 1 1 1 1 1 1 1 1 1 1 1 1 1 1 1 1 1 1 1 1 1 1 1 1 1 1 1 1 1 1 1 1 1 1 1 1 1 1 1 1 1 1 1 1 1 1 1 1 1 1 1 1 1 1 1 1 1 1 1 1 1 1 1 1 1 1 1 1 1 1 1 1 1 1 1 1 1 1 1 1 1 1
staticfield java/lang/reflect/AccessibleObject reflectionFactory Ljdk/internal/reflect/ReflectionFactory; jdk/internal/reflect/ReflectionFactory
instanceKlass java/lang/reflect/Constructor
instanceKlass java/lang/reflect/Method
ciInstanceKlass java/lang/reflect/Executable 1 1 581 10 7 12 1 1 1 10 7 12 1 1 1 10 7 12 1 1 1 11 7 12 1 1 1 10 7 12 1 1 1 10 12 1 1 10 7 12 1 1 1 10 7 12 1 1 1 10 12 1 8 1 10 10 12 1 1 10 12 1 1 10 7 12 1 1 1 18 12 1 1 11 7 12 1 1 1 8 1 8 1 8 1 10 7 12 1 1 1 11 12 1 1 7 1 8 1 8 1 10 12 1 7 1 8 1 10 12 1 8 1 11 100 12 1 1 1 7 1 11 7 12 1 1 1 11 12 1 8 1 18 8 1 10 12 1 10 12 1 1 18 8 1 10 12 1 100 1 10 12 1 10 12 1 11 12 1 10 12 1 1 8 1 8 1 10 12 1 1 10 12 1 1 10 10 12 1 9 100 12 1 1 1 10 100 12 1 1 1 10 12 1 10 12 1 1 10 7 12 1 1 10 12 1 10 12 1 10 12 1 10 7 12 1 1 7 1 10 100 12 1 1 1 10 12 1 1 10 7 12 1 1 10 12 1 10 12 1 1 9 7 12 1 1 1 10 7 10 12 1 8 1 10 12 1 10 12 1 3 100 1 8 1 10 12 1 10 12 1 10 10 12 1 10 12 1 1 8 1 8 1 8 1 9 12 1 1 9 12 1 10 12 1 100 1 8 1 10 12 1 10 12 1 10 12 1 1 10 12 1 1 10 12 1 10 12 10 12 1 7 1 10 12 1 10 12 1 1 100 1 10 7 12 1 1 1 7 1 10 7 12 1 1 1 10 12 1 1 11 7 12 1 1 10 12 1 10 100 12 1 1 1 10 12 1 1 9 12 1 10 12 1 1 10 12 1 10 12 1 1 9 7 12 1 1 1 10 7 12 1 1 1 10 12 1 10 12 1 1 9 12 1 10 10 10 10 100 12 1 1 1 10 12 1 9 12 1 10 12 1 1 9 12 1 7 1 7 1 1 1 1 1 1 1 1 1 1 1 1 1 1 1 1 1 1 1 1 1 1 1 1 1 1 1 1 1 1 1 1 1 1 1 1 100 1 1 1 1 1 1 1 1 1 1 1 1 1 1 1 1 1 1 1 100 1 1 1 1 1 1 1 1 1 1 1 1 1 1 1 1 1 1 1 1 1 1 1 1 1 1 1 1 1 1 1 1 1 1 1 1 1 1 1 1 1 1 1 7 1 1 1 1 1 1 1 1 1 1 1 1 1 1 1 1 1 1 1 1 1 1 7 1 1 16 15 16 1 16 1 15 10 12 16 15 10 7 12 1 1 1 1 1 1 100 1 1 100 1 100 1 1
ciInstanceKlass java/lang/reflect/Member 1 1 37 100 1 10 12 1 1 100 1 100 1 1 1 1 3 1 3 1 1 1 1 1 1 1 1 1 1 1 1 1 1 1 1 1 1 1 1
instanceKlass org/eclipse/jgit/util/FS$GobblerThread
instanceKlass okio/AsyncTimeout$Watchdog
instanceKlass java/util/logging/LogManager$Cleaner
instanceKlass org/springframework/context/support/AbstractApplicationContext$1
instanceKlass java/util/concurrent/ForkJoinWorkerThread
instanceKlass jdk/internal/misc/InnocuousThread
instanceKlass java/lang/ref/Finalizer$FinalizerThread
instanceKlass java/lang/ref/Reference$ReferenceHandler
instanceKlass java/lang/BaseVirtualThread
ciInstanceKlass java/lang/Thread 1 1 870 10 7 12 1 1 1 9 12 1 1 10 7 12 1 1 10 12 1 10 100 12 1 1 100 1 8 1 10 12 1 1 9 12 1 9 12 1 1 9 12 1 1 7 1 10 12 1 1 10 12 1 10 7 12 1 1 1 10 12 9 12 1 1 10 12 1 7 1 10 12 1 100 1 8 1 10 9 7 12 1 1 1 10 12 1 1 10 12 1 1 10 12 1 1 10 12 1 10 12 1 1 3 8 1 7 1 5 0 10 7 12 1 1 1 9 12 1 10 12 1 1 10 7 12 1 1 1 10 7 12 1 1 1 10 12 1 1 10 12 1 1 9 12 1 1 10 7 1 8 1 10 7 1 10 12 1 9 12 1 1 10 7 12 1 1 1 10 10 12 1 1 9 100 12 1 1 1 10 12 1 1 10 12 1 1 10 7 12 1 1 10 12 1 10 12 1 10 7 12 1 1 9 12 1 10 7 12 1 1 1 10 12 1 1 9 12 1 1 9 12 1 1 10 7 12 1 1 1 9 12 1 1 10 100 12 1 1 10 100 12 1 1 1 10 12 1 10 12 1 10 7 12 1 1 9 12 1 8 1 9 7 12 1 1 9 12 1 1 5 0 100 1 10 100 1 10 100 1 10 7 1 10 8 1 10 12 1 1 10 7 12 1 10 12 1 10 12 1 100 1 8 1 10 10 12 1 10 12 1 1 10 100 12 1 1 1 10 100 12 1 1 1 10 12 1 7 1 9 12 1 1 100 1 10 10 12 1 9 12 1 1 10 12 1 1 10 12 1 1 10 12 1 10 12 1 9 12 1 1 10 10 12 1 1 10 12 1 1 11 7 12 1 1 10 7 12 1 1 9 12 1 9 12 1 1 9 12 1 1 10 100 12 1 1 10 12 1 1 9 7 12 1 1 1 10 7 12 1 1 10 12 1 10 12 1 100 1 10 10 12 9 12 1 1 10 12 1 11 100 12 1 1 10 12 1 10 12 1 10 12 1 9 12 1 10 10 12 1 10 12 1 1 9 12 1 9 12 10 12 1 8 1 10 12 1 10 12 1 10 12 1 10 12 1 10 12 1 1 10 12 1 10 12 1 1 10 12 1 10 12 1 10 12 1 10 12 1 10 12 1 1 9 7 12 1 1 1 8 1 10 9 12 1 10 12 1 7 1 8 1 10 10 12 1 8 1 10 12 1 1 9 12 10 12 8 1 10 10 12 1 10 12 1 8 1 10 12 1 10 8 1 10 100 12 1 1 10 12 1 1 100 1 8 1 10 9 12 1 9 12 1 1 10 12 1 1 10 10 12 1 10 12 1 100 10 7 12 1 1 1 9 12 1 10 12 1 1 10 12 1 1 10 100 12 1 1 1 11 7 12 1 1 1 9 100 12 1 1 1 10 100 12 1 1 1 7 1 10 12 1 100 1 10 12 1 10 12 1 1 10 12 1 1 8 1 9 12 1 10 12 1 10 12 1 1 11 7 12 1 1 1 10 12 1 1 1 1 3 1 3 1 3 1 3 1 1 1 1 1 1 1 1 1 1 1 1 1 1 1 1 1 1 1 1 1 7 1 1 1 1 1 1 1 1 1 1 1 1 1 1 1 1 1 1 1 1 1 1 100 1 1 1 1 1 1 1 1 1 1 1 1 1 1 1 1 7 1 7 1 1 1 1 1 1 1 1 1 1 1 1 1 1 1 1 1 1 1 1 1 1 1 1 1 1 1 1 1 1 1 1 1 1 1 1 1 1 1 1 1 1 1 1 1 1 1 1 1 1 1 1 1 1 1 1 1 1 1 1 1 1 1 1 1 1 1 1 1 1 1 1 1 1 1 1 100 100 1 1 1 1 1 1 1 1 1 1 1 1 1 1 1 1 1 1 1 1 1 1 1 1 1 1 100 1 100 1 100 1 100 1 100 1 1 100 1 1 1 1 1 1 1 1 1 1 1 1 1 1 1
staticfield java/lang/Thread NEW_THREAD_BINDINGS Ljava/lang/Object; java/lang/Class
staticfield java/lang/Thread EMPTY_STACK_TRACE [Ljava/lang/StackTraceElement; 0 [Ljava/lang/StackTraceElement;
ciInstanceKlass java/lang/Runnable 1 0 11 100 1 100 1 1 1 1 1 1 1
ciInstanceKlass java/net/URL 1 1 771 10 7 12 1 1 1 10 12 1 10 7 12 1 1 9 12 1 1 9 12 1 10 7 12 1 1 1 10 12 1 1 10 12 1 1 9 12 1 1 10 7 12 1 1 1 8 1 10 12 1 1 7 1 10 10 12 1 1 8 1 10 12 1 1 9 12 1 100 1 8 1 10 12 1 10 12 1 8 1 9 12 1 10 12 1 1 9 12 1 10 12 1 10 12 1 9 12 1 9 12 1 8 1 9 12 1 10 12 1 1 8 1 9 12 1 1 10 12 1 1 10 7 12 1 1 1 8 1 10 12 1 7 1 10 12 1 10 12 1 10 12 1 10 12 1 1 10 12 1 1 8 1 10 12 1 1 10 12 1 8 1 9 12 1 8 1 10 12 1 10 7 12 1 1 1 7 1 10 12 1 10 12 1 1 10 7 12 1 1 1 100 1 8 1 10 10 12 1 8 1 10 12 1 1 10 12 1 10 12 1 10 12 1 10 12 1 10 12 1 10 12 1 8 1 10 12 1 8 1 10 10 100 1 10 10 12 1 8 1 10 7 12 1 1 1 10 12 1 9 100 12 1 1 1 10 7 12 1 1 1 9 12 1 1 10 12 1 10 100 12 1 1 1 100 1 100 1 10 12 1 10 12 1 10 12 1 10 12 1 10 12 1 10 12 10 10 12 1 10 12 1 10 12 1 1 8 1 9 100 12 1 1 1 10 100 12 1 1 1 10 12 1 1 9 100 12 1 1 1 10 12 1 1 100 1 10 12 1 10 12 1 10 10 12 1 1 10 12 1 1 10 12 1 10 12 1 10 12 1 10 7 12 1 1 1 10 12 1 1 10 12 1 9 12 1 1 9 12 1 1 7 1 8 1 10 10 12 1 9 12 1 1 10 7 12 1 1 8 1 10 7 12 1 1 8 1 10 12 1 1 10 12 1 8 1 8 1 10 7 12 1 1 1 7 1 10 7 12 1 1 1 10 12 1 10 12 1 7 1 10 9 7 12 1 1 1 10 7 12 1 1 10 12 1 1 10 12 1 8 1 7 1 10 10 7 12 1 1 1 10 12 1 8 9 7 12 1 1 1 10 12 1 1 10 12 1 10 12 1 1 10 7 12 1 1 11 7 12 1 1 10 12 1 10 12 1 9 12 1 10 12 1 1 10 100 12 1 1 10 100 12 1 1 1 8 10 100 12 1 1 100 1 10 8 8 10 12 1 8 8 8 100 1 10 12 1 9 12 1 1 10 12 1 10 12 1 1 10 12 1 10 12 10 12 1 1 10 12 1 1 10 10 10 12 1 10 12 1 10 12 1 10 12 1 10 12 1 10 10 12 1 100 1 8 1 10 10 10 12 1 1 10 12 1 10 12 1 1 8 1 7 1 10 10 7 1 10 12 1 9 7 12 1 1 1 9 12 1 1 7 1 10 10 7 12 1 1 1 7 1 1 1 1 1 5 0 1 1 1 1 1 1 1 1 1 1 1 1 1 1 1 1 1 1 1 1 1 1 1 1 1 1 1 1 1 1 1 1 1 1 1 1 1 1 1 1 1 1 1 1 1 1 1 1 7 1 1 1 1 1 1 1 1 1 1 1 1 1 1 1 1 1 1 1 1 1 1 1 1 1 1 1 1 1 1 1 1 1 1 1 1 1 100 1 1 1 1 1 1 1 1 1 1 1 1 1 1 1 1 1 100 1 1 1 1 1 1 1 1 1 1 1 1 1 1 1 1 1 1 1
staticfield java/net/URL defaultFactory Ljava/net/URLStreamHandlerFactory; java/net/URL$DefaultFactory
staticfield java/net/URL streamHandlerLock Ljava/lang/Object; java/lang/Object
staticfield java/net/URL serialPersistentFields [Ljava/io/ObjectStreamField; 7 [Ljava/io/ObjectStreamField;
ciMethod java/lang/System arraycopy (Ljava/lang/Object;ILjava/lang/Object;II)V 256 0 128 0 -1
ciMethod java/lang/System getSecurityManager ()Ljava/lang/SecurityManager; 512 0 44308 0 -1
ciInstanceKlass java/lang/Module 1 1 1070 10 7 12 1 1 1 9 7 12 1 1 1 10 7 12 1 1 1 9 12 1 9 12 1 1 9 12 1 1 10 12 1 1 10 12 1 10 12 1 1 10 7 12 1 1 1 7 1 10 7 12 1 1 1 10 12 1 1 11 7 12 1 1 1 10 12 1 1 10 7 12 1 1 1 10 12 1 1 10 7 12 1 1 1 9 100 12 1 1 1 10 7 12 1 1 1 10 12 1 8 1 10 7 12 1 1 1 10 7 12 1 1 1 10 7 12 1 1 1 10 12 1 10 12 1 9 12 1 1 10 100 12 1 1 100 1 7 1 10 8 1 10 12 1 1 10 12 1 10 12 10 12 1 10 7 12 1 1 8 1 8 1 10 8 1 8 1 9 12 1 1 8 1 10 100 12 1 1 1 10 12 1 9 12 1 1 11 12 1 9 7 12 1 1 10 7 12 1 1 1 10 100 12 1 1 1 10 12 1 1 8 1 10 12 1 1 10 12 1 10 12 1 1 9 7 12 1 1 1 10 12 1 1 10 12 1 1 9 12 1 10 12 1 10 12 1 9 12 1 1 11 7 12 1 1 10 12 1 1 9 12 1 9 12 1 10 12 1 10 12 1 100 1 8 1 10 10 12 1 1 10 12 1 8 1 10 12 1 1 8 1 8 1 10 12 1 1 10 12 1 10 12 1 1 18 12 1 1 10 12 1 1 11 12 1 9 12 1 11 12 10 100 12 1 1 100 1 8 1 10 11 12 1 1 10 7 12 1 1 1 10 12 1 10 12 1 1 11 12 1 1 11 7 12 1 1 11 12 1 1 9 12 1 11 12 1 10 12 1 1 10 12 1 1 9 12 1 10 12 10 7 12 1 1 10 7 1 18 12 1 1 11 100 12 1 1 1 18 12 1 11 12 1 1 10 100 12 1 1 1 11 12 1 1 10 7 12 1 1 7 1 11 12 1 7 1 7 1 10 12 1 10 7 12 1 1 1 10 11 7 12 1 8 1 10 10 12 1 1 10 7 12 1 1 10 12 1 10 12 1 7 1 10 12 1 10 11 12 1 1 10 12 10 12 1 1 9 12 1 1 100 1 10 10 12 1 1 11 7 1 10 12 1 1 11 12 1 10 10 12 1 11 10 12 1 1 10 12 1 1 10 12 1 1 10 7 12 1 1 10 12 1 10 12 1 1 10 10 12 1 1 10 12 1 18 12 1 11 12 1 18 12 1 10 12 1 10 12 1 10 12 7 1 10 12 1 10 12 1 10 12 1 9 12 1 7 1 10 10 10 10 12 1 10 12 1 10 12 1 10 12 1 1 10 12 1 1 10 12 1 9 12 1 18 12 1 1 10 7 12 1 1 1 100 1 8 1 10 12 1 1 10 12 1 1 10 7 12 1 1 7 1 10 12 1 1 7 1 8 1 10 12 1 1 100 1 11 12 1 1 10 100 12 1 1 1 18 12 1 1 11 100 12 1 1 1 100 1 10 12 1 10 12 1 1 7 1 7 1 10 12 8 1 10 12 1 1 10 12 1 1 10 100 12 1 1 10 12 1 1 10 12 1 10 12 10 12 1 1 7 1 10 10 12 1 1 10 7 12 1 1 1 100 1 10 12 1 1 10 7 12 1 1 8 1 18 12 1 1 100 1 100 1 9 12 1 1 9 12 1 9 12 1 11 100 12 1 1 1 100 1 11 12 1 1 100 1 10 12 1 8 1 10 12 1 10 12 10 12 1 8 1 10 10 100 12 1 1 7 1 10 10 12 1 10 7 12 1 1 9 12 1 9 12 1 9 12 1 9 12 1 10 12 11 12 1 10 12 1 7 1 1 1 1 1 1 1 1 1 1 1 1 1 1 1 1 1 1 1 100 1 1 1 1 1 1 1 1 1 1 1 1 1 1 1 1 1 1 1 1 1 1 1 1 1 1 1 1 1 1 1 1 1 1 1 1 1 1 1 1 1 1 1 1 1 1 1 1 1 1 1 1 1 1 1 1 1 1 1 1 1 1 1 1 1 1 1 1 1 1 1 1 1 1 1 1 1 1 1 1 1 1 1 1 1 1 1 1 1 1 1 1 1 1 1 100 100 1 1 1 1 1 1 1 1 1 1 1 1 1 1 1 1 1 1 1 1 1 1 1 1 1 1 1 100 1 100 1 1 1 1 1 1 1 1 1 1 1 1 1 1 1 1 1 1 1 1 100 1 1 1 1 1 1 1 1 1 1 1 1 1 1 1 1 1 1 1 1 1 1 1 16 15 10 12 16 16 15 10 12 16 16 15 10 16 1 15 10 12 16 1 15 10 12 16 1 16 15 10 12 16 16 1 15 10 12 16 15 10 7 12 1 1 1 15 10 100 12 1 1 1 1 1 1 1 1 1 1 1 100 1 100 1 1 100 1 100 1 1
staticfield java/lang/Module ALL_UNNAMED_MODULE Ljava/lang/Module; java/lang/Module
staticfield java/lang/Module ALL_UNNAMED_MODULE_SET Ljava/util/Set; java/util/ImmutableCollections$Set12
staticfield java/lang/Module EVERYONE_MODULE Ljava/lang/Module; java/lang/Module
staticfield java/lang/Module EVERYONE_SET Ljava/util/Set; java/util/ImmutableCollections$Set12
staticfield java/lang/Module $assertionsDisabled Z 1
ciInstanceKlass java/lang/StringLatin1 1 1 395 7 1 10 7 12 1 1 1 10 12 1 1 10 7 12 1 1 1 10 7 12 1 1 1 10 12 1 10 7 12 1 1 1 10 12 1 1 10 7 12 1 1 1 10 7 12 1 1 1 10 12 1 1 10 12 1 1 10 10 12 1 10 12 1 10 9 7 12 1 1 1 10 12 1 1 10 7 12 1 1 1 10 12 10 12 1 1 10 12 1 1 10 12 1 10 12 1 1 10 12 1 1 10 12 1 10 7 12 1 1 1 10 12 1 10 12 1 1 9 12 1 1 100 1 10 10 12 1 1 10 7 12 1 1 1 10 12 1 10 12 1 100 1 7 1 8 1 10 12 1 8 1 10 12 1 1 100 1 10 10 12 10 7 12 1 1 1 8 1 8 1 8 1 10 12 1 1 10 100 12 1 1 10 12 1 10 12 1 1 10 12 1 1 10 12 1 1 10 12 1 10 12 10 12 10 12 1 10 12 10 10 12 1 10 12 1 10 12 1 10 100 12 1 1 1 10 100 12 1 1 1 10 12 1 1 10 12 1 1 10 10 7 12 1 1 1 1 1 1 1 1 1 1 1 1 1 1 1 1 1 1 1 1 1 1 1 1 1 1 1 1 1 1 1 1 1 1 1 1 1 1 1 1 1 1 1 1 1 1 1 1 1 1 1 1 100 1 1 1 1 1 1 1 1 1 1 1 1 1 1 1 1 1 1 1 1 1 1 1 1 1 1 1 1 1 1 1 1 1 1 1 1 1 1 1 1 1 1 100 1 1 1 1 1 1 1 1 1 1 1 1 1 1 1 1 1 1 1 1 1 1 1 100 1 1 1 1 1 1 1 1 1 1 1 1 1 1 1 1 1 1 1 1 1 1 1 1 1 1 100 1 1 1 1
staticfield java/lang/StringLatin1 $assertionsDisabled Z 1
ciInstanceKlass java/lang/Math 1 1 460 7 1 10 7 12 1 1 1 10 7 12 1 1 1 10 12 1 10 12 1 10 12 1 10 12 1 10 12 1 6 0 6 0 10 12 1 10 12 1 10 12 1 10 12 1 10 12 1 10 12 1 1 10 12 1 10 12 1 10 12 1 10 12 1 10 12 1 10 7 12 1 1 1 100 1 3 3 3 10 7 12 1 1 1 100 1 5 0 5 0 5 0 5 0 5 0 9 100 12 1 1 1 10 100 12 1 1 1 100 1 8 1 10 12 1 8 1 10 12 1 1 10 12 1 1 7 1 5 0 5 0 7 1 3 5 0 3 5 0 10 12 1 10 12 1 10 12 1 10 12 1 10 12 1 8 1 10 12 1 8 1 10 12 1 1 10 12 1 1 9 12 1 1 9 12 1 100 1 7 1 10 10 12 1 1 8 1 10 12 1 10 12 1 1 10 10 12 1 10 12 1 10 12 1 10 12 1 1 8 1 8 1 10 12 1 1 10 12 1 10 12 10 12 10 12 1 10 12 1 10 12 1 10 12 1 10 12 6 0 10 12 1 9 12 1 1 100 1 10 10 12 1 100 1 10 12 1 10 12 1 1 10 12 1 10 12 1 10 12 10 12 1 1 10 12 1 1 10 12 1 1 10 12 6 0 10 12 1 1 10 12 10 12 1 4 10 12 1 10 12 1 10 12 10 12 1 10 12 1 10 12 1 10 12 1 10 12 1 10 12 1 5 0 6 0 4 6 0 4 6 0 4 10 12 1 9 12 1 1 10 12 9 12 1 10 7 12 1 1 1 4 6 0 1 1 6 0 1 6 0 1 6 0 1 1 1 1 1 1 1 1 1 1 1 1 1 1 1 1 1 1 1 1 1 1 1 1 1 1 1 1 1 1 1 1 1 1 1 1 1 1 1 1 1 1 1 1 1 1 1 1 1 1 1 1 1 1 1 1 1 1 1 1 1 1 1 1 1 1 1 1 1 1 1 1 1 1 1 1 1 1 1 1 1 1 1 1 1 1 1 1 1 1 1 1 1 1 1 1
staticfield java/lang/Math negativeZeroFloatBits J -2147483648
staticfield java/lang/Math negativeZeroDoubleBits J -9223372036854775808
staticfield java/lang/Math $assertionsDisabled Z 1
ciInstanceKlass jdk/internal/util/ArraysSupport 1 1 378 7 1 7 1 8 1 10 12 1 1 10 12 1 1 10 7 12 1 1 9 7 12 1 1 1 9 12 1 1 10 7 12 1 1 1 9 12 1 1 10 7 12 1 1 1 9 12 1 10 12 9 12 1 10 12 1 1 10 12 7 1 10 12 1 1 10 12 1 100 1 10 12 1 1 10 12 100 1 10 12 1 100 1 10 12 1 100 1 7 1 10 8 1 10 12 1 1 10 12 1 10 12 1 1 10 9 12 1 1 11 7 12 1 1 1 9 12 1 9 12 1 10 12 1 1 9 12 1 9 12 1 9 12 1 9 12 1 9 12 1 9 12 1 9 12 1 10 12 1 1 10 7 12 1 1 1 9 12 1 9 12 1 10 12 1 1 10 12 1 9 12 1 10 12 1 10 7 12 1 1 1 9 12 1 9 12 1 10 12 1 10 12 1 10 7 12 1 1 1 3 10 12 1 7 1 8 1 8 1 8 1 10 10 100 12 1 1 1 11 7 12 1 1 1 10 12 1 10 7 12 1 1 1 10 12 1 1 10 12 1 1 9 12 1 10 12 1 9 12 1 9 12 1 9 12 1 9 12 1 9 12 1 9 12 1 9 12 1 7 1 10 7 12 1 1 1 1 1 3 1 3 1 3 1 3 1 3 1 3 1 3 1 3 1 1 1 1 1 1 1 1 1 1 1 1 1 1 1 1 1 1 1 1 1 1 1 1 1 1 1 1 1 1 1 1 1 1 1 1 1 1 1 1 1 1 1 1 1 1 1 1 1 1 1 1 1 1 1 1 1 1 1 1 1 1 1 1 1 1 1 1 1 1 1 1 1 1 1 1 1 1 1 100 1 1 1 1
staticfield jdk/internal/util/ArraysSupport U Ljdk/internal/misc/Unsafe; jdk/internal/misc/Unsafe
staticfield jdk/internal/util/ArraysSupport BIG_ENDIAN Z 0
staticfield jdk/internal/util/ArraysSupport LOG2_ARRAY_BOOLEAN_INDEX_SCALE I 0
staticfield jdk/internal/util/ArraysSupport LOG2_ARRAY_BYTE_INDEX_SCALE I 0
staticfield jdk/internal/util/ArraysSupport LOG2_ARRAY_CHAR_INDEX_SCALE I 1
staticfield jdk/internal/util/ArraysSupport LOG2_ARRAY_SHORT_INDEX_SCALE I 1
staticfield jdk/internal/util/ArraysSupport LOG2_ARRAY_INT_INDEX_SCALE I 2
staticfield jdk/internal/util/ArraysSupport LOG2_ARRAY_LONG_INDEX_SCALE I 3
staticfield jdk/internal/util/ArraysSupport LOG2_ARRAY_FLOAT_INDEX_SCALE I 2
staticfield jdk/internal/util/ArraysSupport LOG2_ARRAY_DOUBLE_INDEX_SCALE I 3
staticfield jdk/internal/util/ArraysSupport LOG2_BYTE_BIT_SIZE I 3
staticfield jdk/internal/util/ArraysSupport JLA Ljdk/internal/access/JavaLangAccess; java/lang/System$2
ciInstanceKlass java/lang/Character 1 1 604 7 1 7 1 100 1 9 12 1 1 8 1 9 12 1 1 7 1 9 12 1 1 10 7 12 1 1 1 10 100 12 1 1 1 10 100 12 1 1 1 10 7 12 1 1 1 9 7 12 1 1 1 10 12 1 10 12 1 1 10 12 1 1 10 7 12 1 1 10 12 1 1 3 3 3 3 3 10 12 1 1 10 12 1 3 11 7 12 1 1 1 11 12 1 1 10 12 1 1 10 12 1 1 100 1 10 10 12 1 3 10 12 1 1 10 12 1 10 12 1 1 100 1 8 1 10 12 1 1 10 12 1 10 12 1 10 12 1 10 7 12 1 1 1 10 12 1 10 12 1 10 12 1 1 10 12 1 10 7 12 1 1 10 10 12 1 10 10 12 1 10 12 1 1 10 12 1 10 10 12 1 10 12 1 10 12 1 10 12 1 10 12 1 10 12 1 10 12 1 10 12 10 10 12 10 10 12 1 10 10 12 1 10 10 12 1 10 10 12 1 10 12 1 10 12 1 10 12 1 10 12 1 10 12 1 10 12 1 10 10 12 1 10 10 12 1 10 10 12 1 1 10 10 12 1 10 5 0 10 12 1 10 12 1 10 10 12 1 10 10 12 1 1 10 10 12 1 10 10 12 1 9 12 1 1 100 1 10 10 12 1 10 12 1 1 3 10 100 12 1 1 1 10 12 1 10 100 12 1 1 7 1 10 10 12 1 1 10 12 1 1 10 12 1 1 8 1 10 12 1 9 100 12 1 1 1 10 12 1 10 10 12 1 10 12 1 1 10 12 1 10 10 12 1 1 10 10 12 1 1 7 1 8 1 10 12 1 1 10 7 12 1 1 1 8 1 10 12 1 1 9 12 1 1 7 1 7 1 7 1 1 1 1 3 1 3 1 3 1 3 1 1 1 1 1 3 1 1 3 1 3 1 3 1 3 1 3 1 3 1 3 1 3 1 3 1 3 1 3 1 3 1 3 1 3 1 3 1 3 1 3 1 3 1 3 1 3 1 3 1 3 1 3 1 3 1 3 1 3 1 3 1 3 1 1 1 1 1 1 1 1 1 1 1 1 1 1 1 1 1 1 1 3 1 1 1 1 1 1 1 3 1 1 3 1 1 1 1 1 3 1 1 5 0 1 1 1 1 1 1 1 1 1 1 1 1 1 1 1 1 1 1 1 1 1 1 1 1 1 1 1 1 1 1 1 1 1 1 1 1 1 1 1 1 1 1 1 1 1 1 1 1 1 1 1 1 1 1 1 1 1 1 1 1 1 1 1 1 1 1 1 1 1 1 1 1 1 1 1 1 1 1 1 1 1 1 1 1 1 1 1 1 1 1 100 1 100 1 1 1 1 1 1
staticfield java/lang/Character TYPE Ljava/lang/Class; java/lang/Class
staticfield java/lang/Character $assertionsDisabled Z 1
ciInstanceKlass java/util/Arrays 1 1 1029 10 7 12 1 1 1 10 7 12 1 1 1 10 7 12 1 1 1 10 12 1 10 12 1 10 12 1 10 12 1 10 12 1 10 12 1 10 100 12 1 1 1 100 1 7 1 10 8 1 10 12 1 1 10 12 1 8 1 8 1 10 12 1 1 10 12 1 100 1 10 12 1 9 100 12 1 1 1 10 7 12 1 1 100 1 10 12 1 1 10 7 12 1 1 10 7 12 1 1 1 100 1 10 12 1 10 12 1 1 7 1 9 7 12 1 1 1 10 12 1 1 10 7 12 1 1 10 12 1 10 12 1 1 10 12 1 10 12 1 1 7 1 11 12 1 1 10 12 1 10 7 12 1 1 1 10 12 10 12 1 10 12 1 10 12 10 12 1 11 100 12 1 1 1 10 7 12 1 1 1 100 1 10 12 1 10 100 1 10 12 1 10 100 1 10 12 1 10 100 1 10 12 1 10 10 12 1 1 10 12 1 10 12 1 10 12 1 10 12 1 10 12 1 10 7 12 1 1 1 10 12 1 10 7 12 1 1 1 10 12 1 10 12 1 10 7 12 1 1 1 10 12 1 10 12 1 10 12 1 10 12 1 10 12 1 10 12 1 10 12 1 10 12 1 10 12 1 10 12 1 10 12 1 10 12 1 10 12 1 10 12 1 10 12 1 10 12 1 1 10 12 1 1 10 7 12 1 1 1 10 7 1 10 100 1 10 7 1 10 100 1 10 100 1 10 100 1 10 100 1 10 100 1 10 12 1 8 1 10 12 1 1 10 12 1 1 10 12 1 1 10 12 1 1 10 12 1 1 10 12 1 1 10 12 1 1 10 12 1 1 10 12 1 1 7 1 10 12 10 12 1 1 10 12 1 10 12 1 1 10 12 1 1 9 7 12 1 1 1 10 12 1 9 7 1 10 12 1 9 7 1 10 12 1 9 7 1 10 12 1 9 7 1 10 12 1 9 7 1 10 12 1 9 10 12 1 10 12 1 10 12 1 9 12 1 100 1 10 10 12 1 1 10 12 1 10 12 1 10 12 1 10 12 1 10 12 1 10 12 1 10 12 1 10 12 1 10 12 1 8 1 8 1 10 12 1 10 12 1 8 1 10 12 1 10 12 1 10 12 1 10 7 12 1 1 1 3 10 7 1 10 10 12 1 1 11 100 12 1 1 10 12 1 1 10 12 1 10 12 1 10 12 1 10 12 1 10 12 1 10 12 1 10 12 1 10 12 1 11 12 1 8 1 10 11 12 1 11 100 12 1 1 1 11 100 12 1 1 1 11 12 1 1 18 12 1 1 11 12 1 1 11 100 12 1 1 1 18 12 1 11 100 12 1 1 1 18 12 1 11 100 12 1 1 1 18 12 1 100 1 10 7 12 1 1 1 10 12 1 10 12 1 10 12 1 10 12 1 10 12 1 10 12 1 10 12 1 10 12 1 1 10 12 1 10 7 12 1 1 10 12 1 10 12 1 10 12 1 1 10 12 1 10 12 1 10 12 1 1 10 12 1 10 12 1 10 12 1 1 10 12 1 10 12 1 10 12 1 10 12 1 10 12 10 12 1 10 12 10 12 10 12 1 10 12 10 12 1 10 12 1 10 12 1 1 1 1 3 1 3 1 1 1 1 1 1 1 1 1 1 1 1 1 1 1 1 1 1 1 1 1 1 1 1 1 1 1 1 1 1 1 1 1 1 1 1 1 1 1 1 1 1 1 1 1 1 1 1 1 1 1 1 1 1 1 1 1 1 1 1 1 1 1 1 1 1 1 1 1 1 1 1 1 1 1 1 1 1 1 1 1 1 1 1 1 1 1 1 1 1 1 1 1 1 1 1 1 1 1 1 1 1 1 1 1 1 1 1 1 1 1 1 1 1 1 1 1 1 1 1 1 1 1 1 1 1 1 1 1 1 1 1 1 1 1 1 1 1 1 1 1 1 1 1 1 1 1 1 1 1 1 1 1 1 1 1 1 1 1 1 1 1 1 1 1 1 1 1 1 1 1 1 1 1 1 1 1 1 1 1 1 1 1 1 1 1 1 1 1 1 1 1 1 1 1 1 1 1 1 1 1 1 1 1 1 1 1 1 1 1 1 1 1 1 1 1 1 1 1 1 1 1 1 1 1 1 1 1 1 1 1 1 1 1 1 1 1 1 1 1 1 1 1 1 1 1 1 1 1 1 1 1 1 1 100 1 1 16 15 10 12 15 10 12 15 10 12 15 10 12 15 10 100 12 1 1 1 1 1 100 1 100 1 1 1 1 100 1 1 1 1 1 1 100 1 1 100 1 1 100 1 1 1 100 1 100 1 1
staticfield java/util/Arrays $assertionsDisabled Z 1
ciInstanceKlass java/lang/OutOfMemoryError 1 1 26 10 100 12 1 1 1 10 12 1 100 1 1 1 1 5 0 1 1 1 1 1 1 1 1 1
ciMethod java/lang/StringLatin1 inflate ([BII)[B 0 0 1 0 -1
ciMethod java/lang/StringLatin1 inflate ([BI[BII)V 0 0 19 0 -1
ciMethod java/lang/StringLatin1 indexOf ([BIII)I 774 0 10901 0 0
ciMethod java/lang/StringLatin1 indexOfChar ([BIII)I 392 8382 2882 0 -1
ciMethod java/lang/StringLatin1 canEncode (I)Z 578 0 21312 0 104
ciInstanceKlass java/lang/StringUTF16 1 1 635 7 1 7 1 10 7 12 1 1 1 10 7 12 1 1 1 100 1 10 3 7 1 7 1 10 8 1 10 12 1 1 10 12 1 8 1 10 12 1 1 10 12 1 9 12 1 1 10 12 1 1 100 1 8 1 10 12 1 9 12 1 1 9 12 1 10 10 12 1 1 10 12 1 1 10 7 12 1 1 1 10 12 1 10 12 1 1 10 12 1 1 10 12 1 1 10 12 1 1 10 12 1 10 12 1 1 10 12 1 1 10 12 1 1 10 12 1 1 10 12 1 1 10 12 1 10 7 12 1 1 1 10 12 1 1 10 100 12 1 1 1 10 12 1 1 10 12 1 10 12 1 1 10 12 1 1 10 12 1 1 10 12 1 10 12 1 100 1 10 12 1 10 10 12 1 10 12 1 1 10 12 1 10 100 12 1 1 1 10 12 1 1 10 12 10 12 1 1 10 12 1 10 12 1 1 10 12 1 10 12 1 10 12 1 10 12 1 7 1 10 12 1 1 10 12 1 3 10 12 1 1 10 12 1 10 12 1 10 12 1 10 12 1 10 12 1 10 12 1 1 9 12 1 10 12 1 10 12 10 12 1 1 10 12 1 10 12 1 10 12 1 10 10 12 10 12 10 10 12 1 1 10 12 1 10 12 1 10 12 1 100 1 8 1 8 1 10 12 1 1 100 1 10 10 7 12 1 1 1 10 7 12 1 1 8 1 8 1 8 1 10 12 1 1 10 12 1 1 10 12 10 100 12 1 1 10 12 1 1 10 12 1 1 10 12 1 10 12 10 12 10 12 1 10 12 10 12 1 10 12 1 10 12 1 10 12 1 10 100 12 1 1 1 10 100 12 1 1 1 10 12 1 1 10 12 1 1 11 7 12 1 1 10 12 1 10 12 1 10 12 1 1 9 12 1 1 9 12 1 5 0 5 0 10 12 1 10 12 10 12 10 7 12 1 1 1 10 12 1 1 1 1 1 1 1 1 1 1 1 1 1 1 1 1 1 1 1 1 1 1 1 1 1 1 1 1 1 100 1 1 1 1 1 1 1 1 1 1 1 1 1 1 1 1 1 1 1 1 1 1 1 1 1 1 1 1 1 1 1 1 1 1 1 1 1 1 1 1 1 1 1 1 1 1 1 1 1 1 1 1 1 1 1 1 1 1 1 1 1 1 1 1 1 1 1 1 1 1 1 1 1 1 1 1 1 1 1 1 1 1 1 1 1 1 1 1 1 1 100 1 1 1 1 1 1 1 1 1 1 1 1 1 1 1 1 1 100 1 1 1 1 1 1 1 1 1 1 1 1 1 1 1 1 1 1 1 1 1 1 1 1 1 1 1 1 1 1 1 1 1 1 1 1 1 1 1 1 1 1 1 1 1 1 1 1 1 1 1 1 1 1 1 1 1 1 1 100 1 100 1 1 1 1 1
staticfield java/lang/StringUTF16 HI_BYTE_SHIFT I 0
staticfield java/lang/StringUTF16 LO_BYTE_SHIFT I 8
staticfield java/lang/StringUTF16 $assertionsDisabled Z 1
ciInstanceKlass java/lang/Integer 1 1 453 7 1 7 1 7 1 7 1 10 12 1 1 9 12 1 1 9 12 1 1 10 100 12 1 1 1 10 12 1 1 10 100 12 1 1 1 10 10 12 1 1 10 7 12 1 1 1 10 12 1 10 12 1 1 10 7 12 1 1 1 10 12 1 1 10 12 1 1 10 12 1 10 12 1 10 12 1 1 10 10 12 1 9 12 1 1 9 12 1 100 1 8 1 10 12 1 7 1 10 12 1 8 1 10 12 1 1 10 12 1 8 1 10 12 1 8 1 10 12 1 1 3 10 12 1 1 3 10 12 1 1 10 12 1 1 10 7 12 1 1 1 11 7 1 10 12 1 1 11 10 12 1 1 8 1 10 12 1 1 8 1 7 1 10 12 1 1 10 12 1 1 5 0 8 1 10 12 1 10 12 1 10 12 1 10 12 1 1 7 1 9 12 1 1 9 12 1 1 10 12 1 10 7 1 9 12 1 10 12 1 10 12 1 10 12 1 1 10 7 12 1 1 1 100 1 100 1 10 12 1 1 10 12 1 1 8 1 8 1 10 12 1 1 8 1 8 1 8 1 8 1 8 1 8 1 10 12 1 10 12 1 5 0 3 3 3 3 10 12 1 10 12 1 3 10 12 1 10 100 12 1 1 1 10 12 1 1 10 12 1 1 8 1 10 7 12 1 1 1 9 12 1 1 7 1 7 1 7 1 1 1 1 3 1 1 1 3 1 3 1 1 5 0 1 1 1 1 1 1 1 1 1 100 1 1 1 1 1 1 1 1 1 1 1 1 1 1 1 1 1 1 1 1 1 1 1 1 1 1 1 1 1 1 1 1 1 1 1 1 1 1 1 1 3 1 1 1 1 1 1 1 1 1 1 1 1 1 1 1 1 7 1 1 1 1 1 1 1 1 1 1 1 1 1 1 1 1 1 1 1 1 1 1 1 1 1 1 1 1 1 1 1 1 1 1 1 1 1 1 1 1 1 1 1 1 1 1 7 1 1 1 1 1 1 1 1 1 100 1 100 1 1
staticfield java/lang/Integer TYPE Ljava/lang/Class; java/lang/Class
staticfield java/lang/Integer digits [C 36
staticfield java/lang/Integer DigitTens [B 100
staticfield java/lang/Integer DigitOnes [B 100
instanceKlass com/google/gson/internal/LazilyParsedNumber
instanceKlass java/util/concurrent/atomic/Striped64
instanceKlass java/math/BigDecimal
instanceKlass com/google/gson/internal/LazilyParsedNumber
instanceKlass java/math/BigInteger
instanceKlass java/util/concurrent/atomic/AtomicLong
instanceKlass java/util/concurrent/atomic/AtomicInteger
instanceKlass java/lang/Long
instanceKlass java/lang/Integer
instanceKlass java/lang/Short
instanceKlass java/lang/Byte
instanceKlass java/lang/Double
instanceKlass java/lang/Float
ciInstanceKlass java/lang/Number 1 1 37 10 7 12 1 1 1 10 100 12 1 1 1 100 1 1 1 1 5 0 1 1 1 1 1 1 1 1 1 1 1 1 1 1 1 1 1
ciMethod java/lang/StringUTF16 compress ([CII)[B 1024 0 13751 0 -1
ciMethod java/lang/StringUTF16 toBytes ([CII)[B 0 0 2 0 -1
ciMethod java/lang/StringUTF16 indexOf ([BIII)I 0 0 1 0 -1
ciMethod java/lang/StringUTF16 putChar ([BII)V 1024 0 7740 0 -1
ciMethod java/lang/StringUTF16 coderFromArrayLen ([BI)B 24 0 13606 0 -1
ciMethod java/lang/StringUTF16 newBytesFor (I)[B 0 0 28 0 -1
ciInstanceKlass java/lang/Thread$FieldHolder 1 1 48 10 7 12 1 1 1 9 7 12 1 1 1 9 12 1 1 9 12 1 1 9 12 1 1 9 12 1 1 1 1 1 1 1 1 1 1 100 1 100 1 1 1 1 100 1 1 1
ciInstanceKlass java/lang/Thread$Constants 0 0 59 7 1 10 7 12 1 1 1 100 1 10 10 7 12 1 1 1 7 1 8 1 10 12 1 9 7 12 1 1 1 7 1 7 1 10 12 1 10 12 1 9 12 1 1 1 1 1 1 1 1 1 1 1 1 1 1 1 1
ciInstanceKlass java/lang/ThreadGroup 1 1 411 10 7 12 1 1 1 9 7 12 1 1 1 8 1 9 12 1 1 7 1 9 12 1 1 9 12 1 1 10 7 12 1 1 1 10 12 1 1 10 12 1 10 12 1 10 12 1 10 12 1 1 10 12 1 1 10 12 1 10 12 1 1 10 12 1 10 12 1 10 100 12 1 1 1 10 12 1 1 18 12 1 1 11 7 12 1 1 1 10 7 12 1 1 1 10 7 12 1 10 12 1 1 10 12 1 1 10 12 1 1 10 100 12 1 1 1 10 12 1 11 12 1 1 11 7 12 1 1 11 12 1 1 10 12 1 1 10 12 1 10 12 1 11 12 1 11 12 1 1 100 1 10 10 12 1 100 1 10 18 12 1 1 11 7 12 1 1 1 11 12 1 1 9 12 1 1 10 12 1 1 8 1 10 7 12 1 1 1 10 100 12 1 1 1 10 12 1 1 11 12 10 12 1 1 10 12 1 1 11 7 1 9 12 1 7 1 10 8 1 10 12 1 1 10 12 1 1 8 1 10 12 1 10 7 12 1 1 1 10 12 1 1 10 7 1 8 1 10 8 1 10 12 1 10 12 1 8 1 9 12 1 1 9 12 1 10 100 12 1 1 1 100 9 12 1 1 7 1 9 12 1 10 12 10 12 1 1 100 10 12 9 12 1 10 12 1 100 1 10 11 12 1 1 7 1 10 10 12 1 10 12 1 1 1 1 1 1 1 1 1 1 1 1 1 1 1 1 1 1 3 1 1 1 1 1 1 1 1 1 1 1 1 100 1 1 1 1 1 1 1 1 1 1 1 1 1 1 1 1 1 1 1 1 1 1 1 1 1 1 1 1 1 1 1 1 1 1 1 1 1 1 1 1 1 1 1 16 15 10 12 16 16 15 10 12 16 15 10 100 12 1 1 1 1 1 100 1 100 1 1
staticfield java/lang/ThreadGroup $assertionsDisabled Z 1
ciInstanceKlass java/lang/Thread$UncaughtExceptionHandler 1 0 16 100 1 100 1 1 1 1 1 1 1 1 100 1 1 1
ciInstanceKlass java/security/AccessControlContext 1 1 374 9 7 12 1 1 1 9 12 1 1 10 100 12 1 1 1 8 1 10 100 12 1 1 1 10 7 12 1 1 1 9 12 1 9 12 1 1 9 12 1 1 10 7 12 1 1 7 1 10 12 1 11 7 12 1 1 1 11 12 1 11 12 1 11 12 1 1 7 1 11 12 1 1 10 12 1 10 7 12 1 1 1 9 100 12 1 1 1 10 7 12 1 1 1 11 100 12 1 1 1 10 7 1 100 1 8 1 10 12 1 10 12 1 1 7 1 10 7 12 1 1 1 9 12 1 9 12 1 9 12 1 9 12 1 1 9 12 1 1 9 12 1 9 12 1 10 7 12 1 1 1 9 12 1 10 12 1 1 10 12 1 1 8 1 10 12 1 1 10 12 1 1 10 7 12 1 1 1 7 1 10 10 12 1 1 10 7 12 1 1 1 10 8 1 10 7 12 1 1 8 1 10 7 12 1 1 8 1 8 1 10 12 1 8 1 10 12 1 8 1 10 12 1 10 12 1 10 12 1 1 8 1 8 1 100 1 10 12 1 10 12 1 1 100 1 10 12 1 8 1 10 12 1 10 12 1 10 8 1 10 12 1 1 10 12 1 1 10 12 1 1 10 12 1 1 10 12 1 10 12 1 11 10 12 1 10 12 1 1 10 10 10 12 1 1 1 1 1 1 1 1 1 1 1 1 1 1 1 1 1 1 1 1 1 1 1 1 100 1 1 1 1 1 1 1 1 1 1 1 1 1 1 1 1 1 1 1 1 1 1 1 1 1 1 1 1 1 1 1 1 1 1 1 1 1 1 1 1 1 1 1 1 1 1 1 1 1 1 1 1 3 1 1
instanceKlass java/lang/ThreadBuilders$BoundVirtualThread
instanceKlass java/lang/VirtualThread
ciInstanceKlass java/lang/BaseVirtualThread 0 0 36 10 100 12 1 1 1 100 1 1 1 1 1 1 1 1 1 1 1 1 1 1 1 1 1 1 1 1 100 1 100 1 1 100 1 1
ciInstanceKlass java/lang/VirtualThread 0 0 907 9 7 12 1 1 1 10 7 12 1 1 1 10 100 12 1 1 1 10 7 12 1 1 1 9 12 1 1 9 12 1 1 100 1 10 12 1 9 12 1 1 18 12 1 1 9 12 1 1 10 12 1 1 100 1 10 12 1 10 12 1 1 10 12 1 1 10 12 1 1 10 12 1 10 7 12 1 10 12 1 10 12 1 10 12 1 10 12 1 11 100 12 1 1 1 100 1 10 12 1 1 10 100 12 1 1 1 10 100 12 1 1 1 10 12 1 100 1 10 10 12 1 10 12 1 1 9 12 1 1 10 12 1 1 9 12 1 1 10 12 1 9 12 1 1 9 12 1 100 1 10 10 12 1 10 100 12 1 1 10 9 10 10 12 1 1 10 12 1 1 10 100 12 1 1 10 100 1 10 9 10 10 12 1 7 1 10 12 1 1 10 12 1 10 12 1 10 12 1 1 9 12 1 10 12 1 10 12 1 9 12 1 1 10 12 1 10 12 1 9 12 1 1 10 12 1 10 12 1 10 12 1 11 100 12 1 1 10 12 1 1 10 12 1 1 10 12 1 1 9 12 1 10 100 1 10 12 1 1 10 12 1 1 10 12 1 10 12 1 10 12 1 10 12 9 12 1 1 10 100 12 1 1 10 12 1 10 12 1 1 10 100 12 1 1 10 12 1 100 1 8 1 10 12 1 10 12 1 1 10 12 1 10 12 1 10 100 12 1 1 10 12 1 10 12 1 1 10 12 1 10 12 1 1 10 7 12 1 1 10 12 1 1 10 12 1 1 100 1 10 10 12 1 7 1 9 12 1 1 10 7 12 1 1 10 9 12 1 1 18 9 100 12 1 1 1 11 100 12 1 1 1 11 100 1 11 12 10 12 1 10 12 1 1 10 12 1 100 1 10 10 12 1 10 12 1 1 10 12 1 1 10 12 1 10 12 1 10 12 1 9 12 1 1 11 100 12 1 1 10 12 9 100 12 1 1 1 9 12 1 10 12 1 1 9 12 1 9 12 1 9 12 1 7 1 10 10 12 1 1 10 12 1 10 12 7 1 7 1 10 8 1 10 12 1 1 10 12 1 10 12 1 10 10 12 1 8 1 10 10 12 1 10 12 1 10 7 12 1 1 8 1 8 1 10 9 100 12 1 1 1 10 12 1 1 10 12 1 10 10 10 12 9 12 1 10 12 1 1 9 12 1 10 12 1 1 9 12 1 10 12 1 1 18 12 1 1 18 12 1 10 7 12 1 1 1 8 1 10 100 12 1 1 1 10 7 12 1 1 1 18 12 1 10 100 12 1 1 1 100 1 10 12 1 8 1 10 12 1 8 1 10 12 1 1 8 1 8 1 10 100 12 1 1 8 1 10 12 1 8 1 8 1 10 100 12 1 1 1 10 12 1 10 12 1 1 10 12 1 18 12 1 1 18 12 1 1 5 0 9 12 1 10 12 1 18 12 1 100 1 10 12 10 7 12 1 1 10 12 1 1 7 1 8 1 10 10 12 1 10 12 1 1 10 12 1 9 12 1 8 10 12 1 1 8 8 9 12 1 8 10 12 1 1 3 1 3 1 3 1 3 1 3 1 3 1 3 1 3 1 3 1 3 1 3 1 3 3 1 3 1 1 1 1 1 1 1 1 1 1 1 1 1 1 7 1 1 1 1 1 1 1 1 1 1 1 1 1 1 7 1 1 1 1 1 1 1 1 1 1 1 7 1 1 1 1 1 1 1 1 1 1 1 1 1 1 1 1 1 1 1 1 1 1 1 1 1 1 1 1 1 1 1 1 1 1 1 1 1 1 1 100 1 1 1 1 1 1 1 1 1 1 1 1 1 1 1 1 1 1 1 1 1 1 1 1 1 1 1 1 1 1 1 1 1 1 1 100 1 1 1 1 1 1 1 1 1 1 1 1 1 1 100 1 1 16 15 10 12 15 16 15 10 12 16 15 10 12 16 16 15 10 12 16 15 10 12 16 15 10 12 16 15 10 12 16 1 15 10 100 12 1 1 1 1 1 1 1 7 1 1 100 1 100 1 1
ciInstanceKlass java/lang/ThreadBuilders$BoundVirtualThread 0 0 132 10 7 12 1 1 1 9 7 12 1 1 1 10 7 12 1 1 1 9 12 1 1 10 12 1 1 10 12 1 1 9 12 1 1 10 7 12 1 1 1 10 12 1 1 7 1 8 1 10 12 1 10 12 1 1 10 12 1 1 10 12 1 1 10 7 12 1 1 1 8 1 10 12 1 8 1 10 12 1 1 10 100 12 1 1 9 100 12 1 1 1 10 12 1 1 10 10 12 1 1 1 1 1 1 1 1 1 1 1 1 1 1 1 1 1 1 1 1 1 1 1 1 1 1 1 1 100 1 1 1 1
ciInstanceKlass jdk/internal/vm/ContinuationScope 0 0 50 10 100 12 1 1 1 10 100 12 1 1 1 100 1 9 100 12 1 1 1 10 12 1 1 10 100 12 1 1 1 10 12 1 1 10 12 1 1 1 1 1 1 1 1 1 1 1 1 1
ciInstanceKlass jdk/internal/vm/StackChunk 0 0 32 10 100 12 1 1 1 9 100 12 1 1 1 9 12 1 1 9 12 1 1 1 1 1 1 1 1 1 1 1 1 1
ciInstanceKlass java/lang/Float 1 1 279 7 1 7 1 10 7 12 1 1 1 10 100 12 1 1 1 4 7 1 10 12 1 1 10 12 1 1 8 1 8 1 10 7 12 1 1 1 10 12 1 1 10 12 1 1 10 7 1 4 10 7 12 1 1 9 12 1 1 10 12 1 1 10 12 1 10 10 12 1 1 10 12 1 10 12 1 3 3 100 1 4 4 4 3 10 12 1 1 9 12 1 1 100 1 10 3 3 4 4 10 12 1 3 3 3 10 12 1 1 10 12 1 1 10 12 1 10 100 12 1 1 1 10 12 1 1 10 12 1 1 10 7 12 1 1 1 8 1 10 12 1 1 9 12 1 1 7 1 7 1 7 1 1 1 1 4 1 4 1 1 1 4 1 1 3 1 3 1 3 1 3 1 3 1 1 1 1 5 0 1 1 1 1 1 1 1 1 1 1 100 1 1 1 1 1 1 1 1 1 1 1 1 1 3 1 1 1 1 1 1 1 1 1 1 1 1 1 1 1 1 1 1 1 1 1 1 1 1 1 1 1 1 1 1 1 1 1 1 1 1 1 1 1 1 1 1 1 1 1 1 1 1 1 1 1 1 1 1 1 1 1 1 1 1 1 7 1 1 1 1 1 1 1 100 1 100 1 1
staticfield java/lang/Float TYPE Ljava/lang/Class; java/lang/Class
staticfield java/lang/Float $assertionsDisabled Z 1
ciInstanceKlass java/lang/Double 1 1 290 7 1 7 1 10 100 12 1 1 1 10 12 1 1 10 7 1 10 12 1 1 10 100 12 1 1 1 6 0 8 1 10 12 1 1 8 1 10 12 1 1 8 1 6 0 10 12 1 1 100 1 5 0 5 0 8 1 8 1 10 7 12 1 1 1 10 7 12 1 1 1 8 1 10 12 1 1 8 1 8 1 8 1 10 12 1 1 10 12 1 10 12 1 1 10 12 1 10 12 1 10 12 1 1 10 12 1 10 7 1 6 0 10 7 12 1 1 9 12 1 1 10 12 1 10 12 1 10 12 1 10 12 1 10 12 1 5 0 10 12 1 1 10 12 1 10 12 1 10 100 12 1 1 1 10 12 1 1 10 12 1 1 8 1 10 7 12 1 1 1 9 12 1 1 7 1 7 1 7 1 1 1 6 0 1 6 0 1 6 0 1 1 1 6 0 1 1 3 1 3 1 3 1 3 1 3 1 1 1 1 5 0 1 1 1 1 1 1 1 1 1 1 1 1 1 1 1 1 100 1 1 1 1 1 1 1 1 1 1 1 1 3 1 1 1 1 1 1 1 1 1 1 1 1 1 1 1 1 1 1 1 1 1 1 1 1 1 1 1 1 1 1 1 1 1 1 7 1 1 1 1 1 1 1 100 1 100 1 1
staticfield java/lang/Double TYPE Ljava/lang/Class; java/lang/Class
ciInstanceKlass java/lang/Byte 1 1 213 7 1 100 1 10 7 12 1 1 1 9 12 1 1 8 1 9 12 1 1 7 1 10 12 1 1 10 12 1 1 10 100 12 1 1 1 10 100 12 1 1 1 9 7 12 1 1 1 10 12 1 1 100 1 7 1 10 12 1 1 8 1 10 12 1 1 8 1 10 12 1 10 12 1 10 12 1 10 12 1 1 10 12 1 10 12 1 10 12 1 1 10 8 1 8 1 10 7 1 9 12 1 1 10 12 1 1 10 12 1 1 10 12 1 1 10 12 1 5 0 10 12 1 1 8 1 10 7 12 1 1 1 9 12 1 1 7 1 7 1 1 1 3 1 3 1 1 1 1 3 1 3 1 1 5 0 1 1 1 1 1 1 1 1 1 1 1 1 1 1 1 1 1 1 1 1 1 1 1 1 1 1 1 1 1 1 1 1 1 1 1 1 1 1 1 1 1 1 1 1 1 1 1 1 1 1 1 1 1 1 1 1
staticfield java/lang/Byte TYPE Ljava/lang/Class; java/lang/Class
ciInstanceKlass java/lang/Short 1 1 222 7 1 7 1 100 1 10 7 12 1 1 1 10 12 1 1 100 1 7 1 10 12 1 1 8 1 10 12 1 1 8 1 10 12 1 10 12 1 10 12 1 10 12 1 1 10 12 1 1 10 12 1 9 12 1 1 8 1 9 12 1 1 7 1 10 12 1 1 10 12 1 10 100 12 1 1 1 10 100 12 1 1 1 9 7 12 1 1 1 10 12 1 10 12 1 1 10 8 1 8 1 10 7 1 9 12 1 1 10 12 1 1 10 12 1 1 10 12 1 1 10 12 1 3 3 5 0 10 12 1 1 8 1 10 7 12 1 1 1 9 12 1 1 7 1 7 1 1 1 3 1 3 1 1 1 1 3 1 3 1 1 5 0 1 1 1 1 1 1 1 1 1 1 1 1 1 1 1 1 1 1 1 1 1 1 1 1 1 1 1 3 1 1 1 1 1 1 1 1 1 1 1 1 1 1 1 1 1 1 1 1 1 1 1 1 1 1 1 1 1 1
staticfield java/lang/Short TYPE Ljava/lang/Class; java/lang/Class
ciInstanceKlass java/lang/Long 1 1 524 7 1 7 1 7 1 7 1 10 12 1 1 9 12 1 1 9 7 12 1 1 1 10 100 12 1 1 1 10 12 1 1 10 100 12 1 1 1 10 10 12 10 12 1 10 12 1 10 12 1 5 0 5 0 7 1 10 12 1 1 10 12 1 1 10 12 1 10 12 1 10 12 1 10 12 1 1 10 100 12 1 1 10 12 1 10 12 1 1 10 12 1 1 10 12 1 1 10 12 1 1 10 100 12 1 1 1 10 12 1 1 10 12 1 10 12 1 10 12 1 10 12 1 1 10 10 12 1 5 0 5 0 9 12 1 1 9 12 1 5 0 100 1 8 1 10 12 1 8 1 10 12 1 8 1 8 1 10 12 1 1 5 0 10 12 1 1 5 0 10 12 1 1 10 12 1 1 10 100 12 1 1 1 11 7 1 10 12 1 1 11 10 12 1 1 8 1 10 12 1 1 8 1 7 1 10 12 1 1 10 12 1 8 1 8 1 11 12 1 1 10 12 1 10 12 1 10 12 1 5 0 5 0 9 7 12 1 1 1 10 12 1 10 12 1 1 8 1 8 1 10 12 1 1 8 1 8 1 8 1 8 1 8 1 8 1 10 12 1 10 7 1 9 12 1 1 10 12 1 10 12 1 1 10 12 1 1 10 7 12 1 1 1 100 1 100 1 10 12 1 1 10 12 1 1 5 0 10 12 1 10 12 1 5 0 5 0 5 0 10 12 1 1 10 12 1 5 0 5 0 10 12 1 10 12 1 10 100 12 1 1 1 10 12 1 1 10 12 1 1 8 1 10 7 12 1 1 1 9 12 1 1 7 1 7 1 7 1 1 1 1 5 0 1 1 1 1 3 1 3 1 5 0 1 1 1 1 1 1 1 1 1 100 1 1 1 1 1 1 1 1 1 1 1 1 1 1 1 1 1 1 1 1 1 1 1 1 1 1 1 1 1 1 1 1 1 1 1 1 1 1 1 1 1 1 1 1 1 1 1 1 1 1 1 1 1 1 1 3 1 1 1 1 1 1 1 1 1 1 1 1 1 1 1 7 1 1 1 1 1 1 1 1 1 1 1 1 1 1 1 1 1 1 1 1 1 1 1 1 1 1 1 1 1 1 1 1 1 1 1 1 1 1 1 1 1 1 1 7 1 1 1 1 1 1 1 1 1 100 1 100 1 1
staticfield java/lang/Long TYPE Ljava/lang/Class; java/lang/Class
ciInstanceKlass jdk/internal/vm/vector/VectorSupport 0 0 573 100 1 10 100 12 1 1 1 9 12 1 1 10 12 1 1 100 1 10 12 1 11 100 12 1 1 1 11 100 12 1 1 1 11 100 12 1 1 11 100 12 1 1 11 100 12 1 1 1 11 100 12 1 1 11 100 12 1 1 11 100 12 1 1 11 100 12 1 1 11 100 12 1 1 11 100 12 1 1 11 100 12 1 1 1 11 100 12 1 1 11 100 12 1 1 1 11 100 12 1 1 1 11 100 12 1 1 11 100 12 1 1 1 11 100 12 1 1 100 1 10 12 1 1 11 100 12 1 1 11 100 12 1 1 11 100 12 1 1 11 100 12 1 1 11 100 12 1 1 11 100 12 1 1 9 12 1 1 10 100 12 1 1 11 100 12 1 1 10 12 1 1 10 100 12 1 1 1 10 12 1 10 12 1 1 10 12 1 1 1 1 1 3 1 3 1 3 1 3 1 3 1 3 1 3 1 3 1 3 1 3 1 3 1 3 1 3 1 3 1 3 1 3 1 3 1 3 1 3 1 3 1 3 1 3 1 3 1 3 1 3 1 3 1 3 1 3 1 3 1 3 1 3 1 3 1 3 1 3 1 3 1 3 1 3 1 3 1 3 1 3 1 3 1 3 1 3 1 3 1 3 1 3 1 3 1 3 1 3 1 3 1 3 1 3 1 3 1 1 1 1 1 1 1 1 1 1 1 1 1 1 1 1 1 1 1 1 1 1 1 1 1 1 1 1 1 1 1 1 1 1 1 1 1 1 1 1 1 1 1 1 1 1 1 1 1 1 1 1 1 1 1 1 1 1 1 1 1 1 1 1 1 1 1 1 1 1 1 1 1 1 1 1 1 1 1 1 1 1 1 1 1 1 1 1 1 1 1 1 1 1 1 1 1 1 1 1 1 1 1 1 1 1 1 1 1 1 1 1 1 1 1 1 1 1 1 1 1 1 1 1 1 1 1 1 1 1 1 1 1 1 1 1 1 1 1 1 1 1 1 1 1 1 1 1 1 1 1 1 1 1 1 1 1 1 1 1 1 1 1 1 1 1 1 1 1 1 1 1 1 1 1 1 1 1 1 1 1 1 1 1 1 1 1 1 1 1 1 1 1 1 1 1 1 1 1 1 1 1 1 1 1 1 1 1 1 1 1 1 1 1 1 1 1 1 1 1 1 1 1 1 1 1 1 1 1 1 1 1 1 1 1 100 1 100 1 100 1 100 1 100 1 1 1 1 1 1 1 1 1 1 1 1 1 1 1 1 1 1 1 1 1 1 1 1 1 1 1 1 1 1 1
instanceKlass jdk/internal/vm/vector/VectorSupport$VectorShuffle
instanceKlass jdk/internal/vm/vector/VectorSupport$VectorMask
instanceKlass jdk/internal/vm/vector/VectorSupport$Vector
ciInstanceKlass jdk/internal/vm/vector/VectorSupport$VectorPayload 0 0 32 10 100 12 1 1 1 9 100 12 1 1 1 10 100 12 1 1 1 1 1 1 1 1 1 1 1 1 1 1 1 1
ciInstanceKlass jdk/internal/vm/vector/VectorSupport$Vector 0 0 28 10 100 12 1 1 1 100 1 1 1 1 1 1 1 1 1 1 1 1 1 1 1 100 1 1 1 1
ciInstanceKlass jdk/internal/vm/vector/VectorSupport$VectorMask 0 0 28 10 100 12 1 1 1 100 1 1 1 1 1 1 1 1 1 1 1 1 1 1 1 100 1 1 1 1
ciInstanceKlass jdk/internal/vm/vector/VectorSupport$VectorShuffle 0 0 28 10 100 12 1 1 1 100 1 1 1 1 1 1 1 1 1 1 1 1 1 1 1 100 1 1 1 1
ciInstanceKlass jdk/internal/vm/FillerObject 0 0 16 10 100 12 1 1 1 100 1 1 1 1 1 1 1 1
instanceKlass java/lang/ref/PhantomReference
instanceKlass java/lang/ref/FinalReference
instanceKlass java/lang/ref/WeakReference
instanceKlass java/lang/ref/SoftReference
ciInstanceKlass java/lang/ref/Reference 1 1 190 9 7 12 1 1 1 9 7 12 1 1 10 12 1 1 10 12 1 1 9 12 1 1 10 12 1 1 9 12 1 1 9 12 1 1 7 1 10 12 1 10 7 12 1 1 10 12 1 10 12 1 1 10 12 1 7 1 8 1 10 12 1 1 7 1 10 12 1 1 10 12 1 1 10 12 1 9 12 1 10 12 1 1 10 12 1 10 12 1 9 12 1 7 1 100 1 10 12 9 12 1 9 12 1 100 1 10 10 12 1 10 10 7 12 1 1 7 1 10 10 7 12 1 1 1 1 1 1 1 1 1 1 1 1 1 1 1 1 1 1 1 7 1 1 1 100 1 1 1 1 1 1 1 1 1 1 1 1 1 1 1 1 1 1 1 1 1 1 1 1 1 1 1 1 1 1 1 1 1 1 1 7 1 7 1 7 1 1 1
staticfield java/lang/ref/Reference processPendingLock Ljava/lang/Object; java/lang/Object
staticfield java/lang/ref/Reference $assertionsDisabled Z 1
instanceKlass sun/security/util/MemoryCache$SoftCacheEntry
instanceKlass sun/util/locale/provider/LocaleResources$ResourceReference
instanceKlass sun/util/resources/Bundles$BundleReference
instanceKlass org/springframework/util/ConcurrentReferenceHashMap$SoftEntryReference
instanceKlass java/lang/invoke/LambdaFormEditor$Transform
instanceKlass sun/util/locale/LocaleObjectCache$CacheEntry
ciInstanceKlass java/lang/ref/SoftReference 1 1 47 10 7 12 1 1 1 9 7 12 1 1 1 9 12 1 10 12 1 10 12 1 1 1 1 1 1 1 1 1 1 1 1 1 1 1 1 1 1 1 1 100 1 1 1 1 1
instanceKlass sun/nio/ch/FileLockTable$FileLockReference
instanceKlass okhttp3/internal/connection/RealCall$CallReference
instanceKlass java/util/logging/LogManager$LoggerWeakRef
instanceKlass java/util/logging/Level$KnownLevel
instanceKlass javax/crypto/JceSecurity$WeakIdentityWrapper
instanceKlass java/lang/WeakPairMap$WeakRefPeer
instanceKlass java/lang/ClassValue$Entry
instanceKlass jdk/internal/util/WeakReferenceKey
instanceKlass java/lang/ThreadLocal$ThreadLocalMap$Entry
instanceKlass java/util/WeakHashMap$Entry
ciInstanceKlass java/lang/ref/WeakReference 1 1 31 10 7 12 1 1 1 10 12 1 100 1 1 1 1 1 1 1 1 1 1 1 1 1 1 1 1 1 1 1 1
instanceKlass java/lang/ref/Finalizer
ciInstanceKlass java/lang/ref/FinalReference 1 1 50 10 7 12 1 1 1 10 7 12 1 1 1 10 12 1 1 7 1 8 1 10 12 1 1 1 1 1 1 1 1 1 1 1 1 1 1 1 1 1 1 1 1 1 1 1 1 1 7 1
instanceKlass jdk/internal/ref/PhantomCleanable
instanceKlass jdk/internal/ref/Cleaner
ciInstanceKlass java/lang/ref/PhantomReference 1 1 39 10 100 12 1 1 1 10 7 12 1 1 1 1 1 1 1 1 1 1 1 1 1 1 1 1 1 1 1 1 1 1 1 1 1 1 1 1 1
ciInstanceKlass java/lang/ref/Finalizer 1 1 155 9 7 12 1 1 1 10 7 12 1 1 1 9 12 1 1 9 12 1 1 9 12 1 9 12 1 9 12 1 1 10 12 1 7 1 8 1 10 12 1 10 12 1 1 9 12 1 100 1 10 12 1 7 1 11 7 12 1 1 10 12 1 7 1 10 12 1 100 1 10 12 1 10 7 12 1 1 1 10 100 12 1 1 1 100 1 10 10 12 1 7 1 10 12 1 7 1 10 12 1 1 10 12 1 1 10 12 1 10 7 12 1 1 1 7 1 10 7 1 10 10 12 1 1 1 1 1 1 1 1 1 1 1 1 1 1 1 1 1 1 1 1 1 1 1 1 1 1 1 1 1 1 1 1
staticfield java/lang/ref/Finalizer lock Ljava/lang/Object; java/lang/Object
staticfield java/lang/ref/Finalizer ENABLED Z 1
staticfield java/lang/ref/Finalizer $assertionsDisabled Z 1
instanceKlass org/sonar/plugins/python/api/TriBool
instanceKlass org/sonar/python/tree/NumericLiteralImpl$NumericKind
instanceKlass com/sonar/sslr/api/Trivia$TriviaKind
instanceKlass org/sonar/python/lexer/FStringState$Mode
instanceKlass org/sonar/scanner/scan/filesystem/CharsetValidation$Validation
instanceKlass org/apache/commons/io/StandardLineSeparator
instanceKlass org/sonar/plugins/python/PythonInputFile$Kind
instanceKlass org/sonar/plugins/python/api/symbols/Symbol$Kind
instanceKlass org/sonar/python/types/AnyType
instanceKlass com/google/protobuf/JavaFeaturesProto$JavaFeatures$Utf8Validation
instanceKlass com/google/protobuf/DescriptorProtos$FeatureSet$JsonFormat
instanceKlass com/google/protobuf/DescriptorProtos$FeatureSet$MessageEncoding
instanceKlass com/google/protobuf/DescriptorProtos$FeatureSet$Utf8Validation
instanceKlass com/google/protobuf/DescriptorProtos$FeatureSet$RepeatedFieldEncoding
instanceKlass com/google/protobuf/DescriptorProtos$FeatureSet$EnumType
instanceKlass com/google/protobuf/DescriptorProtos$FeatureSet$FieldPresence
instanceKlass com/google/protobuf/DescriptorProtos$FileOptions$OptimizeMode
instanceKlass com/google/protobuf/DescriptorProtos$FieldOptions$OptionTargetType
instanceKlass com/google/protobuf/DescriptorProtos$FieldOptions$OptionRetention
instanceKlass com/google/protobuf/DescriptorProtos$Edition
instanceKlass com/google/protobuf/Descriptors$DescriptorPool$SearchFilter
instanceKlass com/google/protobuf/Descriptors$FieldDescriptor$JavaType
instanceKlass com/google/protobuf/Descriptors$FieldDescriptor$Type
instanceKlass com/google/protobuf/WireFormat$JavaType
instanceKlass com/google/protobuf/WireFormat$FieldType
instanceKlass com/google/protobuf/DescriptorProtos$FieldDescriptorProto$Type
instanceKlass com/google/protobuf/DescriptorProtos$FieldDescriptorProto$Label
instanceKlass org/sonar/plugins/python/indexer/PackageResolutionResult$BuildSystem
instanceKlass org/sonar/plugins/python/indexer/PackageResolutionResult$PrimaryResolutionMethod
instanceKlass org/sonar/plugins/python/api/types/v2/TypeSource
instanceKlass org/sonar/plugins/python/api/types/v2/TypeOrigin
instanceKlass org/sonar/python/types/protobuf/SymbolsProtos$ParameterKind
instanceKlass org/sonar/python/index/TypeAnnotationDescriptor$TypeKind
instanceKlass org/sonar/python/types/protobuf/SymbolsProtos$TypeKind
instanceKlass com/google/protobuf/Extension$ExtensionType
instanceKlass com/google/protobuf/RuntimeVersion$RuntimeDomain
instanceKlass org/sonar/plugins/python/api/PythonVersionUtils$Version
instanceKlass org/sonar/python/index/Descriptor$Kind
instanceKlass org/sonar/plugins/python/telemetry/TelemetryMetricKey
instanceKlass org/sonar/python/checks/UseStartsWithEndsWithCheck$OperatorType
instanceKlass org/sonar/python/checks/UseStartsWithEndsWithCheck$SliceType
instanceKlass org/sonar/plugins/python/api/symbols/v2/UsageV2$Kind
instanceKlass org/sonar/python/checks/FastAPIDependencyAnnotatedCheck$IssueReportingMode
instanceKlass org/sonar/python/checks/PandasAddMergeParametersCheck$Keywords
instanceKlass org/sonar/python/api/PythonKeyword
instanceKlass com/sonar/sslr/api/GenericTokenType
instanceKlass org/sonar/python/api/PythonTokenType
instanceKlass org/sonar/python/api/PythonGrammar
instanceKlass com/google/gson/ReflectionAccessFilter$FilterResult
instanceKlass com/google/gson/LongSerializationPolicy
instanceKlass com/google/gson/ToNumberPolicy
instanceKlass com/google/gson/FieldNamingPolicy
instanceKlass org/sonar/plugins/python/api/symbols/Usage$Kind
instanceKlass org/sonar/plugins/python/api/tree/Tree$Kind
instanceKlass org/sonar/python/api/PythonPunctuator
instanceKlass org/sonar/iac/docker/tree/api/DockerTree$Kind
instanceKlass org/sonar/iac/arm/tree/api/ParameterType
instanceKlass org/sonar/iac/arm/tree/api/ArmTree$Kind
instanceKlass org/sonar/iac/arm/tree/api/File$Scope
instanceKlass org/sonar/api/rules/CleanCodeAttributeCategory
instanceKlass org/sonar/api/rules/CleanCodeAttribute
instanceKlass org/sonar/api/rules/RuleType
instanceKlass org/sonar/check/Cardinality
instanceKlass org/sonar/check/Priority
instanceKlass com/google/protobuf/MapField$StorageMode
instanceKlass com/google/protobuf/WireFormat$Utf8Validation
instanceKlass com/google/protobuf/JavaFeaturesProto$JavaFeatures$NestInFileClassFeature$NestInFileClass
instanceKlass com/google/protobuf/JavaFeaturesProto$JavaFeatures$Utf8Validation
instanceKlass com/google/protobuf/DescriptorProtos$FeatureSet$VisibilityFeature$DefaultSymbolVisibility
instanceKlass com/google/protobuf/DescriptorProtos$FeatureSet$EnforceNamingStyle
instanceKlass com/google/protobuf/DescriptorProtos$FeatureSet$JsonFormat
instanceKlass com/google/protobuf/DescriptorProtos$FeatureSet$MessageEncoding
instanceKlass com/google/protobuf/DescriptorProtos$FeatureSet$Utf8Validation
instanceKlass com/google/protobuf/DescriptorProtos$FeatureSet$RepeatedFieldEncoding
instanceKlass com/google/protobuf/DescriptorProtos$FeatureSet$EnumType
instanceKlass com/google/protobuf/DescriptorProtos$FeatureSet$FieldPresence
instanceKlass com/google/protobuf/DescriptorProtos$FieldOptions$OptionTargetType
instanceKlass com/google/protobuf/DescriptorProtos$FieldOptions$OptionRetention
instanceKlass com/google/protobuf/DescriptorProtos$Edition
instanceKlass com/google/protobuf/Descriptors$FileDescriptorTables$SearchFilter
instanceKlass com/google/protobuf/Descriptors$FieldDescriptor$JavaType
instanceKlass com/google/protobuf/Descriptors$FieldDescriptor$Type
instanceKlass com/google/protobuf/WireFormat$JavaType
instanceKlass com/google/protobuf/WireFormat$FieldType
instanceKlass com/google/protobuf/DescriptorProtos$FileOptions$OptimizeMode
instanceKlass com/google/protobuf/DescriptorProtos$FieldDescriptorProto$Type
instanceKlass com/google/protobuf/DescriptorProtos$FieldDescriptorProto$Label
instanceKlass com/google/gson/stream/JsonToken
instanceKlass com/google/gson/Strictness
instanceKlass org/sonar/api/measures/Metric$Level
instanceKlass org/sonar/api/measures/Metric$ValueType
instanceKlass org/sonarqube/ws/Qualitygates$ProjectStatusResponse$Status
instanceKlass org/sonarqube/ws/Ce$TaskStatus
instanceKlass javax/annotation/meta/When
instanceKlass org/eclipse/jgit/dircache/DirCache$DirCacheVersion
instanceKlass org/eclipse/jgit/submodule/SubmoduleWalk$IgnoreSubmoduleMode
instanceKlass org/eclipse/jgit/treewalk/TreeWalk$OperationType
instanceKlass java/nio/file/FileVisitResult
instanceKlass java/nio/file/FileTreeWalker$EventType
instanceKlass org/eclipse/jgit/lib/CoreConfig$SymLinks
instanceKlass org/eclipse/jgit/lib/CoreConfig$CheckStat
instanceKlass org/eclipse/jgit/lib/CoreConfig$EOL
instanceKlass org/eclipse/jgit/lib/CoreConfig$AutoCRLF
instanceKlass org/eclipse/jgit/lib/CoreConfig$TrustStat
instanceKlass org/eclipse/jgit/lib/PackedRefsTrait
instanceKlass org/eclipse/jgit/lib/CoreConfig$HideDotFiles
instanceKlass org/sonar/scanner/protocol/output/FileStructure$Domain
instanceKlass org/eclipse/jgit/lib/ObjectChecker$ErrorType
instanceKlass org/apache/commons/lang3/JavaVersion
instanceKlass org/apache/commons/csv/Token$Type
instanceKlass java/nio/file/FileVisitOption
instanceKlass org/apache/commons/csv/QuoteMode
instanceKlass org/apache/commons/csv/DuplicateHeaderMode
instanceKlass sun/reflect/annotation/TypeAnnotation$TypeAnnotationTarget
instanceKlass org/springframework/core/Nullness
instanceKlass org/eclipse/jgit/diff/DiffEntry$ChangeType
instanceKlass org/eclipse/jgit/diff/DiffAlgorithm$SupportedAlgorithm
instanceKlass org/sonar/scm/git/strategy/DefaultBlameStrategy$BlameAlgorithmEnum
instanceKlass org/sonar/api/batch/rule/Severity
instanceKlass org/sonar/sarif/pojo/Result$Level
instanceKlass org/sonar/scanner/protocol/output/ScannerReport$IssueResolutionStatus
instanceKlass org/sonar/api/batch/sensor/issue/IssueResolution$Status
instanceKlass org/sonar/scanner/protocol/output/ScannerReport$ComponentLink$ComponentLinkType
instanceKlass org/sonar/scanner/protocol/output/ScannerReport$Component$FileStatus
instanceKlass org/sonar/scanner/protocol/output/ScannerReport$Metadata$BranchType
instanceKlass org/sonar/scanner/scan/branch/BranchType
instanceKlass org/sonar/scanner/protocol/output/ScannerReport$FlowType
instanceKlass org/sonar/api/batch/sensor/issue/NewIssue$FlowType
instanceKlass org/sonar/api/issue/impact/Severity
instanceKlass org/sonar/api/issue/impact/SoftwareQuality
instanceKlass org/sonar/api/batch/fs/InputFile$Type
instanceKlass org/sonar/api/batch/fs/InputFile$Status
instanceKlass org/sonar/iac/common/predicates/FileType
instanceKlass org/eclipse/jgit/internal/util/ShutdownHook
instanceKlass org/sonar/api/batch/Phase$Name
instanceKlass org/sonar/iac/common/languages/IacLanguage
instanceKlass org/sonar/iac/terraform/plugin/TerraformProviders$Provider$Identifier
instanceKlass org/sonar/api/config/PropertyDefinition$ConfigScope
instanceKlass org/sonar/api/PropertyType
instanceKlass org/sonar/classloader/ClassloaderBuilder$LoadingOrder
instanceKlass org/sonar/core/plugin/PluginType
instanceKlass org/sonarqube/ws/Settings$Setting$ValueOneOfCase
instanceKlass org/sonar/api/utils/log/LoggerLevel
instanceKlass com/google/protobuf/CodedInputStream$VarintExperiment
instanceKlass com/google/protobuf/Extension$ExtensionType
instanceKlass com/google/protobuf/ExtensionRegistryLite$LazyExtensionMode
instanceKlass com/google/protobuf/RuntimeVersion$RuntimeDomain
instanceKlass java/net/StandardProtocolFamily
instanceKlass jdk/internal/util/OperatingSystem
instanceKlass kotlin/time/DurationUnit
instanceKlass java/net/Proxy$Type
instanceKlass okhttp3/logging/HttpLoggingInterceptor$Level
instanceKlass okhttp3/TlsVersion
instanceKlass okhttp3/Protocol
instanceKlass jdk/internal/icu/util/CodePointTrie$ValueWidth
instanceKlass jdk/internal/icu/util/CodePointTrie$Type
instanceKlass java/text/Normalizer$Form
instanceKlass org/sonarqube/ws/client/WsClientFactories$DefaultWsClientFactory
instanceKlass sun/security/ssl/SignatureScheme$SigAlgParamSpec
instanceKlass sun/security/ssl/SignatureScheme
instanceKlass sun/security/ssl/ClientAuthType
instanceKlass sun/security/ssl/SSLHandshake
instanceKlass sun/security/ssl/NamedGroup
instanceKlass sun/security/ssl/NamedGroup$NamedGroupSpec
instanceKlass sun/security/ssl/CipherSuite$KeyExchange
instanceKlass sun/security/ssl/CipherSuite$MacAlg
instanceKlass sun/security/ssl/CipherSuite$HashAlg
instanceKlass java/lang/StackWalker$Option
instanceKlass sun/security/ssl/CipherType
instanceKlass sun/security/ssl/SSLCipher
instanceKlass sun/security/ssl/CipherSuite
instanceKlass java/util/stream/MatchOps$MatchKind
instanceKlass java/security/CryptoPrimitive
instanceKlass sun/security/ssl/SSLScope
instanceKlass sun/security/util/DisabledAlgorithmConstraints$Constraint$Operator
instanceKlass sun/security/ssl/ProtocolVersion
instanceKlass java/nio/file/AccessMode
instanceKlass nl/altindag/desidero/OperatingSystem
instanceKlass sun/util/logging/PlatformLogger$Level
instanceKlass jdk/internal/logger/BootstrapLogger$LoggingBackend
instanceKlass java/lang/System$Logger$Level
instanceKlass sun/security/rsa/RSAUtil$KeyType
instanceKlass org/springframework/context/annotation/Bean$Bootstrap
instanceKlass javax/annotation/meta/When
instanceKlass java/util/Comparators$NaturalOrderComparator
instanceKlass org/springframework/context/annotation/ConfigurationCondition$ConfigurationPhase
instanceKlass org/springframework/beans/factory/support/DefaultListableBeanFactory$PreInstantiation
instanceKlass org/springframework/expression/spel/SpelCompilerMode
instanceKlass org/sonar/api/SonarProduct
instanceKlass org/sonar/api/SonarQubeSide
instanceKlass org/sonar/core/util/UuidFactoryImpl
instanceKlass org/sonar/api/SonarEdition
instanceKlass java/math/RoundingMode
instanceKlass sun/util/locale/provider/LocaleProviderAdapter$Type
instanceKlass org/springframework/core/annotation/IntrospectionFailureLogger
instanceKlass org/springframework/core/annotation/MergedAnnotations$SearchStrategy
instanceKlass java/security/DrbgParameters$Capability
instanceKlass sun/security/util/KnownOIDs
instanceKlass org/springframework/util/ConcurrentReferenceHashMap$TaskOption
instanceKlass org/springframework/util/ConcurrentReferenceHashMap$Restructure
instanceKlass java/lang/annotation/ElementType
instanceKlass org/springframework/context/annotation/ScopedProxyMode
instanceKlass org/springframework/core/annotation/MergedAnnotation$Adapt
instanceKlass org/springframework/util/ConcurrentReferenceHashMap$ReferenceType
instanceKlass com/google/gson/ReflectionAccessFilter$FilterResult
instanceKlass com/google/gson/stream/JsonToken
instanceKlass com/google/gson/Strictness
instanceKlass com/google/gson/LongSerializationPolicy
instanceKlass com/google/gson/ToNumberPolicy
instanceKlass com/google/gson/FieldNamingPolicy
instanceKlass org/slf4j/event/Level
instanceKlass org/apache/commons/text/translate/NumericEntityUnescaper$OPTION
instanceKlass org/apache/commons/lang3/Range$ComparableComparator
instanceKlass ch/qos/logback/core/util/ReentryGuardFactory$GuardType
instanceKlass org/slf4j/helpers/Reporter$Level
instanceKlass org/slf4j/helpers/Reporter$TargetChoice
instanceKlass java/time/format/TextStyle
instanceKlass java/time/format/DateTimeFormatterBuilder$SettingsParser
instanceKlass java/time/format/ResolverStyle
instanceKlass java/time/format/SignStyle
instanceKlass java/time/temporal/JulianFields$Field
instanceKlass java/time/temporal/IsoFields$Unit
instanceKlass java/time/temporal/IsoFields$Field
instanceKlass java/time/temporal/ChronoUnit
instanceKlass java/time/temporal/ChronoField
instanceKlass ch/qos/logback/classic/spi/Configurator$ExecutionStatus
instanceKlass ch/qos/logback/core/subst/Node$Type
instanceKlass ch/qos/logback/core/subst/Token$Type
instanceKlass ch/qos/logback/core/subst/Tokenizer$TokenizerState
instanceKlass ch/qos/logback/core/spi/FilterReply
instanceKlass java/lang/reflect/ProxyGenerator$PrimitiveTypeInfo
instanceKlass java/lang/annotation/RetentionPolicy
instanceKlass ch/qos/logback/core/model/processor/ProcessingPhase
instanceKlass java/util/stream/Collector$Characteristics
instanceKlass java/util/stream/StreamShape
instanceKlass com/sun/org/apache/xerces/internal/impl/XMLScanner$NameType
instanceKlass com/sun/org/apache/xerces/internal/util/Status
instanceKlass javax/xml/catalog/CatalogFeatures$Feature
instanceKlass com/sun/org/apache/xerces/internal/utils/XMLSecurityPropertyManager$Property
instanceKlass com/sun/org/apache/xerces/internal/utils/XMLSecurityPropertyManager$State
instanceKlass com/sun/org/apache/xerces/internal/utils/XMLSecurityManager$NameMap
instanceKlass jdk/xml/internal/JdkProperty$State
instanceKlass com/sun/org/apache/xerces/internal/utils/XMLSecurityManager$Limit
instanceKlass ch/qos/logback/core/spi/ConfigurationEvent$EventType
instanceKlass java/util/Locale$Category
instanceKlass java/util/regex/Pattern$Qtype
instanceKlass java/lang/invoke/MethodHandleImpl$ArrayAccess
instanceKlass java/lang/invoke/MethodHandles$Lookup$ClassOption
instanceKlass java/lang/invoke/VarHandle$AccessType
instanceKlass java/lang/invoke/VarHandle$AccessMode
instanceKlass java/lang/invoke/MethodHandleImpl$Intrinsic
instanceKlass java/lang/invoke/LambdaForm$BasicType
instanceKlass java/lang/invoke/LambdaForm$Kind
instanceKlass sun/invoke/util/Wrapper
instanceKlass java/util/stream/StreamOpFlag$Type
instanceKlass java/util/stream/StreamOpFlag
instanceKlass java/util/zip/ZipCoder$Comparison
instanceKlass java/util/concurrent/TimeUnit
instanceKlass java/nio/file/LinkOption
instanceKlass sun/nio/fs/WindowsPathType
instanceKlass java/nio/file/StandardOpenOption
instanceKlass java/io/File$PathStatus
instanceKlass java/lang/module/ModuleDescriptor$Requires$Modifier
instanceKlass java/lang/reflect/AccessFlag$Location
instanceKlass java/lang/reflect/AccessFlag
instanceKlass java/lang/module/ModuleDescriptor$Modifier
instanceKlass java/lang/reflect/ClassFileFormatVersion
instanceKlass java/lang/Thread$State
ciInstanceKlass java/lang/Enum 1 1 204 9 7 12 1 1 1 9 12 1 1 10 7 12 1 1 1 9 12 1 10 7 12 1 1 1 7 1 10 10 12 1 1 10 12 1 7 1 10 10 7 12 1 1 10 12 1 1 18 12 1 1 10 100 12 1 1 1 10 12 1 1 11 7 12 1 1 1 100 1 8 1 10 12 1 100 1 7 1 10 8 1 10 12 1 1 10 12 1 1 8 1 10 12 1 10 100 1 8 1 10 10 12 1 1 10 100 12 1 1 1 7 1 7 1 7 1 1 1 1 1 1 1 1 1 1 1 1 1 1 1 1 1 1 1 1 1 1 1 1 1 1 1 1 1 1 1 1 1 1 1 1 1 1 1 1 1 1 1 1 1 1 1 3 1 1 1 1 7 1 7 1 1 7 1 1 1 1 1 1 1 1 1 1 1 16 15 10 12 16 15 10 100 12 1 1 1 1 1 100 1 100 1 1
ciInstanceKlass java/lang/reflect/Method 1 1 472 9 7 12 1 1 1 10 7 12 1 1 1 10 7 12 1 1 9 12 1 1 10 12 1 1 10 12 1 1 10 7 12 1 1 10 7 12 1 1 1 9 12 1 1 9 12 1 9 12 1 1 9 12 1 9 12 1 9 12 1 1 9 12 1 9 12 1 1 9 12 1 9 12 1 9 12 1 1 100 1 8 1 10 12 1 10 12 1 9 12 1 1 8 1 10 7 12 1 1 10 7 12 1 1 1 10 12 1 1 10 12 1 1 10 12 1 10 12 1 1 10 12 1 1 9 100 12 1 1 1 10 12 1 1 10 12 10 7 12 1 1 10 12 1 1 10 12 1 10 12 1 10 12 1 10 7 12 1 1 1 10 12 1 1 10 7 1 10 7 12 1 1 1 10 7 12 1 1 10 12 1 1 10 12 1 1 10 12 1 10 7 12 1 1 1 10 12 1 10 8 1 10 12 1 10 12 1 7 1 8 1 8 1 8 1 10 12 1 10 12 1 1 10 12 1 1 10 10 12 1 1 10 12 1 11 7 1 10 12 1 9 12 1 1 10 12 1 1 10 12 1 10 12 1 1 10 12 1 1 11 7 12 1 1 1 11 12 1 9 12 1 1 10 12 1 10 12 1 10 12 1 10 12 1 10 12 1 10 12 1 9 12 1 1 10 7 12 1 1 1 10 7 12 1 1 10 12 1 1 10 7 12 1 1 1 10 7 12 1 1 1 10 7 12 1 1 1 11 7 12 1 1 1 10 7 12 1 1 1 7 1 100 1 100 1 10 12 1 10 12 1 1 10 12 1 100 1 8 1 10 12 1 10 10 12 1 1 10 12 1 1 10 12 1 1 10 12 1 1 8 1 10 12 1 1 1 1 1 1 1 1 1 1 1 1 1 1 1 1 1 1 1 1 1 1 1 1 1 1 1 1 1 1 1 1 1 1 1 1 1 1 1 1 1 1 1 1 1 1 1 1 1 1 1 1 1 100 1 100 1 100 1 1 1 1 1 1 1 1 1 1 1 1 1 1 1 1 1 1 1 1 1 1 1 1 1 1 1 1 1 1
ciInstanceKlass java/lang/reflect/Field 1 1 457 9 7 12 1 1 1 10 12 1 1 10 7 12 1 1 1 10 7 12 1 1 9 12 1 1 10 12 1 1 10 12 1 1 10 7 12 1 1 10 7 12 1 1 1 9 12 1 1 9 12 1 9 12 1 9 12 1 1 9 12 1 1 9 12 1 9 12 1 1 9 12 1 1 100 1 8 1 10 12 1 10 12 1 9 12 1 1 9 12 1 10 12 1 10 7 12 1 1 10 12 1 1 10 12 1 1 10 12 1 10 12 1 1 9 100 12 1 1 1 10 100 12 1 1 1 7 1 10 12 1 1 10 12 1 1 10 12 1 1 10 12 1 10 12 1 10 7 1 10 7 12 1 1 7 1 10 8 1 10 12 1 1 10 12 1 1 8 1 10 12 10 12 1 8 1 8 1 10 11 7 1 9 12 1 10 12 1 1 10 12 1 1 11 7 12 1 1 1 10 12 1 11 12 1 1 11 12 1 1 11 12 1 1 11 12 1 1 11 12 1 1 11 12 1 1 11 12 1 1 11 12 1 1 11 12 1 1 11 12 1 1 11 12 1 1 11 12 1 1 11 12 1 1 11 12 1 1 11 12 1 1 11 12 1 1 11 12 1 1 10 12 1 10 7 12 1 1 10 12 1 10 12 1 10 12 1 9 12 1 1 10 7 12 1 1 1 10 12 1 1 10 12 1 10 7 12 1 1 10 12 1 1 11 7 1 10 12 1 7 1 10 100 12 1 1 1 10 7 12 1 1 1 9 12 1 10 7 12 1 1 1 11 7 12 1 1 1 10 12 1 1 10 12 1 1 9 100 12 1 1 10 100 12 1 1 1 10 12 1 1 7 1 1 1 1 1 1 1 1 1 1 1 1 1 1 1 1 1 1 1 1 1 1 1 1 1 1 1 1 1 1 1 1 1 1 1 1 1 1 1 100 1 1 1 1 1 1 1 1 1 1 1 1 1 1 1 1 1 1 1 1 1 1 1 1 1 1 1 1 1 1 1 1 7 1 1 1 1 1 1 1 1 1 100 1 1
ciInstanceKlass java/lang/reflect/Parameter 1 1 243 10 7 12 1 1 1 9 7 12 1 1 1 9 12 1 1 9 12 1 1 9 12 1 10 12 1 1 10 12 1 1 10 7 12 1 1 1 7 1 10 10 12 1 1 11 7 12 1 1 1 10 12 1 10 100 12 1 1 1 10 12 1 1 10 12 1 10 12 1 8 1 8 1 10 7 12 1 1 1 10 12 1 10 12 9 100 12 1 1 1 10 100 12 1 1 1 10 12 1 8 1 10 12 1 9 12 1 1 10 12 1 1 9 12 1 1 10 12 1 1 10 12 1 1 10 12 1 1 10 12 1 10 10 12 1 10 100 12 1 1 1 10 12 1 1 11 7 12 1 1 10 7 12 1 1 7 1 10 100 12 1 1 1 10 12 1 1 10 12 1 1 10 12 1 1 10 12 1 1 9 12 1 100 1 10 11 12 1 1 11 12 1 1 7 1 1 1 1 1 1 1 1 1 1 1 1 1 1 1 1 1 1 1 1 1 1 1 1 1 1 1 1 1 1 1 1 1 1 1 1 1 1 1 1 1 100 1 1 1 1 1 1
ciInstanceKlass java/lang/reflect/RecordComponent 1 1 196 10 7 12 1 1 1 9 7 12 1 1 1 9 12 1 1 9 12 1 10 12 1 1 10 12 1 1 10 100 12 1 1 1 10 12 1 1 9 12 1 1 10 12 1 1 10 12 1 1 10 12 1 10 100 12 1 1 10 100 12 1 1 9 12 1 1 10 100 12 1 1 1 11 100 12 1 1 1 10 9 100 12 1 1 1 10 100 12 1 1 1 9 12 1 1 10 100 12 1 1 1 10 12 1 1 11 7 12 1 1 10 7 12 1 1 7 1 9 12 1 9 12 1 1 9 12 1 10 100 12 1 1 1 10 12 1 1 10 12 1 1 7 1 10 10 12 1 10 12 1 1 8 1 10 12 1 10 12 1 9 12 1 7 1 1 1 1 1 1 1 1 1 1 1 1 1 1 1 1 1 1 1 1 1 1 7 1 1 1 1 1 1 100 1 1
ciInstanceKlass java/lang/StringBuffer 1 1 483 10 7 12 1 1 1 10 12 1 10 12 1 10 12 1 1 9 7 12 1 1 1 10 12 1 1 10 12 1 10 12 1 1 9 12 1 1 10 12 1 10 12 1 1 10 12 1 1 10 12 1 10 12 1 1 10 12 1 10 12 1 1 10 12 1 1 10 7 12 1 1 1 10 12 1 1 10 12 1 10 12 1 10 12 1 10 12 1 10 12 1 10 12 1 10 12 1 10 12 1 10 12 1 10 12 1 10 12 1 10 12 1 10 12 1 10 12 1 1 10 12 1 10 12 1 1 10 12 1 1 10 10 12 1 1 10 12 1 10 12 1 10 12 1 10 12 1 10 12 1 10 12 1 10 12 10 12 1 10 12 1 10 12 1 10 12 1 1 10 12 1 10 12 1 10 10 12 1 1 10 12 1 10 12 1 10 12 1 10 10 100 12 1 1 1 10 10 12 1 1 9 12 1 1 10 100 12 1 1 10 100 1 8 10 100 12 1 1 1 8 10 12 1 8 1 10 12 1 10 12 1 10 100 12 1 1 1 10 100 12 1 1 1 7 1 10 12 100 1 8 1 10 10 12 1 1 10 12 1 1 10 12 1 10 12 1 10 12 1 1 10 12 1 10 12 1 10 12 1 10 12 1 10 12 1 10 12 10 12 1 10 12 1 10 12 1 10 12 1 10 12 1 10 12 1 10 12 1 10 12 1 10 12 1 10 12 1 10 12 10 12 10 12 1 10 12 1 10 12 1 10 12 10 12 1 10 12 1 10 12 1 10 12 1 10 12 1 10 12 1 10 12 1 10 12 1 10 12 1 10 12 1 10 12 1 7 1 10 12 1 9 7 12 1 1 1 9 7 1 9 12 1 1 7 1 7 1 7 1 7 1 1 1 1 5 0 1 1 1 1 1 1 1 1 1 1 1 1 1 1 1 1 1 1 1 1 1 1 1 1 1 1 1 1 1 1 1 1 1 1 1 1 1 1 1 1 1 1 1 1 1 1 1 1 1 1 1 1 1 1 1 1 1 1 1 1 1 100 1 1 1 1 1 7 1 1 1 1 1 1 1 1 1 1 1 1 1 1 1 1 1 1
staticfield java/lang/StringBuffer serialPersistentFields [Ljava/io/ObjectStreamField; 3 [Ljava/io/ObjectStreamField;
instanceKlass java/net/URLClassLoader
instanceKlass jdk/internal/loader/BuiltinClassLoader
ciInstanceKlass java/security/SecureClassLoader 1 1 102 10 7 12 1 1 1 7 1 10 12 1 9 7 12 1 1 1 10 12 1 10 12 1 10 12 1 1 10 12 1 1 10 12 1 7 1 10 7 1 10 12 1 7 1 10 12 1 11 7 12 1 1 1 7 1 11 12 1 10 12 1 1 1 1 1 1 1 1 1 1 1 1 1 1 1 1 1 1 1 1 1 1 1 1 1 1 1 1 1 1 1 1 1 1 1 1 100 1 1 1 1
ciInstanceKlass java/util/jar/Manifest 1 1 339 10 7 12 1 1 1 7 1 10 9 7 12 1 1 1 7 1 10 9 12 1 1 9 12 1 1 10 12 1 10 12 1 1 10 12 1 1 10 12 1 1 10 12 1 1 11 7 1 11 12 1 1 10 12 1 1 10 100 12 1 1 1 100 1 7 1 10 8 1 10 12 1 1 10 12 1 1 10 12 1 10 12 1 11 100 1 10 12 1 10 12 1 1 11 12 1 1 10 12 1 11 12 1 1 11 100 12 1 1 1 11 7 12 1 1 11 12 1 1 100 1 10 12 1 8 1 11 12 1 7 1 10 12 1 1 11 12 1 10 12 1 10 12 1 10 7 12 1 1 1 8 1 10 12 1 1 10 9 100 12 1 1 1 10 12 1 1 10 100 12 1 10 12 1 10 12 1 9 100 12 1 1 1 8 1 10 12 1 8 1 8 1 7 1 10 12 1 10 12 1 10 12 1 1 100 1 8 1 10 12 1 1 8 1 10 10 12 1 1 8 1 10 12 1 1 10 7 12 1 1 1 10 12 1 10 11 12 1 1 10 12 1 10 100 12 1 1 1 10 12 1 1 10 12 1 10 12 1 1 11 10 12 1 11 10 12 1 7 1 1 1 1 1 1 1 1 1 1 1 1 1 1 1 1 1 1 1 1 1 1 1 1 1 1 1 1 1 1 1 1 1 1 1 1 1 1 1 1 1 1 1 100 1 1 1 1 1 1 1 1 1 1 1 1 1 1 7 1 1 1 1 1 1 1 1 1 1 1
ciInstanceKlass java/io/ByteArrayInputStream 1 1 117 10 7 12 1 1 1 9 7 12 1 1 1 9 12 1 1 9 12 1 9 12 1 10 7 12 1 1 1 10 7 12 1 1 1 10 7 12 1 1 1 10 100 12 1 1 1 10 12 1 1 3 10 100 1 10 100 12 1 1 1 9 12 1 1 100 1 10 10 7 12 1 1 1 1 1 1 1 1 1 1 1 1 1 1 1 1 1 1 1 1 1 1 1 1 1 1 1 1 1 1 1 100 1 1 1 1 1 1 1 1 1 1 1 1 1 1
staticfield java/io/ByteArrayInputStream $assertionsDisabled Z 1
instanceKlass java/nio/IntBuffer
instanceKlass java/nio/CharBuffer
instanceKlass java/nio/LongBuffer
instanceKlass java/nio/ByteBuffer
ciInstanceKlass java/nio/Buffer 1 1 256 100 1 10 7 12 1 1 1 9 7 12 1 1 1 9 12 1 9 12 1 1 9 12 1 9 12 1 1 10 12 1 1 10 12 1 1 10 12 100 1 7 1 10 8 1 10 12 1 1 10 12 1 8 1 8 1 10 12 1 1 10 12 1 8 1 9 12 1 1 100 1 8 1 10 12 1 8 1 8 1 9 12 10 12 1 8 1 8 1 8 1 10 12 1 8 1 8 1 8 1 100 1 10 100 1 10 100 1 10 9 12 1 1 10 7 12 1 1 1 100 1 10 12 1 1 10 12 1 10 100 12 1 1 10 7 12 1 1 1 10 7 12 1 1 1 9 12 1 1 10 7 12 1 1 1 9 12 1 1 7 1 10 10 12 1 1 7 1 10 10 7 12 1 1 1 1 1 3 1 1 1 1 1 1 1 1 1 1 1 1 1 1 100 1 1 1 1 1 1 1 7 1 1 1 1 1 1 1 1 1 1 1 1 1 1 1 1 1 1 1 1 1 1 1 1 1 1 1 1 1 1 1 1 1 1 1 1 1 1 1 100 1 100 1 100 1 100 1 100 1 100 1 100 1 1
staticfield java/nio/Buffer UNSAFE Ljdk/internal/misc/Unsafe; jdk/internal/misc/Unsafe
staticfield java/nio/Buffer SCOPED_MEMORY_ACCESS Ljdk/internal/misc/ScopedMemoryAccess; jdk/internal/misc/ScopedMemoryAccess
staticfield java/nio/Buffer IOOBE_FORMATTER Ljava/util/function/BiFunction; jdk/internal/util/Preconditions$4
staticfield java/nio/Buffer $assertionsDisabled Z 1
ciInstanceKlass java/util/Objects 1 1 184 10 7 12 1 1 1 100 1 8 1 10 12 1 10 12 1 1 10 7 12 1 1 1 10 12 1 1 10 12 1 10 7 12 1 1 1 10 12 1 1 10 7 12 1 1 1 7 1 10 10 12 1 1 10 7 12 1 1 10 12 1 1 8 1 10 7 12 1 1 1 10 7 12 1 1 1 10 11 100 12 1 1 1 100 1 10 10 12 1 8 1 10 12 1 8 1 7 1 11 12 1 1 8 1 10 7 12 1 1 1 10 12 1 1 10 12 1 10 12 1 10 12 1 10 12 1 1 1 1 1 1 1 1 1 1 1 1 1 1 1 1 1 1 1 1 1 1 1 1 1 1 1 1 1 1 1 1 1 1 1 1 1 1 1 1 1 1 1 1 1 1 1 1 1 1 1 1 1 1 1 1 1 1
ciInstanceKlass jdk/internal/util/Preconditions 1 1 194 10 7 12 1 1 1 11 7 12 1 1 1 11 100 12 1 1 1 7 1 100 1 10 7 12 1 1 1 10 12 1 8 1 7 1 10 7 12 1 1 1 10 12 1 1 8 1 8 1 10 7 12 1 1 7 1 10 12 1 8 1 10 7 12 1 1 1 8 1 10 12 1 1 10 12 1 1 11 12 1 8 1 8 1 11 12 1 1 8 1 8 1 8 1 10 12 1 1 10 12 1 1 10 12 1 10 12 1 10 12 1 10 12 7 1 10 10 12 1 1 9 12 1 1 7 1 10 9 12 1 7 1 10 9 12 1 1 1 1 1 1 1 1 1 1 1 1 1 1 1 1 1 1 1 1 1 1 1 1 1 1 1 1 1 1 1 1 1 1 1 1 1 1 1 1 1 1 1 1 1 1 1 1 1 1 1 1 1 1 1 1 1 1
staticfield jdk/internal/util/Preconditions SIOOBE_FORMATTER Ljava/util/function/BiFunction; jdk/internal/util/Preconditions$4
staticfield jdk/internal/util/Preconditions AIOOBE_FORMATTER Ljava/util/function/BiFunction; jdk/internal/util/Preconditions$4
staticfield jdk/internal/util/Preconditions IOOBE_FORMATTER Ljava/util/function/BiFunction; jdk/internal/util/Preconditions$4
ciMethod java/util/Objects requireNonNull (Ljava/lang/Object;)Ljava/lang/Object; 1024 0 565520 0 -1
instanceKlass java/util/AbstractList$SubList
instanceKlass com/google/protobuf/AbstractProtobufList
instanceKlass java/util/Collections$CopiesList
instanceKlass com/google/protobuf/AbstractProtobufList
instanceKlass kotlin/collections/AbstractMutableList
instanceKlass java/util/AbstractSequentialList
instanceKlass sun/security/jca/ProviderList$ServiceList
instanceKlass sun/security/jca/ProviderList$3
instanceKlass java/util/Collections$SingletonList
instanceKlass java/util/ArrayList$SubList
instanceKlass java/util/Vector
instanceKlass java/util/Arrays$ArrayList
instanceKlass java/util/Collections$EmptyList
instanceKlass java/util/ArrayList
ciInstanceKlass java/util/AbstractList 1 1 218 10 7 12 1 1 1 9 7 12 1 1 1 10 12 1 1 10 12 1 1 100 1 10 10 12 1 1 11 7 12 1 1 1 11 12 1 1 11 12 1 10 7 12 1 1 1 10 12 1 11 12 1 11 12 1 11 12 1 10 12 1 1 10 12 1 1 11 7 12 1 1 1 11 7 1 11 7 1 10 12 1 7 1 10 12 1 10 12 1 1 7 1 7 1 10 12 1 100 1 10 100 1 7 1 10 8 1 10 12 1 1 10 12 1 10 12 1 1 10 12 1 8 1 100 1 8 1 8 1 8 1 10 7 1 11 10 10 12 1 11 12 1 10 12 1 1 8 1 8 1 1 1 1 1 1 1 1 1 1 1 1 1 1 1 1 1 1 1 1 1 1 1 1 1 1 1 1 1 1 1 1 1 1 1 1 1 1 1 1 1 1 1 1 1 1 1 1 1 1 1 1 1 1 1 1 1 1 100 1 100 1 1 1 1 1 1 1
ciInstanceKlass java/util/List 1 1 251 10 100 12 1 1 1 11 100 12 1 1 1 11 100 12 1 1 1 11 12 1 1 11 100 12 1 1 11 12 1 1 11 12 1 1 10 100 12 1 1 1 7 1 7 1 10 12 1 1 100 1 10 100 12 1 1 1 11 12 1 1 11 12 1 11 12 1 100 1 10 12 1 11 12 1 1 11 12 1 1 11 12 1 10 100 12 1 1 1 9 7 12 1 1 1 7 1 10 12 10 12 1 7 1 10 12 1 1 10 12 1 10 12 1 1 11 12 1 1 100 1 1 1 1 1 1 1 1 1 1 1 1 1 1 1 1 1 1 1 1 1 1 1 1 1 1 1 1 1 1 1 1 1 1 1 1 1 1 1 1 1 1 1 1 100 1 100 1 1 1 1 1 1 1 1 1 1 1 1 1 1 1 1 1 1 1 1 1 1 1 1 1 1 1 1 1 1 1 1 1 1 1 1 1 1 1 1 1 1 1 1 1 1 1 1 1 1 1 1 1 1 1 1 1 1 1 1 1 1 1 1 1 1 1 1 1 1 1 1 1 1 1 1 100 1 1 100 1 1 1
ciInstanceKlass java/util/SequencedCollection 1 1 109 100 1 10 12 1 1 11 7 12 1 1 1 11 7 12 1 1 1 11 12 1 1 11 12 1 7 1 7 1 1 1 1 1 1 1 1 1 1 1 1 1 1 1 1 1 1 1 1 1 1 1 1 1 1 1 1 1 100 1 8 1 1 12 10 1 1 1 8 1 1 1 8 1 1 1 8 1 1 1 8 1 1 8 1 1 1 8 1 1 8 1 1 1 8 1 1 8 1 1 1 8 1 1 8 1 1 8 1
ciInstanceKlass java/util/Collection 1 1 115 11 7 12 1 1 1 7 1 11 7 12 1 1 1 10 7 12 1 1 1 11 12 1 1 11 7 12 1 1 1 11 12 1 1 11 7 12 1 1 1 11 12 1 1 10 100 12 1 1 1 11 12 1 10 7 12 1 1 1 100 1 100 1 1 1 1 1 1 1 1 1 1 1 1 1 1 1 1 1 1 1 1 1 1 1 1 1 1 1 1 1 1 1 1 1 1 1 1 1 1 1 1 1 1 1 1 1 1 1 1 1 1 1 1
ciInstanceKlass java/lang/Iterable 1 1 62 10 7 12 1 1 1 11 7 12 1 1 1 11 7 12 1 1 1 11 12 1 1 11 7 12 1 1 1 10 7 12 1 1 1 100 1 1 1 1 1 1 1 1 1 1 1 1 1 1 1 1 1 1 1 1 1 1 1 1 1 1
ciMethod java/util/List size ()I 0 0 1 0 -1
ciMethod java/util/List isEmpty ()Z 0 0 1 0 -1
ciMethod java/util/List add (Ljava/lang/Object;)Z 0 0 1 0 -1
ciMethod java/util/List addAll (Ljava/util/Collection;)Z 0 0 1 0 -1
ciMethod java/util/List addAll (ILjava/util/Collection;)Z 0 0 1 0 -1
instanceKlass java/util/concurrent/ConcurrentLinkedDeque
instanceKlass com/google/common/collect/ImmutableCollection
instanceKlass java/util/IdentityHashMap$Values
instanceKlass java/util/HashMap$Values
instanceKlass java/util/LinkedHashMap$LinkedValues
instanceKlass java/util/AbstractQueue
instanceKlass java/util/ArrayDeque
instanceKlass java/util/AbstractSet
instanceKlass java/util/ImmutableCollections$AbstractImmutableCollection
instanceKlass java/util/AbstractList
ciInstanceKlass java/util/AbstractCollection 1 1 160 10 7 12 1 1 1 10 7 12 1 1 1 10 12 1 1 11 7 12 1 1 1 11 12 1 1 10 12 1 1 10 100 12 1 1 1 10 12 1 1 10 12 1 1 10 7 12 1 1 10 7 12 1 1 1 7 1 10 7 12 1 1 1 10 100 12 1 1 1 100 1 10 11 12 1 11 7 1 10 12 1 10 12 1 10 7 12 1 1 1 11 8 1 7 1 10 10 12 1 1 8 1 10 12 1 10 12 1 1 1 1 1 1 1 1 1 1 1 1 1 1 1 1 1 1 1 1 1 1 1 1 1 1 1 1 1 1 1 1 1 1 1 1 1 1 1 1 1 1 1 1 1 1 1 1 1 1 1 1
ciMethod java/util/AbstractCollection <init> ()V 1024 0 374842 0 80
ciMethod java/util/AbstractList <init> ()V 588 0 287823 0 88
ciInstanceKlass java/lang/AssertionStatusDirectives 0 0 24 10 100 12 1 1 1 100 1 1 1 1 1 1 1 1 1 1 1 1 1 1 1 1
instanceKlass org/sonar/sslr/channel/ChannelException
instanceKlass com/google/protobuf/UninitializedMessageException
instanceKlass com/google/protobuf/RuntimeVersion$ProtobufRuntimeVersionException
instanceKlass com/sonar/sslr/api/RecognitionException
instanceKlass com/sonar/sslr/impl/LexerException
instanceKlass org/sonar/sslr/grammar/GrammarException
instanceKlass org/sonar/iac/common/extension/ParseException
instanceKlass org/snakeyaml/engine/v2/exceptions/YamlEngineException
instanceKlass org/sonar/plugins/python/EmptyReportException
instanceKlass com/google/gson/JsonParseException
instanceKlass org/eclipse/jgit/errors/StopWalkException
instanceKlass org/eclipse/jgit/errors/LargeObjectException
instanceKlass org/apache/commons/lang3/exception/CloneFailedException
instanceKlass org/eclipse/jgit/api/errors/JGitInternalException
instanceKlass org/sonar/sarif/SarifDeserializationException
instanceKlass tools/jackson/core/JacksonException
instanceKlass java/lang/MatchException
instanceKlass java/nio/BufferOverflowException
instanceKlass com/google/protobuf/UninitializedMessageException
instanceKlass com/google/protobuf/RuntimeVersion$ProtobufRuntimeVersionException
instanceKlass java/util/ConcurrentModificationException
instanceKlass kotlin/NoWhenBranchMatchedException
instanceKlass kotlin/UninitializedPropertyAccessException
instanceKlass nl/altindag/desidero/exception/DesideroException
instanceKlass java/security/ProviderException
instanceKlass java/util/concurrent/RejectedExecutionException
instanceKlass org/springframework/context/NoSuchMessageException
instanceKlass org/sonar/api/utils/HttpDownloader$HttpException
instanceKlass org/sonar/api/utils/SonarException
instanceKlass org/sonarqube/ws/client/HttpException
instanceKlass java/lang/TypeNotPresentException
instanceKlass org/springframework/expression/ExpressionException
instanceKlass java/time/DateTimeException
instanceKlass nl/altindag/ssl/exception/GenericException
instanceKlass java/nio/file/FileSystemNotFoundException
instanceKlass java/lang/reflect/InaccessibleObjectException
instanceKlass java/util/concurrent/CompletionException
instanceKlass org/sonar/api/utils/MessageException
instanceKlass org/springframework/core/NestedRuntimeException
instanceKlass java/util/NoSuchElementException
instanceKlass com/google/gson/JsonParseException
instanceKlass java/io/UncheckedIOException
instanceKlass java/lang/reflect/UndeclaredThrowableException
instanceKlass ch/qos/logback/core/LogbackException
instanceKlass java/lang/IndexOutOfBoundsException
instanceKlass java/lang/SecurityException
instanceKlass java/lang/UnsupportedOperationException
instanceKlass java/lang/IllegalStateException
instanceKlass org/sonar/scanner/bootstrap/ScannerEngineFailure
instanceKlass java/lang/IllegalArgumentException
instanceKlass java/lang/ArithmeticException
instanceKlass java/lang/NullPointerException
instanceKlass java/lang/IllegalMonitorStateException
instanceKlass java/lang/ArrayStoreException
instanceKlass java/lang/ClassCastException
ciInstanceKlass java/lang/RuntimeException 1 1 40 10 7 12 1 1 1 10 12 1 10 12 1 10 12 1 10 12 1 100 1 1 1 1 5 0 1 1 1 1 1 1 1 1 1 1 1 1 1 1
instanceKlass org/sonar/plugins/python/api/DjangoViewInfo
instanceKlass org/sonar/plugins/python/api/project/configuration/AwsLambdaHandlerInfo
instanceKlass org/sonar/plugins/python/api/project/configuration/AwsProjectConfiguration
instanceKlass org/sonar/python/types/v2/TypeCheckBuilder$IsGenericPredicate
instanceKlass org/sonar/python/semantic/v2/types/TrivialTypeInferenceVisitor$DeferredTree
instanceKlass org/sonar/plugins/python/api/LocationInFile
instanceKlass org/sonar/python/semantic/v2/FunctionTypeBuilder$ParameterType
instanceKlass org/sonar/plugins/python/api/types/v2/UnknownType$UnresolvedImportType
instanceKlass org/sonar/python/semantic/v2/types/TrivialTypeInferenceVisitor$Scope
instanceKlass org/sonar/python/types/v2/matchers/TypePredicateContextImpl
instanceKlass org/sonar/python/semantic/v2/SymbolTable
instanceKlass org/sonar/python/semantic/v2/UsageV2Impl
instanceKlass org/sonar/plugins/python/api/PythonLine
instanceKlass org/sonar/plugins/python/indexer/ProjectTreeBuilder$ProjectPath
instanceKlass org/sonar/plugins/python/indexer/PackageResolutionResult
instanceKlass org/sonar/plugins/python/indexer/PackageRootResolver$BuildConfigFiles
instanceKlass org/sonar/plugins/python/api/types/v2/ParameterV2
instanceKlass org/sonar/plugins/python/api/types/v2/Member
instanceKlass org/sonar/python/checks/AwsHardcodedRegionCheck$ClientMethod
instanceKlass org/sonar/python/checks/AwsLongTermAccessKeysCheck$ClientMethod
instanceKlass org/sonar/python/checks/hotspots/FastHashingOrPlainTextCheck$Argon2PasswordHasherValidator
instanceKlass org/sonar/python/checks/hotspots/FastHashingOrPlainTextCheck$MissingArgumentValidator
instanceKlass org/sonar/python/checks/hotspots/FastHashingOrPlainTextCheck$PBKDF2Validator
instanceKlass org/sonar/python/checks/hotspots/CommonValidationUtils$ArgumentValidator
instanceKlass org/sonar/python/checks/BeautifulSoupRawHtmlInsertionCheck$MethodSpec
instanceKlass org/sonar/python/checks/HardcodedCredentialsCallCheck$MethodArgument
instanceKlass org/sonar/python/checks/HardcodedCredentialsCallCheck$CredentialMethod
instanceKlass org/sonar/python/checks/WebEntryPointDecoratorCheck$DecoratorMatcher
instanceKlass org/sonar/python/checks/PredictableSaltCheck$ArgumentInfo
instanceKlass org/sonar/python/checks/DeprecatedNumpyTypesCheck$DeprecatedType
instanceKlass org/sonar/python/types/v2/matchers/HasFQNPredicate
instanceKlass org/sonar/python/types/v2/matchers/TypeMatcherImpl
instanceKlass org/sonar/plugins/python/PythonChecks$RepositoryChecksInfo
instanceKlass org/sonar/plugins/secrets/api/SpecificationConfiguration
instanceKlass org/sonar/plugins/python/indexer/NamespacePackageTelemetry
instanceKlass com/sonar/sca/scanner/spi/ScaHttpRequest
instanceKlass org/sonar/plugins/python/editions/RepositoryInfoProvider$RepositoryInfo
instanceKlass org/sonar/plugins/python/api/nosonar/NoSonarLineInfo
instanceKlass org/sonar/plugins/python/api/project/configuration/ProjectConfiguration
instanceKlass org/springframework/beans/factory/support/MethodDescriptor
instanceKlass org/sonar/scanner/rule/DefaultActiveRulesLoader$ParamGson
instanceKlass java/lang/reflect/Executable$ParameterData
instanceKlass org/sonar/scanner/rule/DefaultActiveRulesLoader$ActiveRuleGson
instanceKlass org/sonar/scanner/rule/DefaultActiveRulesLoader$RuleKeyGson
instanceKlass org/springframework/core/io/support/SpringFactoriesLoader$Factories
instanceKlass org/sonar/scanner/plugin/PluginInfo$RequiredPlugin
instanceKlass jdk/net/UnixDomainPrincipal
instanceKlass java/nio/DirectByteBuffer$Deallocator
instanceKlass jdk/internal/misc/ThreadTracker$ThreadRef
instanceKlass org/sonar/batch/bootstrapper/EnvironmentInformation
instanceKlass java/lang/reflect/Proxy$ProxyBuilder$ProxyClassContext
instanceKlass java/util/stream/Collectors$CollectorImpl
instanceKlass java/security/SecureClassLoader$CodeSourceKey
instanceKlass jdk/internal/reflect/ReflectionFactory$Config
instanceKlass jdk/internal/foreign/abi/UpcallLinker$CallRegs
instanceKlass jdk/internal/foreign/abi/VMStorage
ciInstanceKlass java/lang/Record 1 1 22 10 7 12 1 1 1 100 1 1 1 1 1 1 1 1 1 1 1 1 1 1
ciInstanceKlass java/lang/invoke/MethodType 1 1 780 7 1 10 7 12 1 1 1 9 12 1 1 9 12 1 1 9 12 1 1 10 7 12 1 1 1 9 7 12 1 1 8 1 10 100 12 1 1 1 9 7 1 9 7 1 10 12 1 1 7 1 10 8 1 10 12 1 1 10 12 1 10 12 1 1 7 1 8 1 10 12 1 100 1 10 10 12 1 10 12 1 1 10 12 1 1 11 7 12 1 1 1 9 12 1 11 12 1 1 7 10 12 1 1 10 12 1 1 7 1 7 1 10 7 12 1 1 1 10 12 1 10 12 1 9 12 1 1 10 7 12 1 1 10 12 1 1 10 7 12 1 1 1 10 7 12 1 1 1 10 12 1 9 12 1 1 10 12 1 1 10 12 1 1 10 12 1 1 10 12 1 1 10 12 1 1 10 12 1 10 12 1 10 12 1 1 10 12 1 8 1 8 1 10 12 1 1 9 12 1 1 100 1 10 10 12 1 1 10 12 1 10 12 1 1 10 12 1 1 10 12 1 10 12 1 10 12 1 8 1 10 12 1 1 10 7 12 1 1 1 10 12 1 10 12 1 1 10 12 1 10 12 1 10 12 1 1 10 12 1 10 12 1 9 12 1 10 12 1 10 10 12 1 1 10 12 1 9 12 1 1 10 12 1 1 11 12 1 1 10 12 1 1 10 12 1 10 12 1 7 1 8 1 8 1 8 1 10 12 1 10 12 1 10 12 1 1 10 10 12 1 11 12 1 1 11 12 1 10 100 12 1 1 1 9 12 1 10 12 1 10 12 1 1 10 12 1 1 10 12 1 10 12 1 10 100 12 1 1 1 10 12 1 1 10 12 1 10 12 1 10 12 1 10 9 12 1 1 7 1 10 12 1 10 12 1 1 9 100 12 1 1 1 10 7 12 1 1 1 10 7 12 1 1 1 10 12 1 1 10 7 12 1 1 1 10 12 1 1 8 1 10 7 12 1 1 1 11 12 1 1 9 12 1 1 10 12 1 1 10 12 1 10 12 1 1 10 12 1 1 10 100 12 1 1 100 1 10 12 1 1 11 100 12 1 1 18 12 1 1 11 12 1 1 18 12 1 11 12 1 100 1 11 100 12 1 1 10 12 1 100 1 10 12 1 10 100 12 1 1 10 12 1 1 9 12 1 1 9 100 12 1 1 1 10 7 12 1 1 1 9 12 1 10 100 12 1 1 10 12 1 100 10 12 1 1 10 12 1 7 1 10 10 12 1 1 7 1 7 1 9 12 1 1 7 1 7 1 7 1 1 1 5 0 1 1 1 1 1 1 1 3 1 3 1 3 1 1 1 1 1 1 1 1 1 1 1 1 1 1 1 1 1 1 1 1 1 1 1 1 1 1 1 1 1 1 1 1 1 1 1 1 1 1 1 1 1 1 1 1 1 1 1 1 1 1 1 1 1 1 1 1 1 1 1 1 1 1 1 1 1 1 1 1 1 1 1 1 1 1 1 1 1 1 1 1 1 1 1 1 1 1 1 1 1 1 1 1 1 1 1 1 1 1 1 1 1 1 1 1 1 1 1 1 1 1 1 1 1 1 1 1 1 1 1 1 1 1 1 1 1 1 1 1 1 1 100 1 100 1 1 1 1 1 1 1 1 1 1 1 1 1 100 1 1 1 7 1 1 1 1 1 1 1 1 1 1 1 1 1 1 1 1 1 1 1 1 1 1 16 15 10 12 16 16 15 10 12 16 15 10 100 12 1 1 1 1 1 7 1 1 7 1 1 100 1 100 1 1
staticfield java/lang/invoke/MethodType internTable Ljdk/internal/util/ReferencedKeySet; jdk/internal/util/ReferencedKeySet
staticfield java/lang/invoke/MethodType NO_PTYPES [Ljava/lang/Class; 0 [Ljava/lang/Class;
staticfield java/lang/invoke/MethodType objectOnlyTypes [Ljava/lang/invoke/MethodType; 20 [Ljava/lang/invoke/MethodType;
staticfield java/lang/invoke/MethodType METHOD_HANDLE_ARRAY [Ljava/lang/Class; 1 [Ljava/lang/Class;
staticfield java/lang/invoke/MethodType serialPersistentFields [Ljava/io/ObjectStreamField; 0 [Ljava/io/ObjectStreamField;
staticfield java/lang/invoke/MethodType $assertionsDisabled Z 1
ciInstanceKlass java/lang/invoke/TypeDescriptor$OfMethod 1 0 43 100 1 100 1 100 1 1 1 1 1 1 1 1 1 1 1 1 1 1 1 1 1 1 1 1 1 1 1 1 1 1 1 1 1 1 1 1 1 1 100 1 1
instanceKlass java/lang/NoSuchFieldException
instanceKlass java/lang/reflect/InvocationTargetException
instanceKlass java/lang/IllegalAccessException
instanceKlass java/lang/InstantiationException
instanceKlass java/lang/NoSuchMethodException
instanceKlass java/lang/ClassNotFoundException
ciInstanceKlass java/lang/ReflectiveOperationException 1 1 34 10 7 12 1 1 1 10 12 1 10 12 1 10 12 1 100 1 1 1 1 5 0 1 1 1 1 1 1 1 1 1 1 1
instanceKlass java/lang/invoke/DelegatingMethodHandle
instanceKlass java/lang/invoke/BoundMethodHandle
instanceKlass java/lang/invoke/DirectMethodHandle
ciInstanceKlass java/lang/invoke/MethodHandle 1 1 733 100 1 9 7 12 1 1 1 10 7 12 1 1 1 10 7 12 1 1 1 7 1 7 1 10 12 1 1 9 12 1 1 10 12 1 10 12 1 1 10 12 1 1 10 100 12 1 1 1 10 12 1 1 10 12 1 1 11 7 12 1 1 1 10 12 1 1 10 12 1 10 12 1 10 12 1 1 9 12 1 1 9 12 1 1 10 7 12 1 1 1 10 12 1 1 10 12 1 10 12 1 100 1 7 1 10 8 1 10 12 1 1 10 12 1 8 1 10 12 1 1 10 12 1 10 7 12 1 1 1 10 12 1 1 10 12 1 1 10 12 1 1 10 7 12 1 1 1 10 12 1 1 10 12 1 1 10 12 1 10 12 1 1 10 7 12 1 1 10 7 12 1 1 10 12 1 10 12 1 10 12 1 1 10 12 1 1 10 12 1 1 10 12 1 1 10 7 12 1 1 1 10 7 12 1 1 1 10 12 1 1 10 12 1 1 10 12 1 1 8 1 10 7 12 1 1 1 8 1 10 12 1 10 12 1 1 10 12 1 1 10 12 1 8 1 10 12 1 1 8 1 10 12 1 8 1 10 7 12 1 1 1 9 12 1 1 100 1 10 9 7 12 1 1 1 9 7 1 8 1 10 12 1 1 10 12 1 10 12 1 1 10 12 1 10 12 1 1 10 12 1 10 12 1 1 10 12 1 10 12 1 1 10 12 1 1 8 1 10 12 1 1 8 1 10 12 1 10 12 1 1 10 12 1 10 12 1 10 12 1 1 9 100 12 1 1 1 10 12 1 1 11 12 1 10 12 1 10 12 1 1 10 100 12 1 1 100 1 11 12 1 10 100 1 11 12 1 7 1 10 12 1 11 12 1 9 100 12 1 1 1 11 12 1 1 11 100 12 1 1 1 10 12 1 1 9 12 1 11 12 1 9 12 1 9 12 1 9 12 1 11 12 1 1 9 12 1 9 12 1 9 12 1 9 12 1 9 12 1 9 12 1 9 12 1 8 1 10 12 1 10 12 1 8 1 10 12 1 10 12 1 10 12 1 1 10 10 10 7 12 1 1 10 12 1 1 100 1 100 1 8 1 8 1 10 10 12 1 1 10 12 1 10 12 1 7 1 10 100 12 1 1 1 10 9 7 12 1 1 1 10 12 1 1 10 12 1 1 8 1 8 1 10 7 12 1 1 9 12 1 9 12 1 1 9 12 1 1 10 12 1 7 1 10 12 1 10 12 1 1 9 12 1 1 9 12 1 1 10 7 12 1 1 1 11 7 12 1 1 9 12 1 10 12 1 1 9 12 1 10 12 1 8 10 12 1 1 8 1 1 1 1 1 1 1 1 7 1 1 1 1 1 1 1 1 1 1 1 1 1 1 1 1 1 1 1 1 1 1 1 1 1 1 1 1 1 1 100 1 1 1 1 1 1 1 1 1 1 1 1 1 1 1 1 1 1 1 1 1 1 1 1 1 1 1 1 1 1 1 1 1 1 1 1 1 1 1 1 1 1 1 1 1 1 1 1 1 1 1 1 1 1 1 1 1 1 1 1 1 1 1 1 1 1 1 1 1 1 1 1 1 1 1 1 1 1 1 1 1 1 1 1 1 1 100 1 1 100 1 7 1 100 1 1 100 1 1 100 1 1 1 1
staticfield java/lang/invoke/MethodHandle FORM_OFFSET J 20
staticfield java/lang/invoke/MethodHandle UPDATE_OFFSET J 13
staticfield java/lang/invoke/MethodHandle $assertionsDisabled Z 1
ciInstanceKlass java/util/concurrent/ConcurrentHashMap 1 1 1210 7 1 7 1 3 10 12 1 1 3 7 1 10 7 12 1 1 1 7 1 10 7 12 1 1 1 100 1 11 12 1 1 11 12 1 11 12 1 1 9 12 1 1 9 12 1 1 9 12 1 10 7 12 1 1 1 7 1 10 12 1 1 10 12 1 1 10 7 12 1 1 1 4 10 12 1 9 12 1 10 12 1 1 100 1 10 5 0 10 12 1 10 12 1 1 5 0 10 12 1 1 10 12 1 9 12 1 1 10 12 1 1 9 12 1 9 12 1 1 10 12 1 1 9 12 1 10 12 1 1 9 12 1 1 10 12 1 1 100 1 10 7 1 10 12 1 10 12 1 1 10 12 1 1 10 12 1 1 10 12 1 10 12 1 1 10 12 1 1 100 1 10 12 1 1 7 1 100 1 8 1 10 12 1 10 12 1 1 10 12 1 1 11 7 12 1 1 10 12 1 1 11 12 1 1 11 7 12 1 1 1 11 7 12 1 1 1 11 12 1 7 1 11 12 1 11 12 1 10 12 1 1 10 12 1 1 9 12 1 1 10 100 12 1 1 1 9 10 12 1 1 9 12 1 10 12 1 1 5 0 9 12 1 1 7 1 10 12 1 9 12 1 1 7 1 10 12 1 9 12 1 7 1 10 7 1 10 10 12 1 1 8 1 10 12 1 10 12 1 1 11 100 1 10 12 1 10 100 12 1 1 1 8 1 10 100 12 1 1 1 8 1 10 12 1 8 1 10 12 1 10 12 1 1 10 100 12 1 1 10 12 1 10 12 1 10 12 1 9 12 1 9 10 12 1 9 12 1 1 11 7 12 1 1 1 11 7 12 1 1 1 100 1 10 12 11 100 12 1 1 10 11 7 12 1 10 12 1 100 1 10 12 1 100 1 10 10 9 7 12 1 1 1 10 12 3 10 7 12 1 1 9 12 1 10 12 1 1 9 12 1 1 9 12 1 10 12 1 1 10 100 12 1 1 9 12 1 9 7 12 1 1 10 12 1 1 10 12 1 3 9 12 1 9 12 1 10 12 1 1 7 1 9 3 9 12 1 7 1 10 12 1 9 12 1 10 12 1 9 12 1 10 12 1 9 12 1 10 100 12 1 1 1 100 10 12 1 7 1 5 0 10 100 12 1 1 100 1 10 12 1 1 10 12 1 10 12 1 100 1 10 12 1 10 100 1 100 1 10 10 12 1 10 100 1 10 12 1 10 100 1 10 12 1 10 7 1 10 12 1 1 100 1 10 12 1 10 10 12 1 100 1 10 12 1 10 10 12 1 100 1 10 12 1 10 100 1 10 12 1 10 100 1 10 12 1 10 100 1 10 12 1 10 100 1 10 12 1 10 100 1 10 12 1 10 100 1 10 12 1 10 100 1 10 12 1 10 100 1 10 10 100 1 10 10 100 1 10 10 100 1 10 12 1 10 100 1 10 12 1 10 100 1 10 12 1 10 100 1 10 12 1 10 100 1 10 12 1 10 100 1 10 10 100 1 10 10 100 1 10 10 100 1 10 12 1 10 100 1 10 12 1 10 100 1 10 12 1 10 100 1 10 12 1 10 100 1 10 12 1 10 10 12 1 10 7 12 1 1 1 10 12 1 7 1 7 1 10 12 1 9 12 1 1 9 12 1 1 10 12 1 1 8 10 12 1 1 8 8 8 8 7 10 12 1 1 10 12 1 100 1 8 1 10 7 1 7 1 7 1 1 1 5 0 1 1 3 1 3 1 1 1 1 3 1 3 1 3 1 1 1 1 1 3 1 3 1 3 1 1 1 1 1 1 1 1 1 1 1 1 1 1 1 1 1 1 1 1 1 1 1 1 1 100 1 1 1 1 1 1 1 1 1 1 1 1 1 1 1 1 1 1 1 1 1 1 1 1 1 1 1 1 1 1 1 1 1 1 1 1 1 1 1 1 1 1 1 1 1 1 1 1 1 1 1 1 1 1 1 1 1 1 1 1 1 1 1 1 1 1 1 1 1 1 1 1 1 1 1 1 1 1 1 1 1 1 1 1 100 1 1 1 1 1 1 1 1 1 1 1 7 1 1 1 1 1 1 1 1 1 1 1 1 1 1 1 1 1 1 1 1 1 1 1 1 1 1 1 1 1 1 1 1 1 1 1 1 1 1 1 1 1 1 1 1 1 1 1 1 1 1 1 1 1 1 1 1 1 1 1 1 1 1 1 1 1 1 1 1 1 1 1 1 1 1 1 1 1 1 1 1 1 1 1 1 1 1 1 1 1 1 1 1 1 1 1 1 1 1 1 1 1 1 1 1 1 1 1 1 1 1 1 1 1 1 1 1 1 1 1 1 1 1 1 1 1 1 1 1 1 1 1 1 1 1 1 1 1 1 1 1 1 1 1 1 1 1 1 1 1 1 1 1 1 1 1 1 1 1 1 1 1 1 1 1 1 1 1 1 1 1 1 1 1 1 1 1 1 1 1 1 1 1 1 1 1 1 1 1 1 1 1 1 1 1 1 1 1 1 1 1 1 1 1 1 1 1 1 1 1 1 1 1 1 1 1 1 1 1 1 1 1 1 1 100 1 100 1 100 1 100 1 100 1 100 1 100 1 100 1 100 1 1 1 1 1 1 1 1 1 1 1 1 1 1 1 1 1 1 1 1 1 1 1 1 1 1 1 1 1 1 1 1 1 1 1 1 1 1 1 1 1 1 1 1 1 1 1 1 1 1 1 1 1 1 1 1 1 1
staticfield java/util/concurrent/ConcurrentHashMap NCPU I 12
staticfield java/util/concurrent/ConcurrentHashMap serialPersistentFields [Ljava/io/ObjectStreamField; 3 [Ljava/io/ObjectStreamField;
staticfield java/util/concurrent/ConcurrentHashMap U Ljdk/internal/misc/Unsafe; jdk/internal/misc/Unsafe
staticfield java/util/concurrent/ConcurrentHashMap SIZECTL J 20
staticfield java/util/concurrent/ConcurrentHashMap TRANSFERINDEX J 32
staticfield java/util/concurrent/ConcurrentHashMap BASECOUNT J 24
staticfield java/util/concurrent/ConcurrentHashMap CELLSBUSY J 36
staticfield java/util/concurrent/ConcurrentHashMap CELLVALUE J 144
staticfield java/util/concurrent/ConcurrentHashMap ABASE I 16
staticfield java/util/concurrent/ConcurrentHashMap ASHIFT I 2
instanceKlass com/google/protobuf/SmallSortedMap
instanceKlass java/util/stream/Collectors$Partition
instanceKlass com/google/protobuf/SmallSortedMap
instanceKlass com/google/gson/internal/LinkedTreeMap
instanceKlass com/google/gson/internal/LinkedTreeMap
instanceKlass java/util/concurrent/ConcurrentSkipListMap
instanceKlass org/springframework/util/ConcurrentReferenceHashMap
instanceKlass java/util/Collections$SingletonMap
instanceKlass java/util/EnumMap
instanceKlass java/util/TreeMap
instanceKlass java/util/IdentityHashMap
instanceKlass java/util/WeakHashMap
instanceKlass java/util/Collections$EmptyMap
instanceKlass sun/util/PreHashedMap
instanceKlass java/util/HashMap
instanceKlass java/util/ImmutableCollections$AbstractImmutableMap
instanceKlass java/util/concurrent/ConcurrentHashMap
ciInstanceKlass java/util/AbstractMap 1 1 196 10 7 12 1 1 1 10 7 12 1 1 1 11 7 12 1 1 1 10 11 12 1 1 11 7 12 1 1 1 11 12 1 1 7 1 11 12 1 10 12 1 1 11 12 1 100 1 10 11 12 1 11 7 1 10 12 1 1 11 12 1 9 12 1 1 7 1 10 12 1 9 12 1 1 100 1 10 11 11 12 1 1 11 12 1 7 1 100 1 11 12 1 8 1 7 1 10 10 12 1 1 8 1 10 12 1 10 12 1 1 10 12 1 1 1 1 1 1 1 1 1 1 1 1 1 1 1 1 1 1 1 1 1 1 1 1 1 1 1 1 1 1 1 1 1 1 1 1 1 1 1 1 7 1 1 1 1 1 1 1 7 1 1 1 1 1 1 1 1 1 100 1 1 1 1 1 1 1 1 1 100 1 100 1 100 1 100 1 100 1 1 1 1 1 1
ciInstanceKlass java/util/concurrent/ConcurrentMap 1 1 208 11 7 12 1 1 1 10 100 12 1 1 11 12 1 1 11 100 12 1 1 1 11 7 12 1 1 1 11 12 1 1 100 1 11 12 1 11 12 1 100 1 11 100 12 1 1 1 18 12 1 11 12 1 1 11 100 12 1 1 11 12 1 1 11 100 12 1 11 12 1 1 11 12 1 1 7 1 7 1 1 1 1 1 1 1 1 1 1 1 1 1 1 1 1 1 1 1 1 1 1 1 1 1 1 1 1 1 1 1 1 1 1 1 1 1 1 1 1 1 1 1 1 1 1 1 1 1 1 1 1 1 1 1 1 1 1 1 1 16 15 11 12 15 10 100 12 1 1 1 1 1 100 1 100 1 1 1 100 1 8 1 1 12 10 1 1 1 8 1 1 1 8 1 1 8 1 1 1 8 1 1 1 8 1 1 1 8 1 1 1 8 1 1 1 8 1 1 1 8 1 1 1 8 1 1 8 1
ciInstanceKlass jdk/internal/loader/ClassLoaders 1 1 183 10 7 12 1 1 1 10 7 12 1 1 1 10 12 1 1 10 100 12 1 1 1 9 7 12 1 1 1 9 12 1 1 9 12 1 1 7 1 11 100 12 1 1 1 100 1 11 12 1 1 11 12 1 1 10 100 12 1 1 1 10 100 12 1 1 1 100 1 100 1 10 7 12 1 1 1 9 12 1 1 10 12 1 1 7 1 10 12 1 1 10 12 1 7 1 8 1 10 7 12 1 1 1 10 12 1 1 7 1 10 12 1 10 12 1 10 12 1 8 1 10 7 12 1 1 8 1 8 1 10 12 1 7 1 10 12 1 10 12 1 10 12 1 1 1 1 1 1 1 1 1 1 1 1 1 1 1 1 1 1 1 1 7 1 1 1 1 1 1 1 1 1 1 1 1 1 1 1 1 1 1 1
staticfield jdk/internal/loader/ClassLoaders JLA Ljdk/internal/access/JavaLangAccess; java/lang/System$2
staticfield jdk/internal/loader/ClassLoaders BOOT_LOADER Ljdk/internal/loader/ClassLoaders$BootClassLoader; jdk/internal/loader/ClassLoaders$BootClassLoader
staticfield jdk/internal/loader/ClassLoaders PLATFORM_LOADER Ljdk/internal/loader/ClassLoaders$PlatformClassLoader; jdk/internal/loader/ClassLoaders$PlatformClassLoader
staticfield jdk/internal/loader/ClassLoaders APP_LOADER Ljdk/internal/loader/ClassLoaders$AppClassLoader; jdk/internal/loader/ClassLoaders$AppClassLoader
instanceKlass jdk/internal/loader/ClassLoaders$BootClassLoader
instanceKlass jdk/internal/loader/ClassLoaders$PlatformClassLoader
instanceKlass jdk/internal/loader/ClassLoaders$AppClassLoader
ciInstanceKlass jdk/internal/loader/BuiltinClassLoader 1 1 737 9 7 12 1 1 1 10 7 12 1 1 1 10 7 12 1 1 1 9 12 1 1 9 12 1 1 7 1 10 12 1 9 12 1 10 12 1 9 12 1 10 7 12 1 1 1 10 7 12 1 1 1 10 7 12 1 1 1 11 7 12 1 1 1 7 1 7 1 10 10 12 1 1 8 1 10 12 1 10 12 7 1 10 12 1 10 12 1 1 11 7 12 1 1 1 11 7 12 1 1 1 11 12 1 1 7 1 8 1 8 1 10 9 12 1 1 10 7 12 1 1 11 12 1 1 10 12 1 1 10 12 1 1 10 12 1 1 10 7 12 1 1 1 10 12 1 10 7 12 1 1 1 10 12 1 1 11 7 12 1 1 1 10 7 12 1 1 7 1 10 7 12 1 1 1 10 12 1 100 1 8 1 10 12 1 1 10 8 1 10 12 1 1 10 12 1 1 10 12 1 1 11 7 12 1 1 11 12 1 7 1 10 11 12 1 1 11 10 12 1 1 7 1 10 12 1 10 7 12 1 10 12 1 7 1 10 12 1 10 7 12 1 1 1 100 1 10 12 1 1 11 12 1 100 1 100 1 10 12 1 10 12 1 1 100 1 100 1 10 12 1 10 12 1 18 12 1 1 10 12 1 10 12 1 1 18 100 1 10 7 12 1 1 1 7 1 10 10 12 1 1 10 12 1 1 10 12 1 1 10 12 1 9 12 1 1 100 1 10 10 12 1 1 10 12 1 1 10 12 1 10 12 10 12 1 1 10 12 1 1 10 12 1 1 10 12 1 10 12 1 1 18 12 1 7 1 10 12 1 1 10 12 1 10 12 1 1 10 12 1 100 1 10 12 1 7 1 10 12 1 10 7 12 1 1 1 10 12 1 11 12 1 7 1 10 12 1 7 1 100 1 10 12 1 10 12 1 11 12 1 1 10 12 1 1 10 12 1 1 10 12 1 1 10 12 1 1 10 12 1 10 12 1 10 12 1 10 12 1 8 1 10 12 1 1 10 7 12 1 1 10 12 1 100 1 8 1 8 1 10 10 12 1 8 1 8 1 10 7 12 1 1 1 11 7 12 1 1 1 9 7 12 1 1 1 10 7 12 1 1 1 9 12 1 9 12 1 9 12 1 9 12 1 9 12 1 9 12 1 10 7 12 1 1 1 8 1 10 12 1 7 1 10 12 1 1 10 12 1 7 1 10 11 12 1 1 10 12 10 12 1 10 12 1 100 1 10 12 1 10 12 1 10 10 12 1 10 7 12 1 1 8 1 10 7 12 1 1 10 12 1 1 1 1 1 1 1 1 1 1 1 1 1 1 1 1 1 1 1 1 1 1 1 1 1 1 1 1 1 1 1 1 1 1 1 1 1 1 1 1 1 1 1 1 1 1 1 1 1 1 1 1 1 1 1 1 7 1 1 1 1 1 1 1 1 1 1 1 1 1 1 1 1 1 1 7 1 7 1 1 1 1 1 1 1 1 1 1 1 1 1 1 1 1 1 1 1 1 1 1 1 1 1 1 1 1 1 1 1 1 1 1 1 1 1 1 1 1 1 1 1 1 1 1 1 1 1 1 1 100 1 1 16 15 10 12 16 15 10 12 16 15 10 12 16 1 15 10 100 12 1 1 1 1 1 100 1 1 1 1 1 100 1 100 1 1
staticfield jdk/internal/loader/BuiltinClassLoader packageToModule Ljava/util/Map; java/util/concurrent/ConcurrentHashMap
staticfield jdk/internal/loader/BuiltinClassLoader $assertionsDisabled Z 1
ciInstanceKlass jdk/internal/loader/ClassLoaders$AppClassLoader 1 1 119 8 1 10 7 12 1 1 1 10 7 12 1 1 1 10 7 12 1 1 1 10 12 1 1 10 7 12 1 1 1 10 12 1 1 10 12 1 1 7 1 8 1 10 12 10 7 12 1 1 1 10 7 12 1 1 10 12 1 1 10 12 1 1 10 7 12 1 1 1 7 1 10 12 1 1 1 1 1 1 1 1 1 1 1 1 1 1 1 1 1 1 1 1 1 7 1 1 1 1 1 1 1 1 1 1 1 1 1 1 1 1 1 1 1 7 1 1 1
ciInstanceKlass jdk/internal/loader/ClassLoaders$PlatformClassLoader 1 1 42 8 1 10 7 12 1 1 1 10 7 12 1 1 1 7 1 10 12 1 7 1 1 1 1 1 1 1 1 1 1 1 1 1 1 7 1 1 1 100 1 1
ciInstanceKlass java/lang/ArithmeticException 1 1 26 10 100 12 1 1 1 10 12 1 100 1 1 1 1 5 0 1 1 1 1 1 1 1 1 1
ciInstanceKlass java/lang/ArrayStoreException 1 1 26 10 100 12 1 1 1 10 12 1 100 1 1 1 1 5 0 1 1 1 1 1 1 1 1 1
ciInstanceKlass java/lang/ClassCastException 1 1 26 10 100 12 1 1 1 10 12 1 100 1 1 1 1 5 0 1 1 1 1 1 1 1 1 1
ciInstanceKlass java/lang/ClassNotFoundException 1 1 96 7 1 10 7 12 1 1 1 10 12 1 10 12 1 1 10 100 12 1 1 1 8 1 10 100 12 1 1 1 10 7 12 1 1 10 100 12 1 1 1 10 100 12 1 1 1 10 12 1 1 7 1 10 12 1 9 12 1 1 1 1 1 5 0 1 1 1 1 1 1 1 1 1 1 1 1 1 1 1 1 1 1 100 1 1 1 1 1 1 1 1 1 1 1 1
staticfield java/lang/ClassNotFoundException serialPersistentFields [Ljava/io/ObjectStreamField; 1 [Ljava/io/ObjectStreamField;
instanceKlass com/google/protobuf/Utf8$UnpairedSurrogateException
instanceKlass org/eclipse/jgit/dircache/InvalidPathException
instanceKlass org/eclipse/jgit/errors/RevisionSyntaxException
instanceKlass org/eclipse/jgit/errors/InvalidObjectIdException
instanceKlass java/nio/charset/IllegalCharsetNameException
instanceKlass java/nio/file/InvalidPathException
instanceKlass java/nio/charset/UnsupportedCharsetException
instanceKlass java/util/regex/PatternSyntaxException
instanceKlass java/security/InvalidParameterException
instanceKlass java/lang/NumberFormatException
ciInstanceKlass java/lang/IllegalArgumentException 1 1 35 10 100 12 1 1 1 10 12 1 10 12 1 10 12 1 100 1 1 1 1 5 0 1 1 1 1 1 1 1 1 1 1 1 1
ciInstanceKlass java/lang/IllegalMonitorStateException 1 1 26 10 100 12 1 1 1 10 12 1 100 1 1 1 1 5 0 1 1 1 1 1 1 1 1 1
ciInstanceKlass java/lang/BootstrapMethodError 0 0 45 10 100 12 1 1 1 10 12 1 10 12 1 10 100 12 1 1 1 10 100 12 1 1 1 1 1 1 5 0 1 1 1 1 1 1 1 1 1 1 1 100 1 1 1
instanceKlass java/lang/ClassFormatError
instanceKlass java/lang/IncompatibleClassChangeError
instanceKlass java/lang/BootstrapMethodError
instanceKlass java/lang/NoClassDefFoundError
ciInstanceKlass java/lang/LinkageError 1 1 31 10 7 12 1 1 1 10 12 1 10 12 1 100 1 1 1 1 5 0 1 1 1 1 1 1 1 1 1 1 1
instanceKlass kotlin/KotlinNullPointerException
ciInstanceKlass java/lang/NullPointerException 1 1 52 10 100 12 1 1 1 10 12 1 9 100 12 1 1 1 10 12 1 1 9 12 1 1 10 12 1 1 10 12 1 1 1 1 5 0 1 1 1 1 1 1 1 1 100 1 100 1 100 1 1 1
ciInstanceKlass java/lang/NoClassDefFoundError 0 0 26 10 100 12 1 1 1 10 12 1 100 1 1 1 1 5 0 1 1 1 1 1 1 1 1 1
ciInstanceKlass java/lang/StackOverflowError 1 1 26 10 100 12 1 1 1 10 12 1 100 1 1 1 1 5 0 1 1 1 1 1 1 1 1 1
ciInstanceKlass java/lang/StackTraceElement 0 0 235 10 7 12 1 1 1 10 7 12 1 1 9 12 1 1 9 12 1 1 9 12 1 9 12 1 8 1 10 100 12 1 1 1 7 1 9 12 1 8 1 9 12 1 9 12 1 9 12 1 1 10 12 1 1 10 12 1 8 1 10 100 12 1 1 1 7 1 10 12 1 10 12 1 1 10 12 1 10 12 1 1 10 12 1 10 12 1 10 10 12 1 8 1 10 12 1 10 12 1 1 10 12 1 1 10 12 1 10 12 1 10 12 1 9 12 1 1 10 7 12 1 1 1 10 12 1 1 7 1 10 12 1 1 10 100 12 1 1 10 100 12 1 1 1 10 7 12 1 1 10 100 12 1 1 10 10 12 1 1 10 12 1 1 10 12 1 1 10 12 1 7 1 1 1 1 1 1 1 3 1 3 1 1 5 0 1 1 1 1 1 1 1 1 1 1 1 1 1 1 1 1 1 1 1 1 1 1 1 1 1 1 1 1 1 7 1 7 1 1 1 1 1 1 1 100 1 1 1 1 1 1 1 1 1
instanceKlass java/util/concurrent/locks/AbstractQueuedSynchronizer
ciInstanceKlass java/util/concurrent/locks/AbstractOwnableSynchronizer 1 1 32 10 7 12 1 1 1 9 7 12 1 1 1 100 1 1 1 1 5 0 1 1 1 1 1 1 1 1 1 1 1 1
ciInstanceKlass java/lang/StringCoding 1 1 49 10 100 12 1 1 1 10 7 12 1 1 1 10 100 12 1 1 1 1 1 1 1 1 1 1 1 1 1 1 1 1 1 1 1 1 1 1 1 1 1 1 1 1 1 1 1 1 1
ciMethod java/lang/StringCoding countPositives ([BII)I 250 11890 15292 0 -1
ciMethod java/lang/StringCoding hasNegatives ([BII)Z 512 0 6328 0 -1
ciInstanceKlass jdk/internal/vm/Continuation 0 0 549 9 100 12 1 1 1 9 12 1 9 12 1 100 1 7 1 10 12 1 1 8 1 10 12 1 1 10 12 1 10 12 1 1 10 12 1 9 7 12 1 1 1 11 100 12 1 1 1 10 7 1 9 12 1 1 9 12 1 1 10 8 1 10 12 1 9 12 1 1 10 11 12 1 1 100 1 10 100 12 1 1 1 10 12 1 1 10 12 1 10 12 1 1 11 12 1 1 9 12 1 1 10 12 1 1 18 12 1 1 10 7 12 1 1 1 100 1 10 12 1 11 100 12 1 1 1 10 12 1 9 12 1 10 12 1 1 100 1 8 1 10 12 1 10 12 1 1 9 12 1 1 11 12 1 1 9 12 1 1 8 1 10 11 12 1 1 11 12 1 1 10 12 1 1 10 12 1 1 9 12 1 10 12 1 10 10 12 1 8 1 10 12 1 8 1 8 1 10 7 12 1 1 1 10 7 12 1 1 1 10 12 1 9 12 1 11 12 1 7 1 10 12 1 10 12 1 1 9 12 1 1 7 1 10 12 1 1 9 12 1 1 10 12 1 10 12 1 11 7 12 1 1 10 7 1 10 12 1 8 1 9 12 1 10 12 1 1 9 12 1 1 10 7 12 1 1 8 1 8 1 8 1 8 1 10 12 1 1 10 12 1 10 12 1 10 12 1 10 12 1 1 10 12 1 1 8 1 10 12 1 1 9 12 1 1 10 12 1 1 9 12 1 8 1 10 7 12 1 1 1 10 12 1 8 1 100 1 8 1 10 9 12 1 1 8 1 10 7 12 1 1 10 100 12 1 1 8 1 8 1 10 12 10 100 12 1 1 1 10 7 1 10 7 12 1 1 1 18 11 100 12 1 1 1 18 12 1 11 12 1 1 7 1 10 7 12 1 1 10 12 1 1 8 10 12 1 1 10 100 12 1 1 1 10 100 12 1 1 10 12 1 8 1 10 12 1 7 1 7 1 10 12 1 1 1 1 1 1 1 1 1 1 1 1 1 1 1 1 1 1 1 1 1 1 1 1 1 1 1 1 1 1 1 1 1 1 1 1 1 1 1 1 1 1 1 1 1 1 1 1 1 1 1 1 1 1 1 1 1 1 1 1 1 1 1 1 1 1 1 1 1 1 1 1 1 1 1 100 1 1 16 1 15 10 12 16 15 11 7 12 1 1 1 16 1 16 1 15 10 12 16 15 10 100 12 1 1 1 1 1 1 1 1 100 1 100 1 1
ciInstanceKlass jdk/internal/misc/UnsafeConstants 1 1 34 10 100 12 1 1 1 9 7 12 1 1 1 9 12 1 9 12 1 1 9 12 1 9 12 1 1 1 1 1 1 1 1 1
staticfield jdk/internal/misc/UnsafeConstants ADDRESS_SIZE0 I 8
staticfield jdk/internal/misc/UnsafeConstants PAGE_SIZE I 4096
staticfield jdk/internal/misc/UnsafeConstants BIG_ENDIAN Z 0
staticfield jdk/internal/misc/UnsafeConstants UNALIGNED_ACCESS Z 1
staticfield jdk/internal/misc/UnsafeConstants DATA_CACHE_LINE_FLUSH_SIZE I 0
ciInstanceKlass java/lang/invoke/LambdaForm 1 1 1059 7 1 100 1 10 7 12 1 1 1 9 12 1 1 9 12 1 9 12 1 9 12 1 1 9 12 1 1 9 12 1 1 9 12 1 1 9 12 1 1 9 12 1 10 7 12 1 1 9 12 1 10 12 1 1 100 1 10 10 12 1 1 10 12 1 10 12 1 10 12 1 1 10 12 1 9 12 1 9 12 1 10 12 1 1 10 7 12 1 1 1 10 12 1 1 9 100 12 1 1 1 10 12 1 1 9 7 12 1 1 10 12 1 10 12 1 1 10 12 1 1 10 12 1 1 7 1 10 7 12 1 1 1 10 12 1 1 10 12 1 10 12 1 1 9 12 1 1 9 12 1 9 12 1 1 10 12 1 9 12 1 10 100 12 1 1 1 10 12 1 1 7 1 10 12 1 9 12 1 1 10 7 12 1 1 1 10 12 1 10 12 1 7 1 10 12 1 10 12 1 10 12 1 1 10 12 1 1 10 12 1 10 12 1 10 12 1 10 12 1 1 8 1 10 12 1 10 12 1 10 10 12 1 8 1 8 1 9 12 1 9 12 1 1 10 12 1 1 10 12 1 9 12 1 10 12 1 1 10 7 12 1 1 1 10 12 1 1 10 12 1 10 12 1 10 100 12 1 1 1 9 12 1 10 12 1 8 1 8 1 8 1 8 1 8 1 8 1 8 1 8 1 10 12 1 9 12 1 7 1 10 12 1 1 9 12 1 10 12 1 10 12 1 1 10 12 10 12 1 10 12 1 1 10 12 1 1 10 10 12 1 1 10 12 1 1 7 1 8 1 10 12 1 1 10 12 1 10 12 1 1 10 8 1 10 12 1 1 8 1 8 1 8 1 10 12 1 10 12 1 10 12 1 1 100 1 10 12 1 1 10 12 1 1 10 7 12 1 1 1 10 12 1 1 9 12 1 1 8 1 10 100 12 1 1 1 10 7 12 1 1 10 12 10 12 1 1 10 12 1 1 9 12 1 8 10 12 1 1 100 1 10 12 1 1 10 12 1 9 7 12 1 1 9 7 12 1 1 1 8 1 10 100 12 1 1 10 12 1 1 7 1 7 1 10 10 12 1 1 10 12 1 1 8 1 8 1 7 1 8 1 10 12 10 12 1 10 12 1 10 12 1 1 8 1 8 1 10 12 1 10 12 1 1 8 1 8 1 8 1 7 1 8 1 7 1 8 1 7 1 8 1 10 12 1 8 1 9 10 7 12 1 1 1 10 12 1 9 12 1 1 10 12 1 10 10 12 1 10 12 1 10 12 1 10 12 1 1 10 12 1 10 12 1 1 10 12 1 1 10 12 1 1 10 12 1 1 8 1 100 10 12 1 10 12 1 9 12 1 1 10 7 12 1 1 8 1 8 1 7 1 8 1 8 1 8 1 8 1 8 1 8 1 8 1 8 1 10 12 1 1 10 12 1 1 10 12 1 10 12 1 10 12 1 10 12 1 8 1 8 1 8 1 10 12 1 8 1 10 12 1 8 1 8 1 8 1 8 1 8 1 10 12 1 10 12 1 10 12 1 1 10 7 12 1 1 1 10 12 1 10 12 1 10 12 1 10 12 1 10 12 1 10 12 1 10 12 1 9 12 1 1 8 1 10 12 1 1 9 12 1 1 10 12 1 1 9 12 1 9 12 1 1 9 12 1 9 12 1 1 7 1 10 7 12 1 1 1 9 12 1 10 12 1 10 12 1 8 1 10 12 1 9 12 1 1 7 1 10 7 12 1 1 1 8 1 100 1 10 12 1 9 12 1 9 12 1 10 12 1 10 12 1 10 7 12 1 1 1 10 12 1 9 7 12 1 1 10 12 1 1 10 12 1 10 12 1 10 12 1 9 12 10 12 1 10 10 12 1 9 12 1 9 9 12 1 7 9 12 1 1 10 12 1 1 9 12 1 10 12 1 10 7 1 9 1 1 1 1 3 1 3 1 1 3 1 3 1 1 1 1 1 1 1 1 1 1 1 1 1 1 1 1 1 1 1 1 1 1 1 1 1 1 1 1 1 1 1 1 1 1 1 1 1 1 1 1 1 1 1 1 1 1 1 1 1 1 1 100 1 1 1 1 1 1 1 1 1 1 1 1 1 1 1 1 1 1 1 1 1 1 1 1 1 1 1 1 1 1 1 1 1 1 1 1 1 1 1 1 1 1 1 1 1 1 1 1 1 1 1 1 1 1 1 1 1 1 1 1 1 1 100 1 1 1 1 1 1 1 1 1 1 1 1 1 1 1 1 1 1 1 1 1 1 1 1 1 1 1 1 1 1 1 1 1 1 7 1 1 1 1 1 1 1 1 1 1 1 1 1 1 1 1 1 1 1 1 1 1 100 1 1 1 100 1 1 7 1 1 1 1 1 1 1 1 1 1 1
staticfield java/lang/invoke/LambdaForm DEFAULT_CUSTOMIZED Ljava/lang/invoke/MethodHandle; 
staticfield java/lang/invoke/LambdaForm DEFAULT_KIND Ljava/lang/invoke/LambdaForm$Kind; java/lang/invoke/LambdaForm$Kind
staticfield java/lang/invoke/LambdaForm COMPILE_THRESHOLD I 0
staticfield java/lang/invoke/LambdaForm INTERNED_ARGUMENTS [[Ljava/lang/invoke/LambdaForm$Name; 5 [[Ljava/lang/invoke/LambdaForm$Name;
staticfield java/lang/invoke/LambdaForm IMPL_NAMES Ljava/lang/invoke/MemberName$Factory; java/lang/invoke/MemberName$Factory
staticfield java/lang/invoke/LambdaForm LF_identity [Ljava/lang/invoke/LambdaForm; 6 [Ljava/lang/invoke/LambdaForm;
staticfield java/lang/invoke/LambdaForm LF_zero [Ljava/lang/invoke/LambdaForm; 6 [Ljava/lang/invoke/LambdaForm;
staticfield java/lang/invoke/LambdaForm NF_identity [Ljava/lang/invoke/LambdaForm$NamedFunction; 6 [Ljava/lang/invoke/LambdaForm$NamedFunction;
staticfield java/lang/invoke/LambdaForm NF_zero [Ljava/lang/invoke/LambdaForm$NamedFunction; 6 [Ljava/lang/invoke/LambdaForm$NamedFunction;
staticfield java/lang/invoke/LambdaForm createFormsLock Ljava/lang/Object; java/lang/Object
staticfield java/lang/invoke/LambdaForm DEBUG_NAME_COUNTERS Ljava/util/HashMap; 
staticfield java/lang/invoke/LambdaForm DEBUG_NAMES Ljava/util/HashMap; 
staticfield java/lang/invoke/LambdaForm TRACE_INTERPRETER Z 0
staticfield java/lang/invoke/LambdaForm $assertionsDisabled Z 1
ciInstanceKlass java/lang/invoke/MemberName 1 1 724 7 1 7 1 100 1 9 12 1 1 10 7 12 1 1 1 9 12 1 1 10 12 1 1 10 12 1 1 10 12 1 1 10 12 1 10 12 1 1 10 7 12 1 1 1 10 12 1 9 7 12 1 1 10 12 1 7 1 7 1 10 12 1 8 1 10 12 1 1 10 12 1 10 12 1 1 10 12 1 9 12 1 1 8 1 10 100 12 1 1 1 7 1 10 10 12 1 1 7 1 7 1 10 12 1 9 12 1 1 100 1 8 1 10 12 1 10 12 1 10 12 1 10 12 1 10 12 1 1 10 12 1 10 12 1 10 12 1 1 8 1 8 1 10 12 1 8 1 9 12 1 1 3 10 12 1 10 12 1 10 12 1 10 10 7 12 1 1 1 10 12 1 10 12 1 10 12 1 10 12 1 7 1 8 10 12 1 1 10 12 1 1 8 1 9 7 1 8 9 7 1 10 12 1 1 10 12 1 10 12 1 8 1 10 12 1 1 10 12 1 10 12 1 10 12 1 10 12 1 1 7 1 10 12 1 1 10 12 1 8 1 10 12 1 10 12 1 8 1 10 12 1 1 10 12 1 1 7 1 10 12 1 1 10 12 8 1 8 1 7 1 10 12 1 10 100 12 1 1 1 100 1 10 12 10 12 1 10 12 1 10 12 1 10 12 1 10 10 12 1 10 12 1 10 12 1 3 10 12 1 3 10 12 1 3 3 3 3 3 3 10 12 1 3 9 12 1 10 12 1 1 3 10 12 1 10 10 7 12 1 1 1 10 12 1 1 10 7 12 1 1 10 10 12 1 10 12 1 1 10 12 1 10 10 12 1 1 10 12 1 10 12 1 10 12 1 7 1 10 10 10 12 100 1 10 10 10 12 1 1 10 12 1 1 10 10 12 1 8 10 7 1 10 12 1 10 7 1 10 12 1 10 12 1 10 12 1 10 10 12 1 10 12 1 1 10 12 1 1 10 12 1 10 12 1 10 12 1 100 1 10 12 1 1 100 1 8 1 10 7 1 10 12 1 10 12 10 12 1 1 10 12 1 10 12 1 8 1 8 1 8 1 8 1 10 12 1 10 12 1 10 7 12 1 1 1 8 1 8 1 10 12 1 8 1 10 10 10 12 1 10 12 1 8 1 8 1 10 10 12 1 8 1 10 100 12 1 1 1 8 1 100 1 10 12 1 10 12 1 1 10 12 1 8 1 8 1 8 1 8 1 100 1 10 8 1 8 1 8 1 8 1 10 12 1 7 1 100 1 7 1 10 100 1 10 7 1 10 7 12 1 1 1 9 7 12 1 1 1 7 1 7 1 1 1 1 1 1 1 3 1 3 1 3 1 3 1 3 1 3 1 1 1 1 1 1 1 1 3 1 3 1 1 1 1 1 1 1 1 1 1 1 1 1 1 1 1 1 1 1 1 1 1 1 1 1 1 1 1 1 1 1 1 1 1 1 1 1 1 1 1 1 1 1 1 1 1 1 1 1 1 1 1 1 1 1 1 1 1 1 1 1 1 1 1 1 1 1 1 1 1 1 1 1 1 1 1 1 1 1 1 1 1 1 1 1 1 1 1 1 1 1 1 1 1 1 1 7 1 1 1 1 1 1 1 1 1 1 1 1 1 1 1
staticfield java/lang/invoke/MemberName $assertionsDisabled Z 1
instanceKlass java/lang/invoke/VarHandleReferences$Array
instanceKlass java/lang/invoke/VarHandleLongs$FieldInstanceReadOnly
instanceKlass java/lang/invoke/VarHandleBooleans$FieldInstanceReadOnly
instanceKlass java/lang/invoke/VarHandleReferences$FieldStaticReadOnly
instanceKlass java/lang/invoke/VarHandleInts$FieldInstanceReadOnly
instanceKlass java/lang/invoke/VarHandleReferences$FieldInstanceReadOnly
instanceKlass java/lang/invoke/VarHandleByteArrayAsDoubles$ByteArrayViewVarHandle
instanceKlass java/lang/invoke/VarHandleByteArrayAsLongs$ByteArrayViewVarHandle
instanceKlass java/lang/invoke/VarHandleByteArrayAsFloats$ByteArrayViewVarHandle
instanceKlass java/lang/invoke/VarHandleByteArrayAsInts$ByteArrayViewVarHandle
instanceKlass java/lang/invoke/VarHandleByteArrayAsChars$ByteArrayViewVarHandle
instanceKlass java/lang/invoke/VarHandleByteArrayAsShorts$ByteArrayViewVarHandle
ciInstanceKlass java/lang/invoke/VarHandle 1 1 474 10 7 12 1 1 1 10 7 12 1 1 9 12 1 1 9 12 1 1 100 1 10 8 1 10 12 1 1 10 7 12 1 1 1 10 12 1 1 10 7 12 1 1 1 9 100 12 1 1 1 10 12 1 1 10 7 12 1 1 1 10 12 1 1 9 12 1 10 12 1 9 12 1 1 10 7 12 1 1 10 12 1 9 100 12 1 1 1 9 12 1 1 10 12 1 1 100 1 7 1 10 8 1 10 12 1 1 10 12 1 8 1 10 12 1 10 12 1 9 12 1 1 9 12 1 10 12 1 10 12 1 1 10 12 1 10 10 100 12 1 1 1 10 12 1 1 10 12 1 1 10 7 12 1 1 1 10 100 12 1 1 1 10 100 12 1 1 1 9 12 1 1 9 10 12 1 10 12 1 1 10 12 1 1 10 12 1 10 7 12 1 1 1 9 12 1 1 10 12 1 1 9 12 1 10 12 1 10 12 1 10 7 12 1 1 100 1 10 9 7 12 1 1 1 9 12 1 1 10 7 12 1 1 1 10 12 1 10 12 1 10 12 1 10 12 1 10 12 1 10 12 1 1 8 10 12 1 1 7 1 10 12 1 1 7 1 1 1 1 1 1 1 1 1 1 1 1 1 1 1 1 1 1 1 1 1 1 1 1 1 1 1 1 1 1 1 1 1 1 1 1 1 1 1 1 1 1 1 1 1 1 1 1 1 1 1 1 1 1 1 1 1 1 1 1 1 1 1 1 1 1 1 1 100 1 1 1 1 1 1 1 1 100 1 1 1 1 1 1 1 1 1 1 1 1 100 1 100 1 1 100 1 100 1 100 1 100 1 100 1 100 1 100 1 100 1 100 1 100 1 100 1 100 1 100 1 100 1 100 1 100 1 100 1 100 1 100 1 100 1 100 1 100 1 100 1 100 1 100 1 100 1 100 1 100 1 100 1 100 1 100 1 100 1 100 1 100 1 100 1 1 1 1 1 1 100 1 1 1 100 1 1 100 1 100 1 100 1 100 1 100 1 100 1 1 1 1 100 1 100 1 100 1 100 1 100 1 100 1 100 1 100 1
staticfield java/lang/invoke/VarHandle VFORM_OFFSET J 16
staticfield java/lang/invoke/VarHandle $assertionsDisabled Z 1
ciInstanceKlass java/util/Collections 1 1 933 10 7 12 1 1 1 11 7 12 1 1 1 7 1 11 12 1 1 7 1 10 12 1 1 10 12 1 11 12 1 1 7 1 11 12 1 1 11 12 1 1 10 12 1 11 100 12 1 1 11 12 1 1 11 12 1 10 12 1 10 12 1 10 12 11 100 12 1 1 1 10 12 1 1 11 12 1 11 12 1 1 9 12 1 1 100 1 10 10 12 1 1 10 12 1 11 100 12 1 1 1 11 12 1 1 10 12 1 11 12 1 100 1 8 1 10 12 1 11 7 12 1 1 1 11 7 1 11 12 1 1 10 12 1 1 10 12 1 10 12 1 1 10 12 1 11 12 1 1 10 12 1 1 10 12 1 1 10 12 1 1 11 12 1 1 7 1 10 12 1 11 7 1 100 1 10 12 1 11 7 1 7 1 10 12 1 11 100 1 100 1 10 12 1 11 100 1 100 1 10 12 1 11 100 1 100 1 10 12 1 11 7 1 11 7 1 10 12 10 11 7 1 7 1 10 12 1 11 100 1 100 1 10 11 100 1 100 1 10 12 1 11 100 1 100 1 10 12 1 100 1 10 10 12 1 7 1 10 10 12 1 100 1 10 100 1 10 7 1 10 100 1 10 10 12 1 10 7 1 10 100 1 10 100 1 10 100 1 10 12 1 10 100 12 1 1 1 100 1 100 1 10 12 1 100 1 10 12 1 100 1 10 12 1 100 1 10 12 1 100 1 10 12 1 100 1 10 100 1 10 12 1 100 1 10 12 1 100 1 10 12 1 9 7 12 1 1 1 9 100 12 1 1 9 7 12 1 1 1 9 12 1 1 9 12 1 1 9 12 1 1 9 12 1 1 9 12 1 1 7 1 10 12 7 1 10 7 1 10 7 1 10 7 1 10 12 1 100 1 7 1 10 8 1 10 12 1 1 10 12 1 10 12 1 1 10 7 1 10 12 1 9 7 12 1 1 1 9 7 12 1 1 1 7 1 9 12 1 1 10 12 7 1 10 7 1 10 11 7 12 1 1 11 12 1 10 12 1 11 11 12 1 11 11 12 1 8 1 7 1 10 11 100 1 10 12 1 100 1 10 100 12 1 1 1 100 1 10 12 1 7 1 10 7 1 10 7 1 10 1 1 1 3 1 3 1 3 1 3 1 3 1 3 1 3 1 3 1 1 1 1 1 1 1 1 1 1 1 1 1 1 1 1 1 1 1 1 1 1 1 1 1 1 1 1 1 1 1 1 1 1 1 1 1 1 1 1 1 1 1 1 1 1 1 1 1 1 1 1 1 1 1 1 1 1 1 1 1 1 1 1 1 1 1 1 1 1 1 1 1 1 1 1 1 1 1 1 1 1 1 1 1 1 1 1 1 1 1 1 1 1 1 1 1 1 1 1 1 1 1 1 1 1 1 1 1 1 1 1 1 1 1 1 1 1 1 1 1 1 1 1 1 1 1 1 1 1 1 1 1 1 1 1 1 1 1 1 1 1 1 1 1 1 1 1 1 1 1 1 1 1 1 1 1 1 1 1 1 1 1 1 1 1 1 1 1 1 1 1 1 1 1 1 1 1 1 1 1 1 1 1 1 1 1 1 1 1 1 1 1 1 1 1 1 1 1 1 1 1 1 1 1 1 1 1 1 1 1 1 1 1 1 1 1 1 1 1 1 1 1 1 1 1 1 1 1 1 1 1 1 1 1 1 1 1 1 1 1 1 1 1 1 1 1 1 1 1 1 1 1 1 1 1 1 1 1 1 1 1 1 1 1 1 1 1 1 1 1 1 1 1 1 1 1 1 1 1 1 1 1 1 1 1 1 1 1 1 1 1 1 1 1 1 1 1 1 1 1 1 1 1 1 1 1 1 1 1 1 1 1 1 1 1 1 1 1 1 1 1 1 1 1 1 1 1 1 1 1 1 100 1 100 1 100 1 100 1 100 1 100 1 100 1 100 1 100 1 100 1 100 1 100 1 100 1 1 1 1 1 1 1 1 1 1 1 1 1 1 1 1 1 1 1 1 1 1 1 1 1 1 1 1 1 1 1 1 1 1 1 1 1 1 1 1 1 1 100 1 1 1 1 1 1 1 1 1 1 1 1 1 1 1
staticfield java/util/Collections EMPTY_SET Ljava/util/Set; java/util/Collections$EmptySet
staticfield java/util/Collections EMPTY_LIST Ljava/util/List; java/util/Collections$EmptyList
staticfield java/util/Collections EMPTY_MAP Ljava/util/Map; java/util/Collections$EmptyMap
instanceKlass jdk/internal/reflect/FieldAccessorImpl
instanceKlass jdk/internal/reflect/ConstructorAccessorImpl
instanceKlass jdk/internal/reflect/MethodAccessorImpl
ciInstanceKlass jdk/internal/reflect/MagicAccessorImpl 1 1 16 10 7 12 1 1 1 100 1 1 1 1 1 1 1 1
instanceKlass jdk/internal/reflect/DirectMethodHandleAccessor
ciInstanceKlass jdk/internal/reflect/MethodAccessorImpl 1 1 38 10 7 12 1 1 1 10 100 12 1 1 1 100 1 1 1 1 1 1 1 100 1 100 1 1 1 1 1 1 1 1 1 1 1 1 1 1
ciInstanceKlass jdk/internal/reflect/MethodAccessor 1 0 17 100 1 100 1 1 1 1 100 1 100 1 1 1 1 1 1
instanceKlass jdk/internal/reflect/DirectConstructorHandleAccessor$NativeAccessor
instanceKlass jdk/internal/reflect/DirectConstructorHandleAccessor
instanceKlass jdk/internal/reflect/NativeConstructorAccessorImpl
ciInstanceKlass jdk/internal/reflect/ConstructorAccessorImpl 1 1 27 10 7 12 1 1 1 100 1 100 1 1 1 1 1 1 1 1 1 100 1 100 1 100 1 1 1
ciInstanceKlass jdk/internal/reflect/ConstructorAccessor 1 0 16 100 1 100 1 1 1 1 100 1 100 1 100 1 1 1
ciInstanceKlass jdk/internal/reflect/DelegatingClassLoader 0 0 18 10 100 12 1 1 1 100 1 1 1 1 1 1 1 1 1 1
ciInstanceKlass jdk/internal/reflect/CallerSensitive 1 0 17 100 1 100 1 100 1 1 1 1 1 1 1 1 1 1 1
ciInstanceKlass jdk/internal/reflect/NativeConstructorAccessorImpl 0 0 125 10 7 12 1 1 1 9 7 12 1 1 1 100 1 10 12 1 9 12 1 1 9 12 1 1 10 100 12 1 1 1 10 7 12 1 1 1 10 7 12 1 1 1 9 12 1 9 12 1 1 9 12 1 1 10 7 12 1 1 1 100 1 10 10 12 1 1 10 12 1 10 12 1 1 10 12 1 7 1 10 12 1 1 10 12 1 1 8 10 12 1 1 1 1 1 1 1 1 1 1 1 1 1 1 1 1 1 1 1 1 1 1 100 1 100 1 100 1 1 1 1 1 1 1
ciInstanceKlass jdk/internal/reflect/ConstantPool 1 1 142 10 7 12 1 1 1 9 7 12 1 1 1 10 12 1 1 10 12 1 1 10 12 1 10 12 1 1 10 12 1 1 10 12 1 10 12 1 1 10 12 1 10 12 1 1 10 12 1 10 12 1 10 12 1 10 12 1 1 10 12 1 1 10 12 1 1 10 12 1 1 10 12 1 10 12 1 1 10 100 12 1 1 1 8 11 7 12 1 1 1 10 7 12 1 1 1 1 1 1 1 1 1 1 1 1 1 1 1 1 1 1 1 1 1 1 1 1 1 1 1 1 1 1 1 1 1 1 1 1 1 1 1 1 1 1 1 1 1 1 1 1
ciInstanceKlass jdk/internal/reflect/UnsafeStaticFieldAccessorImpl 0 0 47 10 7 12 1 1 1 9 7 12 1 1 1 10 7 12 1 1 1 9 12 1 1 8 11 100 12 1 1 1 10 100 12 1 1 1 1 1 1 1 1 1 1 1 1 1 1
ciInstanceKlass jdk/internal/reflect/FieldAccessor 1 0 48 100 1 100 1 1 1 1 100 1 1 1 1 1 1 1 1 1 1 1 1 1 1 1 1 1 1 1 100 1 1 1 1 1 1 1 1 1 1 1 1 1 1 1 1 1 1 1
instanceKlass jdk/internal/reflect/MethodHandleFieldAccessorImpl
instanceKlass jdk/internal/reflect/UnsafeFieldAccessorImpl
ciInstanceKlass jdk/internal/reflect/FieldAccessorImpl 1 1 269 10 7 12 1 1 1 9 7 12 1 1 1 10 7 12 1 1 1 10 7 12 1 1 10 7 12 1 1 1 10 12 1 1 7 1 10 10 12 1 1 10 12 1 1 8 1 10 10 12 1 100 1 8 1 10 12 1 8 1 10 12 1 8 1 10 12 1 100 1 10 12 1 1 10 8 1 10 12 1 1 8 1 10 7 12 1 1 8 1 10 7 12 1 1 8 1 10 7 12 1 1 8 1 10 7 12 1 1 8 1 10 7 12 1 1 8 1 10 7 12 1 1 8 1 10 7 12 1 1 8 1 10 7 12 1 1 10 12 1 1 8 1 10 12 1 1 10 100 12 1 1 1 8 1 10 12 1 8 1 8 1 8 1 8 1 10 7 12 1 1 1 8 1 8 1 8 1 10 12 7 1 1 1 1 1 1 1 1 1 1 1 1 1 1 1 1 1 1 1 1 1 1 1 1 1 1 1 1 1 1 1 1 1 1 1 1 1 1 1 1 1 1 1 1 1 1 1 1 1 1 1 1 1 1 1 1 1 1 1 1 1 1 1 1 1 1 1 1 1 1 1 1 1 1 1 1 1 1 1 1 1 1 1 1 1 1 1 1
instanceKlass jdk/internal/reflect/UnsafeStaticFieldAccessorImpl
ciInstanceKlass jdk/internal/reflect/UnsafeFieldAccessorImpl 0 0 62 10 100 12 1 1 1 10 100 12 1 1 1 10 100 12 1 1 1 9 100 12 1 1 10 12 1 9 12 1 1 10 100 12 1 1 1 9 12 1 1 10 12 1 10 12 1 1 1 1 1 1 1 1 1 1 1 1 1 1 1 1
instanceKlass java/lang/invoke/VolatileCallSite
instanceKlass java/lang/invoke/MutableCallSite
instanceKlass java/lang/invoke/ConstantCallSite
ciInstanceKlass java/lang/invoke/CallSite 1 1 296 10 7 12 1 1 1 10 7 12 1 1 1 9 12 1 1 10 7 12 1 1 1 10 12 1 7 1 10 12 1 1 10 12 1 1 9 100 12 1 1 1 10 7 12 1 1 10 12 1 1 100 1 7 1 10 10 7 12 1 1 1 10 12 1 1 8 1 10 12 1 10 12 1 1 10 12 1 10 12 1 1 10 12 1 1 10 10 100 12 1 1 10 12 1 1 9 12 1 9 100 12 1 1 1 8 1 10 7 12 1 1 1 10 12 1 1 7 1 10 12 1 1 9 12 1 8 1 100 1 10 12 1 10 12 1 100 1 8 1 10 10 12 1 10 12 1 1 100 1 10 12 1 1 10 12 1 10 12 1 10 12 1 1 10 12 1 1 9 12 1 1 8 10 12 1 1 9 12 1 1 100 1 10 10 12 1 10 7 12 1 1 1 10 12 1 1 10 12 1 1 10 12 1 10 7 12 1 1 1 7 1 8 1 10 10 12 10 12 1 1 7 1 7 1 7 1 8 1 10 12 1 10 7 12 1 1 1 1 1 1 1 1 1 1 1 1 1 1 1 1 1 1 1 1 1 1 1 1 1 1 1 1 1 1 1 1 1 1 1 1 1 1 1 1 1 1 1 1 1 1 1 1 1 1 1 1 1 1 1 7 1 7 1 1 1
staticfield java/lang/invoke/CallSite $assertionsDisabled Z 1
ciInstanceKlass java/lang/invoke/ConstantCallSite 1 1 65 10 7 12 1 1 1 9 7 12 1 1 1 9 12 1 1 10 7 12 1 1 1 10 12 1 100 1 10 12 9 12 1 1 100 1 10 10 12 1 1 10 12 1 1 1 1 1 1 1 1 1 1 1 1 1 100 1 1 1 1 1 1 1 1
staticfield java/lang/invoke/ConstantCallSite UNSAFE Ljdk/internal/misc/Unsafe; jdk/internal/misc/Unsafe
instanceKlass java/lang/invoke/DirectMethodHandle$StaticAccessor
instanceKlass java/lang/invoke/DirectMethodHandle$Interface
instanceKlass java/lang/invoke/DirectMethodHandle$Special
instanceKlass java/lang/invoke/DirectMethodHandle$Constructor
instanceKlass java/lang/invoke/DirectMethodHandle$Accessor
ciInstanceKlass java/lang/invoke/DirectMethodHandle 1 1 923 7 1 7 1 100 1 7 1 7 1 10 7 12 1 1 1 10 7 12 1 1 1 7 1 10 12 1 10 12 1 1 10 7 12 1 1 10 12 1 1 10 12 1 10 12 1 7 1 10 12 1 1 10 12 1 1 10 12 1 10 12 1 1 10 7 12 1 1 1 10 12 1 9 12 1 1 100 1 10 9 12 1 1 9 12 1 10 12 1 10 12 1 10 12 1 1 10 12 1 10 12 1 10 12 1 10 7 12 1 1 1 10 12 1 10 12 1 1 8 1 10 12 1 1 7 1 10 12 1 7 1 10 10 12 1 10 12 1 10 12 1 10 7 12 1 1 1 10 12 1 1 7 1 10 12 1 10 12 1 7 1 10 12 1 10 12 1 1 10 12 1 1 10 12 1 8 10 7 12 1 1 1 10 12 1 10 12 1 10 12 1 1 10 12 1 9 7 12 1 1 1 7 1 10 12 1 10 7 12 1 1 1 10 12 1 10 12 1 1 9 12 1 1 7 1 10 8 1 10 12 1 1 10 12 1 1 8 1 10 12 1 10 12 1 10 10 12 1 10 12 1 10 12 1 10 12 1 10 12 1 1 10 12 1 10 12 1 1 10 12 1 10 12 1 1 10 10 7 12 1 1 1 10 12 1 10 12 1 1 10 12 1 10 12 1 1 8 1 9 7 12 1 1 1 8 1 9 12 1 9 12 1 8 1 9 12 1 9 12 1 8 1 9 12 1 9 12 1 8 1 10 12 1 10 12 1 1 9 12 1 1 7 1 10 12 1 1 7 1 10 7 12 1 1 1 10 12 1 1 10 12 1 10 12 1 1 7 1 10 12 1 1 10 12 1 10 12 1 1 7 1 10 12 1 1 10 12 1 10 7 12 1 1 1 10 12 1 10 12 1 1 10 12 1 9 12 1 1 10 7 1 9 12 9 12 1 10 7 12 1 1 1 10 12 1 7 1 7 1 7 1 9 12 1 1 10 7 12 1 1 1 10 12 10 12 1 7 1 10 12 1 10 12 1 1 8 1 9 12 1 9 12 1 10 12 1 1 9 12 1 1 10 7 12 1 1 1 9 12 1 1 9 12 1 1 10 12 1 10 12 1 10 12 1 10 12 1 1 10 12 1 9 12 1 10 12 1 10 12 1 10 12 1 10 12 1 1 10 12 1 1 9 12 1 1 10 12 1 1 9 7 12 1 1 1 9 12 1 9 12 1 9 12 1 9 12 1 9 12 1 9 12 1 9 12 1 9 12 1 9 12 1 9 12 1 9 12 1 9 12 1 9 12 1 9 12 1 9 12 1 9 12 1 9 12 1 9 12 1 9 12 1 9 12 1 9 12 1 9 12 1 9 12 1 9 12 1 9 12 1 9 12 1 9 12 1 9 12 1 9 12 1 9 12 1 9 12 1 9 12 1 9 12 1 9 12 1 9 12 1 9 12 1 8 1 9 12 1 1 9 12 1 1 10 12 1 10 12 1 1 9 7 1 10 12 1 9 12 1 1 10 12 10 12 1 10 12 1 10 12 1 10 12 1 10 8 1 8 1 8 1 8 1 10 12 1 1 9 12 1 1 10 12 1 10 100 12 1 1 1 8 9 12 1 1 10 12 1 1 8 1 8 8 9 12 1 8 1 8 8 8 8 8 1 8 10 12 1 7 1 10 12 1 8 1 8 1 10 12 1 10 12 1 10 12 1 10 12 1 1 7 1 1 1 1 3 1 3 1 3 1 3 1 3 1 3 1 3 1 3 1 3 1 3 1 1 1 1 1 1 1 1 1 1 3 1 3 1 1 1 1 3 1 1 1 1 1 1 1 1 1 1 1 1 1 1 1 1 1 1 1 1 1 1 1 1 1 1 1 1 1 1 1 1 1 1 1 1 1 1 1 1 1 1 1 1 1 1 1 1 1 1 1 1 1 1 1 1 1 100 1 1 1 1 1 1 1 1 1 100 1 1 1 1 1 1 1 1 1 1 1 1 1 1 1 1 1 1 1 1 1 1 1 1 1 1 1 1 1 1 1 1 1 1 1 1 1 1 1 1 1 1 1 1 1 1 1 1 1 1 1 1
staticfield java/lang/invoke/DirectMethodHandle IMPL_NAMES Ljava/lang/invoke/MemberName$Factory; java/lang/invoke/MemberName$Factory
staticfield java/lang/invoke/DirectMethodHandle FT_UNCHECKED_REF I 8
staticfield java/lang/invoke/DirectMethodHandle ACCESSOR_FORMS [Ljava/lang/invoke/LambdaForm; 132 [Ljava/lang/invoke/LambdaForm;
staticfield java/lang/invoke/DirectMethodHandle ALL_WRAPPERS [Lsun/invoke/util/Wrapper; 10 [Lsun/invoke/util/Wrapper;
staticfield java/lang/invoke/DirectMethodHandle NFS [Ljava/lang/invoke/LambdaForm$NamedFunction; 12 [Ljava/lang/invoke/LambdaForm$NamedFunction;
staticfield java/lang/invoke/DirectMethodHandle OBJ_OBJ_TYPE Ljava/lang/invoke/MethodType; java/lang/invoke/MethodType
staticfield java/lang/invoke/DirectMethodHandle LONG_OBJ_TYPE Ljava/lang/invoke/MethodType; java/lang/invoke/MethodType
staticfield java/lang/invoke/DirectMethodHandle $assertionsDisabled Z 1
ciInstanceKlass java/lang/invoke/MutableCallSite 0 0 63 10 100 12 1 1 1 10 12 1 9 100 12 1 1 1 10 12 1 10 12 1 1 9 12 1 1 10 100 12 1 1 1 10 100 12 1 1 1 10 12 1 1 1 1 1 1 1 1 1 1 1 1 1 1 1 1 1 1 100 1 1 1
ciInstanceKlass java/lang/invoke/VolatileCallSite 0 0 37 10 100 12 1 1 1 10 12 1 10 100 12 1 1 1 10 12 1 10 12 1 1 1 1 1 1 1 1 1 1 1 1 1 1 1 1
ciInstanceKlass java/lang/invoke/ResolvedMethodName 1 1 16 10 100 12 1 1 1 100 1 1 1 1 1 1 1 1
ciInstanceKlass java/lang/invoke/MethodHandleNatives 1 1 685 100 1 10 7 12 1 1 1 9 7 12 1 1 1 10 12 1 1 100 1 10 10 12 1 1 10 12 1 10 12 1 8 1 8 1 8 1 8 1 8 1 8 1 8 1 8 1 8 1 8 1 10 12 1 1 7 1 10 7 12 1 1 1 10 7 12 1 1 1 7 1 10 10 12 1 1 8 1 10 12 1 8 1 10 12 1 1 8 1 10 12 1 1 9 7 12 1 1 1 8 1 10 100 12 1 1 1 7 1 10 12 100 1 100 1 8 1 7 1 10 10 12 1 7 1 9 7 12 1 1 10 12 1 1 10 12 1 10 7 12 1 1 1 10 12 1 1 9 12 1 8 1 10 12 1 1 10 12 1 8 1 10 12 1 1 7 1 10 12 1 10 7 12 1 1 1 10 12 1 10 12 1 1 10 12 1 1 8 1 10 12 1 1 8 1 10 12 1 8 1 8 1 8 1 7 1 10 12 1 8 1 10 7 12 1 1 1 10 12 1 1 10 7 12 1 1 10 10 12 1 1 10 12 1 10 100 12 1 1 1 100 1 8 1 10 100 12 1 1 1 7 1 8 1 10 12 1 8 1 8 1 8 1 8 1 8 1 10 12 1 1 10 12 1 1 10 12 1 10 12 1 1 10 12 1 1 7 1 10 12 1 7 1 7 1 10 12 1 10 12 1 8 1 8 1 10 10 12 1 1 10 12 1 1 8 1 10 7 12 1 1 8 1 8 1 10 12 1 1 10 7 12 1 1 1 100 1 10 12 1 1 7 1 9 12 1 1 10 7 12 1 1 1 10 10 12 1 9 12 1 10 12 1 9 12 1 9 12 1 10 12 1 1 10 12 1 10 12 1 1 7 1 7 1 10 12 1 1 10 12 1 10 12 1 1 10 7 12 1 1 1 10 12 1 8 1 10 12 1 10 12 1 10 12 1 1 10 12 1 10 7 12 1 1 1 10 12 1 1 100 1 8 1 10 9 7 12 1 1 1 10 12 1 1 10 12 1 1 7 1 10 12 1 1 10 12 1 1 100 1 100 1 10 10 100 1 100 1 10 100 1 10 10 12 1 1 10 7 1 10 12 1 10 12 1 1 10 12 1 1 10 12 1 1 10 12 1 10 12 1 1 10 8 1 10 12 1 10 12 1 10 12 1 10 12 1 10 12 1 1 10 12 1 10 12 1 10 12 1 10 10 7 12 1 1 10 12 1 1 1 1 1 1 1 1 1 1 1 1 1 7 1 1 1 1 1 1 1 1 1 1 1 1 1 1 1 1 1 1 1 1 1 1 1 1 1 1 1 1 1 1 1 1 1 1 1 1 1 1 1 1 1 1 1 1 1 1 1 1 1 1 1 1 1 1 1 1 1 1 1 1 1 1 1 100 1 1 1 1 1 1 1 1 1 1 1 1 1 1 1 1 1 1 1 1 1 1 1 1 1 1 1 1 1 1 1 1 1 100 1 1 1 1 1 1 1 1 1 1 1 1 1 1 1 1 1 1 1 1 1 1 1 1 1 1 1 1 1 1 1 1 100 1 1
staticfield java/lang/invoke/MethodHandleNatives $assertionsDisabled Z 1
ciInstanceKlass jdk/internal/foreign/abi/NativeEntryPoint 0 0 194 10 7 12 1 1 1 9 7 12 1 1 1 9 12 1 1 100 1 8 1 10 12 1 10 12 1 1 100 1 10 100 12 1 1 1 10 12 1 9 12 1 1 18 12 1 1 10 100 12 1 1 1 10 7 12 1 1 1 9 7 12 1 1 1 7 1 10 8 1 10 12 1 1 10 12 1 10 12 1 1 8 1 10 12 1 1 7 1 8 1 10 12 1 10 12 1 1 10 12 1 9 12 1 1 18 12 1 1 10 100 12 1 1 1 10 12 1 1 10 12 1 10 100 12 1 1 1 10 1 1 1 1 1 1 1 1 1 1 1 1 1 1 1 1 1 1 1 1 1 1 1 1 1 1 1 1 1 1 1 1 1 1 1 1 1 16 1 15 10 12 16 1 16 15 10 12 15 10 100 12 1 1 1 1 1 100 1 1 100 1 100 1 1
ciInstanceKlass jdk/internal/foreign/abi/ABIDescriptor 0 0 55 10 100 12 1 1 1 9 100 12 1 1 1 9 12 1 1 9 12 1 9 12 1 9 12 1 1 9 12 1 9 12 1 1 9 12 1 9 12 1 9 12 1 9 12 1 1 1 1 1 1 1 1 1 1
ciInstanceKlass jdk/internal/foreign/abi/VMStorage 0 0 91 10 7 12 1 1 1 9 7 12 1 1 1 9 12 1 1 9 12 1 1 9 12 1 1 7 1 10 8 1 10 12 1 1 10 12 1 10 12 1 1 10 12 1 18 12 1 18 12 1 1 18 12 1 1 1 1 1 1 1 1 1 1 1 1 1 1 1 1 1 1 1 8 1 15 15 15 15 15 10 100 12 1 1 1 1 100 1 100 1 1
ciInstanceKlass jdk/internal/foreign/abi/UpcallLinker$CallRegs 0 0 66 10 7 12 1 1 1 9 7 12 1 1 1 9 12 1 18 12 1 1 18 12 1 1 18 12 1 1 1 1 1 1 1 1 1 1 1 1 1 1 1 1 1 1 100 1 1 1 8 1 15 15 15 10 100 12 1 1 1 1 1 100 1 100 1 1
ciInstanceKlass java/lang/StackWalker 1 1 271 9 7 12 1 1 1 7 1 10 7 12 1 1 1 10 12 1 1 10 7 12 1 1 1 10 12 1 1 10 12 1 11 7 12 1 1 1 10 12 1 1 10 12 1 1 10 12 1 1 100 1 8 1 10 12 1 10 12 1 10 12 1 10 7 12 1 1 9 12 1 1 9 12 1 1 9 12 1 1 9 12 1 1 10 12 1 1 9 12 1 1 9 12 1 1 9 12 1 1 10 7 12 1 1 1 11 12 1 1 100 1 8 1 10 10 7 12 1 1 9 12 1 1 10 12 1 1 10 100 12 1 1 1 10 100 12 1 1 1 18 12 1 1 100 1 8 1 10 8 1 10 12 1 1 10 100 12 1 1 1 10 12 1 1 9 100 12 1 1 11 100 12 1 1 1 10 12 1 1 1 1 1 1 1 1 1 1 1 1 1 1 1 1 1 1 1 1 1 1 1 1 1 1 1 1 1 1 1 1 1 1 1 1 1 1 1 1 1 1 1 1 1 1 1 1 1 1 1 1 1 1 1 1 1 1 1 1 1 1 1 1 1 1 7 1 1 16 15 10 12 16 1 15 10 100 12 1 1 1 1 1 1 1 1 1 100 1 100 1 1
staticfield java/lang/StackWalker DEFAULT_EMPTY_OPTION Ljava/util/EnumSet; java/util/RegularEnumSet
staticfield java/lang/StackWalker DEFAULT_WALKER Ljava/lang/StackWalker; java/lang/StackWalker
ciInstanceKlass java/lang/StackWalker$StackFrame 0 0 41 100 1 10 12 1 1 100 1 100 1 1 1 1 1 1 1 1 1 1 1 1 1 1 1 1 1 1 1 1 1 1 1 1 1 1 1 100 1 1 1
instanceKlass java/lang/LiveStackFrameInfo
ciInstanceKlass java/lang/StackFrameInfo 0 0 142 10 7 12 1 1 1 9 7 12 1 1 1 9 7 1 9 12 1 1 11 100 12 1 1 1 9 12 1 1 11 12 1 1 10 12 1 1 10 7 12 1 1 1 10 12 1 11 12 1 11 12 1 1 11 12 1 10 12 1 1 9 12 1 1 10 12 1 1 10 7 12 1 1 10 12 1 1 11 12 1 1 9 12 1 1 10 7 1 10 12 1 9 12 1 1 10 12 1 1 100 1 8 1 10 12 1 10 100 12 1 1 1 7 1 1 1 1 1 1 1 1 1 1 1 1 1 1 1 1 1 1 7 1 1 7 1 1 1 1 1 1
ciInstanceKlass java/lang/LiveStackFrameInfo 0 0 97 10 7 12 1 1 1 9 7 12 1 1 1 9 12 1 9 12 1 9 12 1 9 12 1 1 7 1 10 12 1 1 10 12 1 8 1 10 12 1 1 8 1 8 1 8 1 10 100 1 10 12 1 100 1 10 12 1 7 1 7 1 1 1 3 1 3 1 1 1 1 1 1 1 1 1 1 1 1 1 1 1 1 1 1 1 1 1 1 1 1 1 1 1 100 1 1
ciInstanceKlass java/lang/LiveStackFrame 0 0 135 100 1 10 100 12 1 1 1 11 7 12 1 1 1 11 12 1 10 7 12 1 1 1 100 1 8 1 10 12 1 1 10 7 12 1 1 1 9 100 12 1 1 1 10 7 12 1 1 1 10 7 12 1 1 1 11 12 1 10 12 1 7 1 7 1 1 1 1 1 1 1 1 1 1 1 1 1 1 1 1 1 1 1 1 1 1 1 1 1 1 1 1 100 1 1 1 1 1 1 1 100 1 8 1 1 12 10 1 1 1 8 1 1 1 8 1 1 1 8 1 1 1 8 1 1 8 1 1 1 8 1 1 8 1
ciInstanceKlass java/lang/StackStreamFactory$AbstractStackWalker 1 0 375 100 1 7 1 3 10 7 12 1 1 1 10 7 12 1 1 10 7 12 1 1 1 9 12 1 1 10 12 1 1 9 12 1 1 9 12 1 1 9 12 1 1 9 12 1 10 7 12 1 1 1 10 12 1 1 10 7 12 1 1 9 12 1 1 9 12 1 1 10 12 1 1 9 100 12 1 1 1 10 12 1 1 10 12 1 9 12 1 1 10 100 12 1 1 1 10 12 1 1 9 12 1 1 9 7 12 1 1 1 7 1 10 8 1 10 12 1 1 10 12 1 8 1 10 12 1 1 10 100 12 1 1 1 100 1 8 1 10 12 1 8 1 10 12 10 100 12 1 1 9 12 1 8 1 5 0 8 1 8 1 9 12 1 1 10 12 1 1 18 12 1 1 10 7 12 1 1 1 10 12 1 1 10 12 1 10 12 1 9 12 1 10 12 1 10 12 1 10 12 1 10 12 1 10 12 1 10 12 1 1 8 1 10 12 1 10 12 1 10 12 1 10 12 1 1 8 1 10 12 1 1 10 12 1 1 10 12 1 1 10 12 1 10 12 1 10 100 12 1 1 1 10 12 1 10 12 1 9 12 1 8 1 10 12 1 10 12 1 10 12 1 1 10 12 1 10 12 1 10 12 1 1 10 12 1 10 12 1 10 12 1 10 12 1 10 12 1 10 12 1 1 10 12 1 1 10 12 1 8 1 1 1 1 1 1 1 1 1 1 1 1 1 7 1 1 1 1 1 1 1 7 1 1 1 1 7 1 1 1 1 1 1 1 1 1 1 1 1 1 1 1 1 1 1 1 16 15 15 10 100 12 1 1 1 1 1 1 1 1 100 1 100 1 1
ciInstanceKlass jdk/internal/module/Modules 1 1 504 10 7 12 1 1 1 9 7 12 1 1 1 11 7 12 1 1 1 11 12 1 1 11 12 1 1 11 12 1 1 11 12 1 11 12 1 11 12 1 11 12 1 11 12 1 1 10 7 12 1 1 1 10 100 12 1 1 1 18 12 1 1 10 7 12 1 1 1 7 1 10 7 12 1 1 1 10 100 12 1 1 1 10 100 12 1 1 10 12 1 1 11 12 1 9 12 1 1 11 100 12 1 1 1 10 12 1 1 10 10 12 1 10 9 12 1 1 10 100 12 1 1 10 12 1 1 10 100 12 1 1 100 1 11 100 12 1 1 1 10 100 12 1 1 1 11 100 12 1 1 10 12 1 1 10 100 12 1 1 10 100 12 1 1 1 10 12 1 1 10 12 1 1 11 12 1 1 18 12 1 1 11 100 12 1 1 10 100 12 1 1 1 11 100 12 1 1 1 7 1 11 12 1 1 11 7 12 1 1 1 11 12 1 1 10 12 1 1 10 100 12 1 1 18 12 1 1 11 12 1 1 18 12 1 1 11 12 1 1 10 12 1 18 18 10 12 1 1 9 12 1 1 11 7 12 1 1 1 100 1 10 11 12 1 11 12 1 1 11 12 1 1 10 100 1 10 12 1 1 10 100 12 1 1 10 12 1 1 11 12 10 12 1 1 7 1 10 18 12 1 10 12 1 1 7 1 8 1 10 12 1 10 100 12 1 1 18 12 1 11 11 12 10 12 1 10 10 100 1 18 12 1 10 10 10 7 12 1 1 10 7 12 1 1 1 10 12 1 1 1 1 1 1 1 1 1 1 1 1 1 1 1 1 1 1 1 1 1 1 1 1 1 1 1 1 1 1 1 1 1 100 1 1 1 1 1 1 1 1 1 1 1 1 1 1 1 1 1 1 1 1 1 1 1 1 1 1 1 1 1 1 1 1 1 1 1 7 1 1 1 1 1 1 1 1 1 1 1 1 1 1 1 1 1 1 1 1 1 1 1 16 15 10 12 1 16 16 15 10 12 1 16 1 16 1 15 10 12 1 16 1 16 1 15 10 12 16 1 15 10 16 1 15 10 12 16 1 15 10 12 16 15 10 12 16 15 10 12 15 10 100 12 1 1 1 1 1 1 100 1 100 1 1
staticfield jdk/internal/module/Modules JLA Ljdk/internal/access/JavaLangAccess; java/lang/System$2
staticfield jdk/internal/module/Modules JLMA Ljdk/internal/access/JavaLangModuleAccess; java/lang/module/ModuleDescriptor$1
staticfield jdk/internal/module/Modules $assertionsDisabled Z 1
instanceKlass org/sonarsource/analyzer/commons/internal/json/simple/JSONArray
ciInstanceKlass java/util/ArrayList 1 1 509 10 7 12 1 1 1 7 1 9 7 12 1 1 1 9 12 1 100 1 7 1 10 8 1 10 12 1 1 10 12 1 10 12 1 1 10 12 1 9 12 1 11 7 12 1 1 1 9 12 1 1 11 12 1 1 7 10 7 12 1 1 1 9 12 1 10 12 1 10 12 1 1 10 7 12 1 1 1 10 7 12 1 1 1 10 12 1 1 10 12 1 1 10 12 1 1 10 12 1 10 12 1 1 100 1 7 1 10 12 1 10 10 7 12 1 1 1 10 7 12 1 1 10 12 1 100 1 10 10 12 10 12 1 1 10 12 1 1 10 12 1 10 12 10 12 1 1 7 1 10 12 1 1 10 12 1 1 10 12 1 100 1 10 11 12 1 1 11 7 12 1 1 1 11 12 1 10 12 1 10 12 1 10 12 1 1 100 1 10 12 1 1 10 10 12 1 1 10 12 1 8 1 8 1 8 1 8 1 10 12 1 1 10 12 1 1 11 12 1 7 1 10 100 12 1 1 10 12 1 10 12 1 1 10 100 12 1 1 10 12 1 10 100 12 1 1 1 11 100 12 1 1 1 10 12 1 100 1 8 1 10 100 1 10 12 1 7 1 10 12 1 10 12 1 1 7 1 10 12 1 10 12 1 1 11 7 12 1 1 7 1 10 12 1 10 12 1 1 11 7 12 1 1 10 12 1 1 10 12 1 1 10 12 1 1 10 12 1 1 11 100 12 1 1 10 12 1 1 7 1 7 1 7 1 1 1 1 5 0 1 3 1 1 1 1 1 1 1 1 1 1 1 1 1 1 1 1 1 1 1 1 1 1 1 1 1 1 1 1 1 1 1 1 1 1 1 1 1 1 1 1 1 1 1 1 1 1 1 1 1 1 1 1 1 1 1 1 1 1 1 1 1 1 1 1 1 1 1 1 1 1 1 1 1 1 1 1 1 1 1 1 1 1 1 1 1 1 1 1 1 1 1 1 1 1 1 1 1 1 1 1 1 1 1 1 100 1 1 1 1 7 1 1 1 1 1 1 1 1 1 1 1 1 1 1 1 1 1 1 1 1 1 1 1 1 1 1 1 1 1 100 1 1 1 1 1 1 1 1 1 1 1 1 1 1 1 1 1 1 100 1 100 1 1 1 1 1 1
staticfield java/util/ArrayList EMPTY_ELEMENTDATA [Ljava/lang/Object; 0 [Ljava/lang/Object;
staticfield java/util/ArrayList DEFAULTCAPACITY_EMPTY_ELEMENTDATA [Ljava/lang/Object; 0 [Ljava/lang/Object;
ciInstanceKlass java/util/RandomAccess 1 0 7 100 1 100 1 1 1
ciMethod java/util/ArrayList size ()I 258 0 129 0 0
ciMethod java/util/ArrayList add (Ljava/lang/Object;)Z 8 0 135703 0 488
ciMethod java/util/ArrayList addAll (ILjava/util/Collection;)Z 512 0 8260 0 0
ciMethod java/util/ArrayList <init> (Ljava/util/Collection;)V 494 0 9675 0 1032
ciMethod java/util/ArrayList <init> (I)V 6 0 5173 0 816
ciMethod java/util/ArrayList add (Ljava/lang/Object;[Ljava/lang/Object;I)V 8 0 135703 0 0
ciMethod java/util/ArrayList grow ()[Ljava/lang/Object; 2 0 73330 0 0
ciMethod java/util/ArrayList grow (I)[Ljava/lang/Object; 2 0 6452 0 1544
ciMethod java/util/ArrayList rangeCheckForAdd (I)V 514 0 8288 0 0
ciInstanceKlass sun/nio/cs/ISO_8859_1 1 1 60 8 1 10 7 12 1 1 1 10 7 12 1 1 1 8 1 100 1 7 1 100 1 10 12 1 100 1 10 10 12 1 9 12 1 1 7 1 1 1 1 1 1 1 1 1 1 1 1 1 1 1 1 1 1 1 1 1 1 1
staticfield sun/nio/cs/ISO_8859_1 INSTANCE Lsun/nio/cs/ISO_8859_1; sun/nio/cs/ISO_8859_1
ciInstanceKlass sun/nio/cs/US_ASCII 1 1 67 8 1 10 7 12 1 1 1 10 7 12 1 1 1 8 1 7 1 100 1 10 12 1 7 1 10 10 12 1 9 12 1 1 10 7 12 1 1 1 9 12 1 1 7 1 1 1 1 1 1 1 1 1 1 1 1 1 1 1 1 1 1 1 1 1 1
staticfield sun/nio/cs/US_ASCII INSTANCE Lsun/nio/cs/US_ASCII; sun/nio/cs/US_ASCII
staticfield sun/nio/cs/US_ASCII JLA Ljdk/internal/access/JavaLangAccess; java/lang/System$2
ciInstanceKlass sun/nio/cs/ArrayDecoder 1 1 25 100 1 100 1 1 1 1 1 1 1 1 1 1 1 1 1 1 1 1 1 1 1 1 1
ciMethod sun/nio/cs/ArrayDecoder isASCIICompatible ()Z 0 0 1 0 -1
ciMethod sun/nio/cs/ArrayDecoder isLatin1Decodable ()Z 0 0 1 0 -1
ciMethod sun/nio/cs/ArrayDecoder decodeToLatin1 ([BII[B)I 0 0 1 0 -1
ciMethod sun/nio/cs/ArrayDecoder decode ([BII[C)I 0 0 1 0 -1
instanceKlass sun/nio/cs/UnicodeDecoder
instanceKlass sun/nio/cs/UTF_8$Decoder
instanceKlass sun/nio/cs/SingleByte$Decoder
ciInstanceKlass java/nio/charset/CharsetDecoder 1 1 301 10 7 12 1 1 1 9 7 12 1 1 1 9 7 12 1 1 9 12 1 9 12 1 1 9 12 1 1 100 1 8 1 10 12 1 8 1 8 1 9 12 1 1 9 12 1 1 9 12 1 10 12 1 1 8 1 10 12 1 8 1 10 7 12 1 1 1 8 1 8 1 10 12 1 8 1 10 12 1 1 10 12 1 10 12 1 1 10 12 1 1 7 1 100 1 10 12 1 10 7 12 1 1 1 10 12 1 10 7 12 1 1 10 12 1 10 12 1 1 10 12 1 10 12 1 9 12 1 1 100 1 10 12 1 1 10 12 1 9 12 1 10 7 1 9 12 1 1 10 12 1 1 9 12 1 10 12 1 10 10 12 1 10 10 12 1 1 9 12 1 10 12 1 10 12 1 100 1 3 10 7 12 1 1 1 10 12 1 1 10 12 1 1 10 12 1 1 10 12 1 10 12 1 1 10 12 1 1 10 12 1 10 12 1 100 1 10 100 1 7 1 10 8 1 10 12 1 1 9 12 1 1 8 1 10 10 10 7 12 1 1 8 1 8 1 8 1 8 1 1 1 3 1 3 1 3 1 3 1 1 1 1 1 1 1 100 1 1 1 1 1 1 1 1 1 1 1 1 1 1 1 1 1 1 1 1 1 1 1 1 100 1 1 1 1 1 1 1 1 1
staticfield java/nio/charset/CharsetDecoder $assertionsDisabled Z 1
ciMethod java/nio/charset/CharsetDecoder maxCharsPerByte ()F 264 0 132 0 -1
ciMethod java/nio/charset/CharsetDecoder onMalformedInput (Ljava/nio/charset/CodingErrorAction;)Ljava/nio/charset/CharsetDecoder; 340 0 381 0 -1
ciMethod java/nio/charset/CharsetDecoder onUnmappableCharacter (Ljava/nio/charset/CodingErrorAction;)Ljava/nio/charset/CharsetDecoder; 340 0 381 0 -1
ciInstanceKlass java/nio/charset/CodingErrorAction 1 1 38 10 7 12 1 1 1 9 7 12 1 1 1 8 1 10 12 1 9 12 1 8 1 9 12 8 1 9 12 1 1 1 1 1 1 1 1 1
staticfield java/nio/charset/CodingErrorAction IGNORE Ljava/nio/charset/CodingErrorAction; java/nio/charset/CodingErrorAction
staticfield java/nio/charset/CodingErrorAction REPLACE Ljava/nio/charset/CodingErrorAction; java/nio/charset/CodingErrorAction
staticfield java/nio/charset/CodingErrorAction REPORT Ljava/nio/charset/CodingErrorAction; java/nio/charset/CodingErrorAction
ciInstanceKlass java/util/LinkedHashSet 1 1 163 10 7 12 1 1 1 4 11 7 12 1 1 1 10 7 12 1 1 1 10 7 12 1 1 1 10 7 12 1 1 1 100 1 10 7 12 1 1 1 100 1 7 1 10 12 1 8 1 10 12 1 1 10 12 1 10 12 1 1 10 12 1 10 12 1 9 12 1 1 100 1 10 12 1 9 12 1 1 10 12 1 1 10 12 1 10 12 1 1 11 7 12 1 1 1 11 12 1 11 12 1 11 12 1 100 1 10 12 1 10 12 1 7 1 7 1 1 1 1 5 0 1 1 1 1 1 1 1 1 1 1 1 1 1 1 1 1 1 1 1 1 1 1 1 1 1 1 1 1 1 1 1 1 1 1 1 1 1 1 1 1 1
ciInstanceKlass java/lang/annotation/Annotation 1 0 17 100 1 100 1 1 1 1 1 1 1 1 1 1 1 1 1
ciInstanceKlass java/util/function/BiFunction 1 1 65 10 100 12 1 1 1 18 12 1 1 11 7 12 1 1 11 100 12 1 7 1 1 1 1 1 1 1 1 1 1 1 1 1 1 1 1 1 1 1 1 1 1 1 1 1 1 1 16 15 11 12 15 10 100 12 1 1 1 1 100 1 100 1 1
ciInstanceKlass java/util/ImmutableCollections$List12 1 1 125 10 7 12 1 1 1 10 7 12 1 1 1 9 7 12 1 1 1 9 7 12 1 1 9 12 1 10 12 1 1 10 7 12 1 1 1 100 1 8 1 10 12 1 100 1 10 12 1 10 12 1 1 10 12 1 1 10 7 12 1 1 10 7 12 1 1 1 7 1 7 1 1 1 1 1 1 1 1 1 1 1 1 1 1 1 1 1 1 1 1 1 1 1 1 1 1 1 1 1 1 1 1 1 100 1 7 1 1 1 1 1 1 1 1 1 1 1 1 1 1 1 1 1 1
ciInstanceKlass jdk/internal/util/Preconditions$4 1 1 61 9 7 12 1 1 1 10 7 12 1 1 1 10 100 12 1 1 1 11 100 12 1 1 1 100 1 100 1 100 1 10 12 1 100 1 1 1 1 1 1 1 1 1 1 1 1 1 1 1 1 1 1 1 1 1 12 1 1 1 1
ciInstanceKlass java/util/Arrays$ArrayList 1 1 149 10 7 12 1 1 1 10 7 12 1 1 1 7 1 9 7 12 1 1 10 7 12 1 1 1 10 12 1 1 10 7 12 1 1 1 10 100 12 1 1 1 10 12 1 1 10 12 1 1 100 1 10 7 12 1 1 1 11 100 12 1 1 1 11 100 12 1 1 10 12 1 1 7 1 10 12 1 100 1 100 1 1 1 1 5 0 1 1 1 1 1 1 1 1 1 1 1 1 1 1 1 1 1 1 1 1 1 1 1 1 1 1 1 1 1 1 1 1 1 1 1 1 1 1 1 1 1 1 1 1 1 1 1 1 1 1 1 1 1 1 1 1 1 1 1 1 1 1
ciMethod java/util/AbstractMap isEmpty ()Z 1024 0 50625 0 -1
instanceKlass java/util/Collections$UnmodifiableList
instanceKlass java/util/Collections$UnmodifiableSet
ciInstanceKlass java/util/Collections$UnmodifiableCollection 1 1 136 10 7 12 1 1 1 100 1 10 9 7 12 1 1 1 11 7 12 1 1 1 11 12 1 1 11 12 1 1 11 12 1 1 11 12 1 11 12 1 11 12 1 1 7 1 10 12 1 100 1 10 11 12 1 1 11 12 1 1 11 12 1 1 11 12 1 1 11 12 1 100 1 1 1 1 5 0 1 1 1 1 1 1 1 1 1 1 1 1 1 1 1 1 1 1 1 1 1 1 1 1 1 1 1 1 1 1 1 1 1 1 1 1 1 1 1 1 1 1 1 1 1 1 1 1 1 1 1 1 1 1 100 1 1 1
ciMethod java/util/Collections$UnmodifiableCollection toArray ()[Ljava/lang/Object; 1024 0 6893 0 0
ciMethod java/util/Collections$UnmodifiableCollection <init> (Ljava/util/Collection;)V 310 0 11516 0 0
instanceKlass java/util/Collections$UnmodifiableRandomAccessList
ciInstanceKlass java/util/Collections$UnmodifiableList 1 1 127 10 7 12 1 1 1 9 7 12 1 1 1 11 7 12 1 1 1 11 12 1 1 11 12 1 1 100 1 10 12 1 11 12 1 1 11 12 1 10 12 1 1 7 1 10 12 1 11 12 1 1 10 12 1 100 1 100 1 10 1 1 1 5 0 1 1 1 1 1 1 1 1 1 1 1 1 1 1 1 1 1 1 1 1 1 1 1 1 1 1 1 1 1 1 1 1 1 1 1 1 1 1 1 1 1 1 1 1 1 1 1 1 1 1 100 1 1 1 1 1 100 1 1 1 1 1
ciMethod java/util/Collections$UnmodifiableList <init> (Ljava/util/List;)V 522 0 10442 0 0
ciInstanceKlass java/util/Collections$UnmodifiableRandomAccessList 1 1 52 10 7 12 1 1 1 100 1 9 12 1 1 11 100 12 1 1 1 10 100 1 1 1 1 5 0 1 1 1 1 1 1 1 1 1 1 1 1 1 1 1 1 1 1 1 1 100 1 1 1 1
ciMethod java/util/Collections$UnmodifiableRandomAccessList <init> (Ljava/util/List;)V 522 0 10442 0 0
ciInstanceKlass java/util/Collections$EmptyList 1 1 150 10 7 12 1 1 1 10 7 12 1 1 1 10 12 1 1 11 7 12 1 1 1 7 1 100 1 7 1 10 8 1 10 12 1 1 10 12 1 10 12 1 1 10 12 1 7 1 11 10 7 12 1 1 1 10 7 12 1 1 1 9 12 1 1 7 1 7 1 7 1 1 1 1 5 0 1 1 1 1 1 1 1 1 1 1 1 1 1 1 1 1 1 1 1 1 1 1 1 1 1 1 1 1 1 1 1 1 1 1 1 1 1 1 1 1 1 1 1 1 1 1 1 1 1 1 1 1 1 1 1 1 1 1 1 1 1 1 1 1 1 1 1 1 1 1 1 1 1 1
ciMethod java/util/Collections$EmptyList size ()I 346 0 173 0 0
ciMethod java/util/Collections$EmptyList toArray ()[Ljava/lang/Object; 802 0 5197 0 184
ciInstanceKlass java/util/TreeMap 1 1 692 10 7 12 1 1 1 9 7 12 1 1 1 9 12 1 9 12 1 1 10 12 1 1 11 7 12 1 1 11 12 1 11 12 1 1 11 100 12 1 1 1 10 12 1 1 100 1 100 1 10 12 1 1 10 12 1 1 9 7 12 1 1 1 10 12 1 1 10 12 1 1 10 12 1 1 10 12 1 100 1 10 11 7 1 10 7 12 1 1 11 10 10 12 1 10 12 1 1 7 1 9 12 1 1 9 12 11 12 1 1 9 12 1 9 12 1 11 7 12 1 1 1 10 9 12 1 10 12 1 1 10 12 1 1 10 12 1 1 10 12 1 1 10 12 1 1 10 12 1 1 10 12 1 11 100 12 1 1 100 1 10 11 100 12 1 1 10 12 1 10 12 1 1 10 12 1 10 12 1 1 100 1 100 1 10 12 1 9 12 1 9 12 1 1 9 12 1 1 10 10 12 1 1 10 12 1 10 12 1 10 12 1 10 12 1 10 12 1 10 12 1 7 1 10 12 1 10 12 1 11 100 1 9 12 1 1 100 1 10 12 1 7 1 10 100 1 10 12 1 100 1 10 10 12 1 1 10 12 1 1 10 12 1 11 100 12 1 1 7 1 10 12 1 100 1 10 10 7 12 1 1 100 1 10 12 1 100 1 10 9 12 1 1 10 12 1 10 12 1 10 12 1 10 12 1 1 10 12 1 1 10 12 1 10 12 1 10 12 1 10 100 12 1 1 10 12 1 1 11 100 12 1 1 1 11 12 1 100 1 11 12 1 10 12 1 1 11 12 1 10 100 12 1 1 10 12 1 11 100 1 11 10 12 1 1 10 12 1 10 12 1 10 100 12 1 1 10 12 1 1 9 12 1 1 10 12 1 100 1 10 7 1 10 12 1 100 1 10 10 9 12 1 100 1 100 1 1 1 1 1 1 1 1 1 3 1 3 1 1 5 0 1 1 1 1 1 1 1 1 1 1 1 1 1 1 1 100 1 1 1 1 1 1 1 1 1 1 1 1 1 1 1 1 1 1 1 1 1 1 1 1 1 1 1 1 1 1 1 1 1 1 1 1 1 1 1 1 1 1 1 1 1 1 1 1 1 1 1 1 1 1 1 1 1 1 1 1 1 1 1 1 1 1 1 1 1 1 1 1 1 1 1 1 1 1 1 1 1 1 1 1 100 1 1 1 1 1 1 100 1 1 1 1 1 1 1 1 1 1 1 1 1 1 1 1 1 1 1 1 1 1 1 1 1 1 1 1 1 1 1 1 1 1 1 1 1 1 1 1 1 1 1 1 1 1 1 1 1 1 1 1 1 1 1 1 1 1 1 1 1 1 1 1 1 1 1 1 1 1 1 1 1 1 1 1 1 1 1 1 1 1 1 1 1 1 1 1 1 1 1 1 1 1 1 1 1 1 1 1 1 1 1 1 100 1 100 1 100 1 100 1 100 1 100 1 100 1 100 1 100 1 100 1 100 1 100 1 100 1 100 1 100 1 1 1 1 1 1 1 1 1 1 1 1 1 1 1 1 1 1 1 1 1 1 1 1 1 1 1 1 1
staticfield java/util/TreeMap UNBOUNDED Ljava/lang/Object; java/lang/Object
ciMethod java/util/TreeMap entrySet ()Ljava/util/Set; 22 0 11 0 -1
ciMethod java/util/TreeMap <init> ()V 4 0 349 0 -1
ciInstanceKlass jdk/internal/loader/URLClassPath$JarLoader 1 1 485 7 1 8 1 8 1 7 1 10 12 1 1 10 12 1 1 8 1 10 12 1 10 12 1 1 10 7 12 1 1 1 10 7 12 1 1 9 12 1 1 9 12 1 1 9 12 1 1 9 12 1 1 9 12 1 1 10 12 1 7 1 10 12 1 9 12 1 10 7 12 1 1 8 1 10 12 1 10 7 12 1 1 1 7 1 10 12 1 10 7 12 1 1 1 100 1 10 12 1 1 100 1 10 7 12 1 1 1 9 12 1 9 12 1 1 11 100 12 1 1 1 8 1 10 12 1 10 12 1 1 10 12 1 1 7 1 10 10 12 1 1 100 1 10 12 1 10 7 1 10 100 1 10 12 1 1 10 12 1 10 12 1 1 10 12 1 1 8 1 10 12 1 10 12 1 1 8 1 9 12 1 1 10 100 12 1 1 1 100 1 10 12 1 1 10 12 1 10 7 12 1 1 10 7 12 1 1 1 10 12 1 100 1 7 1 10 12 1 10 12 1 1 10 12 1 1 10 12 1 1 11 100 12 1 1 11 12 1 1 100 1 10 12 1 10 12 1 1 10 7 12 1 1 7 1 10 12 10 12 1 1 10 12 1 1 10 7 12 1 1 1 11 7 12 1 1 1 10 12 1 1 10 7 12 1 1 1 9 100 12 1 1 1 10 100 12 1 1 1 10 12 1 1 100 1 10 10 12 1 1 10 12 1 10 12 1 9 12 1 10 12 1 1 9 12 1 9 12 1 1 8 1 8 1 10 100 12 1 1 10 100 12 1 1 1 100 1 10 12 1 1 10 12 1 10 12 1 10 12 1 9 12 1 1 10 12 1 1 10 12 1 10 10 12 1 10 12 1 1 8 1 10 12 1 10 100 12 1 1 1 10 12 1 100 1 10 12 1 1 1 1 1 1 1 1 1 1 1 1 1 1 1 1 1 1 1 1 100 1 1 1 1 1 1 1 1 1 1 1 1 1 1 1 1 1 1 1 1 7 1 1 1 1 1 1 1 1 1 1 1 1 1 1 1 1 1 1 1 1 1 1 1 1 1 1 1 1 1 1 1 1 1 1 1 1 1 1 1 100 1 100 1 1 1
staticfield jdk/internal/loader/URLClassPath$JarLoader zipAccess Ljdk/internal/access/JavaUtilZipFileAccess; java/util/zip/ZipFile$1
ciMethod java/util/Collections unmodifiableList (Ljava/util/List;)Ljava/util/List; 132 0 10443 0 512
ciMethod java/util/Collections emptyList ()Ljava/util/List; 516 0 225794 0 88
ciMethod java/util/Collection toArray ()[Ljava/lang/Object; 0 0 1 0 -1
ciMethod jdk/internal/util/Preconditions outOfBoundsCheckFromIndexSize (Ljava/util/function/BiFunction;III)Ljava/lang/RuntimeException; 0 0 1 0 -1
ciMethod jdk/internal/util/Preconditions checkFromIndexSize (IIILjava/util/function/BiFunction;)I 522 0 108390 0 168
ciMethod java/util/Arrays copyOfRange ([BII)[B 514 0 50795 0 -1
ciMethod java/util/Arrays copyOf ([Ljava/lang/Object;I)[Ljava/lang/Object; 210 0 129398 0 0
ciMethod java/util/Arrays copyOf ([Ljava/lang/Object;ILjava/lang/Class;)[Ljava/lang/Object; 568 0 5602 0 -1
ciMethod java/util/Arrays copyOf ([BI)[B 94 0 5239 0 -1
ciMethod java/util/Arrays equals ([B[B)Z 454 0 6372 0 -1
ciMethod jdk/internal/util/ArraysSupport hugeLength (II)I 0 0 1 0 -1
ciMethod jdk/internal/util/ArraysSupport newLength (III)I 512 0 2701 0 0
ciMethod java/lang/Math max (II)I 648 0 120956 0 -1
ciMethod java/lang/Math min (II)I 534 0 143826 0 -1
ciMethod java/util/Map$Entry getKey ()Ljava/lang/Object; 0 0 1 0 -1
ciMethod java/util/Map$Entry getValue ()Ljava/lang/Object; 0 0 1 0 -1
ciMethod java/util/Iterator next ()Ljava/lang/Object; 0 0 1 0 -1
ciMethod java/util/Iterator hasNext ()Z 0 0 1 0 -1
ciMethod java/util/Set iterator ()Ljava/util/Iterator; 0 0 1 0 -1
ciMethod java/lang/Error <init> (Ljava/lang/Throwable;)V 0 0 1 0 -1
ciMethod java/nio/charset/Charset newDecoder ()Ljava/nio/charset/CharsetDecoder; 0 0 1 0 -1
ciMethod java/lang/String getBytes (Ljava/nio/charset/Charset;)[B 624 0 371 0 -1
ciMethod java/lang/String isLatin1 ()Z 1024 0 702983 0 88
ciMethod java/lang/String decodeWithDecoder (Ljava/nio/charset/CharsetDecoder;[C[BII)I 288 0 144 0 -1
ciMethod java/lang/String scale (IF)I 290 0 145 0 -1
ciMethod java/lang/String decodeUTF8_UTF16 ([BII[BIZ)I 0 0 1 0 -1
ciMethod java/lang/String decode2 (II)C 0 0 516 0 -1
ciMethod java/lang/String checkBoundsOffCount (III)I 1024 0 72693 0 160
ciMethod java/lang/String coder ()B 1024 0 700670 0 88
ciMethod java/lang/String indexOf (II)I 744 0 10901 0 504
ciMethod java/lang/String indexOf (I)I 562 0 79640 0 456
ciMethod java/lang/String <init> ([BIILjava/nio/charset/Charset;)V 516 0 21114 0 280
ciMethod java/lang/String <init> (Ljava/nio/charset/Charset;[BII)V 528 0 17461 0 -1
ciMethod java/lang/Class getClassLoader0 ()Ljava/lang/ClassLoader; 312 0 156 0 -1
ciMethod java/lang/Object getClass ()Ljava/lang/Class; 256 0 128 0 -1
ciMethod java/lang/Object <init> ()V 1024 0 2644853 0 136
instanceKlass com/google/protobuf/CodedOutputStream$OutOfSpaceException
instanceKlass com/google/protobuf/CodedOutputStream$OutOfSpaceException
instanceKlass com/google/protobuf/TextFormat$InvalidEscapeSequenceException
instanceKlass com/google/protobuf/InvalidProtocolBufferException
instanceKlass com/google/protobuf/TextFormat$InvalidEscapeSequenceException
instanceKlass com/google/gson/stream/MalformedJsonException
instanceKlass org/eclipse/jgit/errors/UnmergedPathException
instanceKlass org/eclipse/jgit/errors/IndexReadException
instanceKlass org/eclipse/jgit/errors/MissingObjectException
instanceKlass org/eclipse/jgit/errors/SearchForReuseTimeout
instanceKlass org/eclipse/jgit/errors/PackMismatchException
instanceKlass org/eclipse/jgit/errors/AmbiguousObjectException
instanceKlass org/eclipse/jgit/errors/IncorrectObjectTypeException
instanceKlass org/eclipse/jgit/errors/CorruptObjectException
instanceKlass org/eclipse/jgit/errors/TransportException
instanceKlass java/nio/charset/CharacterCodingException
instanceKlass org/apache/commons/csv/CSVException
instanceKlass java/io/UnsupportedEncodingException
instanceKlass com/google/protobuf/InvalidProtocolBufferException
instanceKlass org/eclipse/jgit/errors/LockFailedException
instanceKlass com/google/protobuf/InvalidProtocolBufferException
instanceKlass java/net/UnknownHostException
instanceKlass java/net/SocketException
instanceKlass java/net/UnknownServiceException
instanceKlass java/net/ProtocolException
instanceKlass java/io/InterruptedIOException
instanceKlass sun/security/pkcs/ParsingException
instanceKlass javax/net/ssl/SSLException
instanceKlass org/springframework/core/type/classreading/ClassFormatException
instanceKlass java/nio/file/FileSystemException
instanceKlass java/util/zip/ZipException
instanceKlass java/io/FileNotFoundException
instanceKlass java/io/ObjectStreamException
instanceKlass com/google/gson/stream/MalformedJsonException
instanceKlass java/io/CharConversionException
instanceKlass java/io/EOFException
instanceKlass java/net/MalformedURLException
ciInstanceKlass java/io/IOException 1 1 34 10 7 12 1 1 1 10 12 1 10 12 1 10 12 1 100 1 1 1 1 5 0 1 1 1 1 1 1 1 1 1 1 1
instanceKlass org/eclipse/jgit/errors/NoWorkTreeException
instanceKlass java/util/concurrent/CancellationException
instanceKlass java/nio/channels/OverlappingFileLockException
instanceKlass org/springframework/context/annotation/ConflictingBeanDefinitionException
instanceKlass org/springframework/core/env/MissingRequiredPropertiesException
instanceKlass org/springframework/beans/factory/support/ImplicitlyAppearedSingletonException
ciInstanceKlass java/lang/IllegalStateException 1 1 35 10 7 12 1 1 1 10 12 1 10 12 1 10 12 1 100 1 1 1 1 5 0 1 1 1 1 1 1 1 1 1 1 1 1
ciInstanceKlass java/lang/UnsupportedOperationException 0 0 34 10 100 12 1 1 1 10 12 1 10 12 1 10 12 1 100 1 1 1 1 5 0 1 1 1 1 1 1 1 1 1 1 1
instanceKlass java/lang/StringIndexOutOfBoundsException
instanceKlass java/lang/ArrayIndexOutOfBoundsException
ciInstanceKlass java/lang/IndexOutOfBoundsException 0 0 49 10 100 12 1 1 1 10 12 1 100 1 10 8 1 10 12 1 1 10 12 1 10 12 1 1 10 12 1 100 1 1 1 1 5 0 1 1 1 1 1 1 1 1 1 1 1 1 1
ciInstanceKlass java/nio/charset/CharacterCodingException 0 0 21 10 100 12 1 1 1 100 1 1 1 1 5 0 1 1 1 1 1 1 1
instanceKlass com/google/protobuf/GeneratedMessage
ciInstanceKlass com/google/protobuf/AbstractMessage 1 1 428 10 7 12 1 1 1 9 7 12 1 1 1 10 100 12 1 1 1 100 1 8 1 10 12 1 10 12 1 1 10 12 1 1 10 12 1 1 8 1 8 1 10 100 12 1 1 1 10 100 12 1 1 1 10 12 1 9 100 12 1 1 1 10 100 12 1 1 1 10 12 1 1 10 12 1 1 10 12 1 1 100 1 10 12 1 1 11 11 10 12 1 1 10 12 1 1 11 10 100 12 1 1 1 9 12 1 10 7 12 1 1 1 10 12 1 1 10 100 1 10 100 12 1 1 1 10 100 12 1 1 10 12 1 1 10 11 100 12 1 1 10 100 12 1 1 100 1 10 11 12 1 1 11 7 12 1 1 1 8 1 10 100 12 1 1 1 8 1 11 12 1 1 100 1 10 12 1 10 100 12 1 1 1 11 7 12 1 1 1 11 12 1 10 12 1 1 10 100 12 1 11 12 1 11 12 1 1 11 7 1 7 1 11 12 1 11 12 1 1 10 12 1 1 9 7 12 1 1 1 10 12 1 11 11 12 1 10 12 1 1 10 12 1 10 12 1 10 10 12 1 1 11 12 1 7 1 11 12 1 11 12 1 10 10 12 1 1 9 12 1 10 100 12 1 1 1 100 1 10 12 1 1 10 100 12 1 1 1 1 1 1 1 1 1 1 1 1 1 1 1 1 1 1 1 1 1 1 1 1 1 1 1 1 1 1 1 100 1 1 1 1 1 1 1 1 1 1 1 1 1 1 1 1 1 1 1 1 1 1 1 1 1 1 1 1 1 1 1 1 1 1 1 1 1 1 1 1 1 1 1 1 100 1 1 1 1 1 1 1 1 100 1 1 100 1 100 1 1 1 100 1 8 1 1 12 10 1 1 1 8 1 1 8 1 1 1 8 1 1 1 8 1 1 1 8 1 1 1 8 1 1 1 8 1 1 1 8 1 1 1 8 1 1 1 8 1 1
ciInstanceKlass com/google/protobuf/MessageLite$Builder 1 0 50 100 1 100 1 100 1 100 1 1 1 1 1 1 1 1 1 1 1 1 100 1 1 1 1 1 1 100 1 1 1 1 1 1 1 1 1 1 1 1 1 1 1 1 1 1 1 100 1 1
ciInstanceKlass com/google/protobuf/MessageLiteOrBuilder 1 0 13 100 1 100 1 1 1 1 1 1 1 1 1
ciInstanceKlass com/google/protobuf/MessageOrBuilder 1 1 72 11 100 12 1 1 1 100 1 100 1 1 1 1 1 1 1 1 1 1 1 1 1 1 1 1 1 1 1 1 1 1 1 1 1 1 1 1 1 1 1 1 1 1 1 1 1 1 1 1 1 100 1 100 1 1 100 1 1 100 1 1 1 100 1 8 1 1 12 10 1 1
ciInstanceKlass com/google/protobuf/MessageLite 1 0 37 100 1 100 1 100 1 1 1 1 100 1 1 1 1 1 1 1 1 1 1 1 1 1 1 1 1 1 1 1 1 1 1 1 100 1 1
ciInstanceKlass com/google/protobuf/Message 1 1 124 11 100 12 1 1 1 11 12 1 100 1 100 1 100 1 1 1 1 1 1 1 1 1 1 1 1 1 1 1 1 1 1 1 1 1 1 1 1 100 1 1 100 1 1 100 1 8 1 1 12 10 1 1 1 8 1 1 8 1 1 1 8 1 1 1 8 1 1 8 1 1 1 8 1 1 1 8 1 1 1 8 1 1 1 8 1 1 1 8 1 1 1 8 1 1 1 8 1 1 1 8 1 1 1 8 1 1 1 8 1 1 1 8 1 1 1 8 1 1 1 8 1 1
instanceKlass com/google/protobuf/GeneratedMessageLite
instanceKlass com/google/protobuf/AbstractMessage
ciInstanceKlass com/google/protobuf/AbstractMessageLite 1 1 199 10 7 12 1 1 1 9 7 12 1 1 1 10 12 1 1 10 100 12 1 1 1 10 100 12 1 1 1 10 12 1 1 10 12 1 1 100 1 100 1 8 1 10 12 1 1 10 12 1 10 7 12 1 1 1 10 12 1 8 1 10 12 1 1 10 12 1 10 12 1 10 12 1 10 12 1 1 100 1 10 10 12 1 11 100 12 1 1 10 12 1 100 1 10 12 1 100 1 10 8 1 10 12 1 1 10 12 1 1 10 100 12 1 1 1 8 1 8 1 10 12 1 10 12 1 1 100 1 8 1 10 12 1 10 100 12 1 1 1 100 1 1 1 1 1 1 1 1 1 1 1 1 1 1 1 1 1 1 1 1 1 1 1 1 1 1 1 1 1 1 1 1 1 1 1 1 1 1 1 1 1 1 1 1 1 1 1 1 1 1 1 1 1 1 1 100 1 1
instanceKlass org/sonar/python/types/protobuf/DescriptorsProtos$ClassDescriptor
instanceKlass org/sonar/python/types/protobuf/DescriptorsProtos$AmbiguousDescriptor
instanceKlass org/sonar/python/types/protobuf/DescriptorsProtos$VarDescriptor
instanceKlass org/sonar/python/types/protobuf/DescriptorsProtos$LocationInFile
instanceKlass org/sonar/python/types/protobuf/DescriptorsProtos$ParameterDescriptor
instanceKlass org/sonar/python/types/protobuf/DescriptorsProtos$FunctionDescriptor
instanceKlass org/sonar/python/types/protobuf/DescriptorsProtos$DescriptorList
instanceKlass org/sonar/python/types/protobuf/DescriptorsProtos$ModuleDescriptor
instanceKlass com/google/protobuf/DescriptorProtos$FeatureSetDefaults$FeatureSetEditionDefault
instanceKlass com/google/protobuf/JavaFeaturesProto$JavaFeatures
instanceKlass com/google/protobuf/DescriptorProtos$FieldOptions$FeatureSupport
instanceKlass com/google/protobuf/DescriptorProtos$FieldOptions$EditionDefault
instanceKlass com/google/protobuf/DescriptorProtos$FeatureSetDefaults
instanceKlass com/google/protobuf/DescriptorProtos$UninterpretedOption
instanceKlass com/google/protobuf/DescriptorProtos$EnumDescriptorProto$EnumReservedRange
instanceKlass com/google/protobuf/DescriptorProtos$EnumValueDescriptorProto
instanceKlass com/google/protobuf/DescriptorProtos$DescriptorProto$ReservedRange
instanceKlass com/google/protobuf/DescriptorProtos$OneofDescriptorProto
instanceKlass com/google/protobuf/DescriptorProtos$DescriptorProto$ExtensionRange
instanceKlass com/google/protobuf/GeneratedMessage$ExtendableMessage
instanceKlass com/google/protobuf/DescriptorProtos$ServiceDescriptorProto
instanceKlass com/google/protobuf/DescriptorProtos$EnumDescriptorProto
instanceKlass com/google/protobuf/DescriptorProtos$DescriptorProto
instanceKlass com/google/protobuf/DescriptorProtos$FieldDescriptorProto
instanceKlass com/google/protobuf/DescriptorProtos$FileDescriptorProto
instanceKlass org/sonar/python/types/protobuf/SymbolsProtos$Type
instanceKlass org/sonar/python/types/protobuf/SymbolsProtos$ParameterSymbol
instanceKlass org/sonar/python/types/protobuf/SymbolsProtos$VarSymbol
instanceKlass org/sonar/python/types/protobuf/SymbolsProtos$OverloadedFunctionSymbol
instanceKlass org/sonar/python/types/protobuf/SymbolsProtos$FunctionSymbol
instanceKlass org/sonar/python/types/protobuf/SymbolsProtos$ClassSymbol
instanceKlass org/sonar/python/types/protobuf/SymbolsProtos$ModuleSymbol
ciInstanceKlass com/google/protobuf/GeneratedMessage 1 1 899 10 7 12 1 1 1 10 12 1 1 10 12 1 1 10 12 1 1 10 7 12 1 1 1 10 7 12 1 1 1 9 12 1 1 10 7 12 1 1 100 1 8 1 10 12 1 10 12 1 1 9 12 1 1 10 12 1 1 10 100 12 1 1 1 10 100 12 1 1 1 10 12 1 1 10 100 12 1 1 1 11 100 12 1 1 1 100 1 10 12 1 1 100 1 10 12 1 11 12 1 1 100 1 10 10 100 12 1 1 1 11 100 12 1 1 1 11 12 1 1 100 1 10 12 1 1 10 100 12 1 1 10 12 1 1 10 12 1 1 10 12 1 1 10 12 1 1 11 12 1 10 12 1 1 10 12 1 1 10 12 1 1 9 100 12 1 1 1 10 12 1 10 12 1 1 11 12 1 1 11 100 12 1 1 11 12 1 1 10 12 1 9 12 1 7 1 11 12 1 10 100 12 1 1 1 10 12 1 1 11 100 12 1 1 1 11 12 1 10 12 1 1 11 100 1 11 12 1 11 12 1 11 12 1 1 11 12 1 1 10 100 12 1 1 10 12 1 1 10 100 12 1 1 1 10 12 1 1 11 7 12 1 1 1 10 12 1 1 11 12 1 11 12 1 11 12 1 11 12 1 11 12 10 100 12 1 1 10 12 1 10 7 12 1 1 1 10 100 12 1 1 10 100 12 1 1 10 100 12 1 1 10 100 12 1 1 10 12 1 1 11 7 1 100 1 11 12 1 1 10 100 12 1 1 10 12 1 1 10 100 12 1 1 1 9 12 1 1 10 12 1 1 8 1 7 1 100 1 10 12 1 9 7 12 1 1 1 10 12 1 10 100 12 1 1 1 100 1 100 1 100 1 10 8 1 10 12 1 1 10 12 1 1 8 1 8 1 10 12 1 10 12 1 10 100 12 1 1 1 100 1 8 1 100 1 10 12 1 1 100 1 100 1 8 1 10 12 1 1 100 1 8 1 10 100 12 1 1 1 10 100 1 10 12 1 10 100 12 1 1 8 1 100 1 7 1 10 100 1 10 10 7 12 1 1 1 10 12 1 1 10 12 1 1 10 12 1 1 10 12 1 1 10 12 1 1 10 12 1 10 12 1 1 10 100 12 1 1 10 12 1 10 12 1 1 11 100 1 11 12 1 1 11 100 1 100 1 10 12 1 10 100 12 1 1 1 10 100 12 1 1 1 10 12 1 1 10 100 12 1 1 1 11 12 1 10 12 1 10 12 1 1 10 12 1 1 100 1 10 12 1 1 10 12 1 10 12 1 11 12 1 1 100 1 10 12 1 10 12 1 1 10 100 12 1 1 11 12 1 1 11 12 1 100 1 11 12 1 11 12 1 100 1 1 1 1 5 0 1 1 1 1 1 1 1 1 1 1 1 1 1 1 1 1 1 1 1 1 1 1 1 1 1 1 1 1 1 1 1 100 1 1 1 1 1 1 1 1 1 1 1 1 1 1 1 1 1 1 1 1 1 1 1 1 1 1 1 1 1 1 1 1 1 1 1 1 1 1 1 1 1 1 1 1 1 1 1 1 1 1 1 1 1 1 1 1 1 1 1 1 1 1 1 1 1 1 1 1 1 1 1 1 1 1 1 1 1 1 1 1 1 1 1 1 1 1 1 1 1 1 1 1 1 1 1 1 1 1 1 1 1 1 1 1 1 1 1 1 1 1 1 1 1 1 1 100 1 1 1 1 1 1 1 100 1 1 1 1 1 1 1 1 1 1 1 1 1 1 1 1 1 1 1 1 1 1 1 1 1 100 1 1 1 1 1 1 100 1 1 1 1 1 1 1 1 1 1 1 1 1 1 1 1 1 1 1 1 1 1 1 1 1 1 1 1 1 1 1 1 100 1 1 1 1 1 1 1 100 1 1 1 1 100 1 1 100 1 1 1 100 1 100 1 1 100 1 1 100 1 1 100 1 1 100 1 1 100 1 1 100 1 1 100 1 1 100 1 1 100 1 1 1 100 1 8 1 1 12 10 1 1 1 8 1 1 1 8 1
ciInstanceKlass com/google/protobuf/Internal$ProtobufList 1 0 112 100 1 100 1 100 1 100 1 1 1 1 1 1 1 1 1 1 1 1 1 1 1 100 1 1 1 100 1 8 1 1 12 10 1 1 1 8 1 1 8 1 1 1 8 1 1 8 1 1 1 8 1 1 1 8 1 1 8 1 1 1 8 1 1 8 1 1 8 1 1 1 8 1 1 1 8 1 1 8 1 1 1 8 1 1 8 1 1 1 8 1 1 8 1 1 1 8 1 1 8 1 1 8 1 1 1 8 1 1 8 1
instanceKlass com/google/protobuf/InvalidProtocolBufferException$InvalidWireTypeException
ciInstanceKlass com/google/protobuf/InvalidProtocolBufferException 0 0 102 10 100 12 1 1 1 9 100 12 1 1 1 10 100 12 1 1 1 10 12 1 10 9 12 1 1 10 12 1 1 8 1 10 8 1 8 1 8 1 8 1 100 1 8 1 10 8 1 8 1 8 1 8 1 1 1 1 5 0 1 1 1 1 1 1 1 1 1 1 1 1 1 1 1 1 1 1 1 1 1 1 1 1 1 1 1 1 1 1 1 1 1 1 1 1 1 1 1 1 1 1
ciInstanceKlass com/google/protobuf/Parser 1 0 46 100 1 100 1 1 1 1 100 1 1 1 1 1 1 1 1 1 1 1 1 1 1 1 1 1 1 1 1 1 1 1 1 1 1 1 1 1 1 1 1 1 1 1 1 1
ciInstanceKlass com/google/protobuf/Message$Builder 1 1 189 11 100 12 1 1 1 11 12 1 11 12 1 11 12 1 11 12 1 11 12 1 11 12 1 11 12 1 11 12 1 11 12 1 11 12 1 1 11 12 1 1 11 12 1 11 12 1 100 1 100 1 100 1 1 1 1 1 1 1 100 1 1 1 100 1 1 1 1 1 1 1 1 1 1 1 1 1 1 1 1 1 1 1 1 1 1 1 1 1 1 1 1 1 1 1 1 1 1 1 1 1 1 1 1 1 1 1 1 1 1 1 1 1 1 100 1 1 100 1 100 1 100 1 1 100 1 1 100 1 1 1 100 1 8 1 1 12 10 1 1 1 8 1 1 1 8 1 1 1 8 1 1 1 8 1 1 1 8 1 1 1 8 1 1 1 8 1 1 1 8 1 1 1 8 1 1 1 8 1 1 1 8 1 1 1 8 1 1
ciInstanceKlass com/google/protobuf/UnknownFieldSet 1 1 334 9 7 12 1 1 1 10 12 1 1 10 7 12 1 1 10 7 12 1 1 1 10 12 1 10 12 1 1 9 12 1 1 10 7 12 1 1 1 10 12 1 1 10 12 1 1 10 100 12 1 1 1 10 12 1 1 100 1 10 100 12 1 1 1 10 12 1 10 12 1 1 100 1 10 12 1 1 10 12 1 1 11 100 12 1 1 1 11 100 12 1 1 11 12 1 100 1 11 12 1 11 12 1 10 12 1 10 12 1 1 10 100 12 1 1 1 10 100 12 1 1 1 10 12 1 10 100 12 1 1 1 10 100 12 1 1 1 10 12 1 10 12 1 1 100 1 100 1 8 1 10 12 1 10 100 12 1 1 1 10 12 1 8 1 10 12 1 10 12 1 10 12 1 1 10 12 1 10 12 1 11 100 12 1 1 1 9 100 12 1 1 1 10 12 1 1 11 100 1 10 12 1 10 12 1 1 10 12 1 10 12 1 10 12 1 10 12 1 10 12 1 10 12 1 9 12 1 1 10 12 1 10 12 1 10 12 1 1 10 12 1 10 7 1 10 100 1 1 1 1 1 1 1 1 1 1 1 1 1 1 1 1 1 1 1 1 1 1 1 1 1 1 1 1 1 1 1 1 1 1 1 1 1 1 1 1 1 1 1 1 1 1 1 1 1 1 1 1 1 1 1 1 1 1 100 1 1 1 1 1 1 1 1 1 1 1 1 1 1 1 1 1 1 1 1 1 1 1 1 100 1 100 1
staticfield com/google/protobuf/UnknownFieldSet defaultInstance Lcom/google/protobuf/UnknownFieldSet; com/google/protobuf/UnknownFieldSet
staticfield com/google/protobuf/UnknownFieldSet PARSER Lcom/google/protobuf/UnknownFieldSet$Parser; com/google/protobuf/UnknownFieldSet$Parser
instanceKlass com/google/protobuf/ExtensionRegistry
ciInstanceKlass com/google/protobuf/ExtensionRegistryLite 1 1 186 9 7 12 1 1 1 9 7 12 1 1 10 12 1 1 10 7 12 1 1 1 9 12 1 1 9 12 1 10 12 1 10 12 1 9 12 1 1 100 1 10 12 1 11 100 12 1 1 1 100 1 10 12 1 1 10 12 1 1 11 12 1 1 10 7 12 1 1 1 10 100 12 1 1 1 10 12 1 1 10 12 1 1 8 9 100 12 1 1 1 10 12 1 1 10 100 12 1 1 1 100 1 100 1 8 1 10 100 12 1 1 1 10 12 1 10 7 1 10 10 7 12 1 1 1 10 12 1 1 10 12 1 1 1 1 8 1 1 1 1 1 1 1 1 1 1 1 1 1 1 1 100 1 1 1 1 1 1 1 1 1 1 1 1 1 1 1 1 1 1 1 1 1 1 1 1 1 1 1 1 1 100 1 1 1
staticfield com/google/protobuf/ExtensionRegistryLite EMPTY_REGISTRY_LITE Lcom/google/protobuf/ExtensionRegistryLite; com/google/protobuf/ExtensionRegistryLite
ciInstanceKlass com/google/protobuf/Internal 1 1 371 10 100 12 1 1 1 100 1 10 10 12 1 100 1 9 7 12 1 1 1 10 12 1 1 9 12 1 10 12 1 10 100 12 1 1 1 10 12 1 1 10 7 12 1 1 1 10 12 1 1 10 100 12 1 1 1 10 12 1 1 10 12 1 1 10 12 1 1 10 12 1 1 10 100 12 1 1 11 100 12 1 1 11 100 12 1 1 1 11 100 12 1 1 11 12 1 1 10 12 1 1 11 12 1 11 12 1 1 100 1 10 100 12 1 1 1 10 12 1 1 10 12 1 10 12 1 1 10 100 12 1 1 10 12 1 10 12 1 1 10 12 1 1 10 12 1 10 12 1 1 10 12 1 10 12 1 10 12 1 8 1 100 1 10 12 1 1 10 100 12 1 1 1 100 1 100 1 100 1 100 1 10 8 1 10 12 1 1 10 12 1 10 12 1 1 10 12 1 11 12 1 1 11 100 12 1 1 1 11 12 1 1 8 1 10 7 12 1 1 1 9 12 1 8 1 8 1 9 12 1 9 12 1 1 10 7 12 1 1 1 9 12 1 1 1 1 1 3 1 1 1 1 1 1 1 1 1 1 1 1 1 1 1 1 1 1 1 1 1 1 1 1 1 1 1 1 1 1 1 1 1 1 1 1 1 1 1 1 1 1 1 1 1 1 1 1 1 1 1 1 1 1 1 1 1 1 1 1 1 1 1 1 1 1 1 1 1 1 1 1 1 1 1 1 1 1 1 1 1 1 1 1 1 1 1 1 1 100 1 1 100 1 1 100 1 1 100 1 1 100 1 1 100 1 1 100 1 1 100 1 1 100 1 1 100 1 1 100 1 1
staticfield com/google/protobuf/Internal US_ASCII Ljava/nio/charset/Charset; sun/nio/cs/US_ASCII
staticfield com/google/protobuf/Internal UTF_8 Ljava/nio/charset/Charset; sun/nio/cs/UTF_8
staticfield com/google/protobuf/Internal ISO_8859_1 Ljava/nio/charset/Charset; sun/nio/cs/ISO_8859_1
staticfield com/google/protobuf/Internal EMPTY_BYTE_ARRAY [B 0
staticfield com/google/protobuf/Internal EMPTY_BYTE_BUFFER Ljava/nio/ByteBuffer; java/nio/HeapByteBuffer
staticfield com/google/protobuf/Internal EMPTY_CODED_INPUT_STREAM Lcom/google/protobuf/CodedInputStream; com/google/protobuf/CodedInputStream$ArrayDecoder
instanceKlass com/google/protobuf/CodedInputStream$StreamDecoder
instanceKlass com/google/protobuf/CodedInputStream$IterableDirectByteBufferDecoder
instanceKlass com/google/protobuf/CodedInputStream$UnsafeDirectNioDecoder
instanceKlass com/google/protobuf/CodedInputStream$ArrayDecoder
ciInstanceKlass com/google/protobuf/CodedInputStream 1 1 341 100 1 10 7 12 1 1 1 10 12 1 1 100 1 8 1 10 12 1 9 100 12 1 1 1 10 12 1 7 1 10 12 1 10 100 12 1 1 1 100 1 10 12 1 10 12 1 10 12 1 11 100 12 1 1 1 11 100 12 1 1 11 12 1 1 100 1 10 12 1 1 10 12 1 10 12 1 100 1 10 12 1 10 12 1 10 12 1 7 1 10 12 1 10 12 1 1 100 1 10 12 1 10 12 1 10 12 1 1 10 12 1 10 12 1 10 12 1 10 12 1 1 10 12 1 1 9 12 1 1 9 12 1 10 12 1 1 10 7 1 9 12 1 3 9 12 1 9 12 1 1 10 12 1 10 12 1 10 12 1 1 10 12 1 100 1 10 8 1 10 12 1 1 10 12 1 10 12 1 1 8 1 10 100 12 1 1 10 12 1 10 12 1 10 12 1 1 1 1 3 1 1 1 1 1 1 1 1 1 1 1 1 1 1 1 1 1 1 1 1 1 1 1 1 1 1 1 1 1 1 100 1 1 1 1 1 100 1 1 1 1 1 1 1 1 1 1 1 1 1 1 1 1 1 1 1 1 1 1 1 1 1 1 1 1 1 1 1 1 1 1 1 1 1 1 1 1 1 1 1 1 1 1 1 1 1 1 1 1 1 1 1 1 1 1 1 1 1 1 1 1 1 1 1 1 1 1 1 1 1 1 1 1 1 1 1 1 1 1 1 1 1 1 1 1 1 1 1 1 1 100 1 1 1 1 100 1 100 1 1
ciInstanceKlass com/google/protobuf/CodedInputStream$StreamDecoder 1 1 566 7 1 7 1 9 7 12 1 1 1 9 12 1 1 10 12 1 1 10 12 1 100 1 3 9 12 1 9 12 1 1 8 1 10 7 12 1 1 1 9 12 1 9 12 1 9 12 1 10 7 12 1 1 1 100 1 10 12 1 1 10 12 1 1 10 12 1 1 10 12 1 1 9 12 1 10 12 1 10 12 1 1 10 12 1 1 10 12 1 10 12 1 10 12 1 10 12 1 1 10 12 1 10 12 1 1 10 12 1 10 12 1 1 10 12 1 1 10 100 12 1 1 10 12 1 1 10 12 1 10 12 1 10 12 1 1 10 12 1 1 10 12 1 10 12 1 10 12 1 10 100 12 1 1 1 10 100 12 1 1 1 10 12 1 100 1 9 12 1 1 10 12 1 8 1 10 12 1 10 12 1 10 12 1 1 10 12 1 10 7 12 1 1 1 10 12 1 9 12 1 11 7 12 1 1 1 11 7 12 1 1 1 7 1 10 100 12 1 1 1 10 12 1 1 10 12 1 10 12 1 10 12 1 10 12 1 10 100 12 1 1 1 9 12 1 1 10 12 1 1 10 100 12 1 1 1 10 100 12 1 1 1 9 12 1 1 10 12 1 10 12 1 3 3 10 12 1 10 12 1 10 12 1 10 12 1 10 12 1 1 5 0 5 0 5 0 5 0 5 0 5 0 10 12 1 10 12 1 9 12 1 10 12 1 1 9 12 1 10 12 1 100 1 100 1 10 12 8 1 10 12 1 1 10 12 1 8 1 10 12 1 1 10 12 1 11 100 12 1 1 10 7 12 1 1 1 10 7 12 1 1 10 12 1 10 100 12 1 1 1 10 12 1 8 1 8 1 10 12 1 1 10 100 12 1 1 10 12 1 1 11 100 12 1 1 1 11 100 12 1 1 11 12 1 9 12 1 10 12 1 100 1 10 11 12 1 1 10 12 1 10 12 10 12 1 10 12 1 8 1 10 12 1 1 1 1 1 1 1 1 1 1 1 1 1 1 100 1 1 1 1 1 1 1 1 1 1 1 1 1 1 1 1 1 1 1 1 1 1 1 1 1 1 1 1 1 1 1 1 1 1 1 1 1 1 1 1 1 1 1 1 1 1 1 1 1 1 1 1 1 1 1 1 1 1 1 1 1 1 1 1 1 1 1 1 1 1 1 1 1 1 1 1 1 1 1 1 1 1 1 1 1 1 1 1 1 1 1 1 1 100 1 1 1 1 1 1 1 1 1 1 1 1 1 1 100 1 1 100 1 1 1 100 1 1
ciInstanceKlass com/google/protobuf/UninitializedMessageException 0 0 98 8 1 10 100 12 1 1 1 9 100 12 1 1 1 10 12 1 1 10 100 12 1 1 1 100 1 10 12 1 1 10 100 1 8 1 10 11 100 12 1 1 1 11 100 12 1 1 1 11 12 1 1 100 1 8 1 10 12 1 1 10 12 1 1 1 1 5 0 1 1 1 1 1 1 1 1 1 1 1 1 1 1 1 1 1 1 1 1 1 1 1 1 1 1 1 1 1
instanceKlass com/google/protobuf/AbstractMessage$Builder
ciInstanceKlass com/google/protobuf/AbstractMessageLite$Builder 1 1 358 10 7 12 1 1 1 10 100 12 1 1 1 10 7 12 1 1 1 10 100 12 1 1 1 10 12 1 10 100 12 1 1 1 100 1 100 1 100 1 8 1 10 12 1 1 10 12 1 10 12 1 10 12 1 1 8 1 10 12 1 10 12 1 10 100 12 1 1 1 10 12 1 1 100 1 10 12 1 10 12 1 10 12 1 1 10 12 1 1 11 100 12 1 1 1 10 100 12 1 1 1 100 1 8 1 10 12 1 100 1 10 12 1 1 100 1 10 8 1 10 12 1 1 10 10 12 1 1 8 1 8 1 10 12 1 7 1 11 12 1 7 1 11 7 1 10 12 1 7 1 10 7 1 11 12 1 1 10 12 1 1 11 12 1 11 100 12 1 1 1 11 100 12 1 1 1 11 12 1 1 8 1 10 12 1 8 1 11 12 1 100 1 10 100 1 10 12 1 10 12 1 1 10 7 12 1 1 1 7 1 11 12 1 1 11 11 11 11 12 1 100 1 10 12 1 1 100 1 11 7 1 11 12 1 10 12 1 10 12 1 1 10 12 1 10 12 1 10 12 1 10 12 1 10 12 1 10 12 1 100 1 1 1 1 1 1 1 1 1 1 1 1 1 1 1 1 1 1 1 1 1 1 1 1 1 1 1 1 1 1 1 1 1 1 1 1 1 1 1 1 1 1 1 1 1 1 1 1 1 1 1 1 1 1 1 1 1 1 1 1 1 1 1 1 1 1 1 1 1 1 1 1 1 1 1 1 1 100 1 1 1 1 1 1 1 1 1 1 1 1 1 1 1 1 1 1 1
instanceKlass com/google/protobuf/GeneratedMessage$Builder
ciInstanceKlass com/google/protobuf/AbstractMessage$Builder 1 1 490 10 7 12 1 1 1 100 1 8 1 10 12 1 8 1 8 1 8 1 10 100 12 1 1 1 11 100 12 1 1 1 11 100 12 1 1 1 11 100 12 1 1 1 11 12 1 1 100 1 11 12 1 100 1 10 12 1 1 10 100 12 1 1 1 10 12 1 1 10 12 1 1 100 1 10 12 1 1 11 10 12 1 11 12 1 1 10 100 1 8 1 10 10 12 1 11 12 1 100 1 11 10 12 1 1 10 12 1 1 9 100 12 1 1 1 10 12 1 1 11 12 1 1 10 12 1 11 12 1 1 11 100 12 1 1 11 12 1 11 12 1 1 10 12 1 1 10 100 12 1 1 1 10 12 1 10 100 12 1 1 10 12 1 1 10 12 1 1 10 12 1 1 10 10 100 12 1 1 1 10 100 12 1 10 12 1 1 10 12 8 1 8 1 10 100 12 1 1 1 10 100 12 1 1 1 100 1 10 12 1 100 1 8 1 10 10 12 1 10 12 1 10 12 1 10 12 1 10 12 1 10 12 1 10 12 1 10 12 1 10 12 1 1 10 12 1 10 12 1 10 12 1 10 12 1 10 12 1 10 12 1 10 12 1 10 12 1 10 12 1 10 12 1 1 10 12 1 10 12 1 10 12 1 1 1 1 1 1 1 1 1 1 1 1 1 1 1 1 1 1 1 1 1 1 1 1 1 1 1 1 1 1 1 1 1 1 1 1 1 1 1 1 1 1 1 100 1 1 1 1 1 1 1 1 1 1 1 1 1 1 1 1 1 1 1 1 1 1 1 1 1 100 1 1 1 1 1 1 1 1 1 1 1 1 1 1 1 1 1 1 1 1 1 1 1 1 1 1 1 1 1 100 1 1 1 1 1 1 1 1 1 1 1 1 1 1 1 1 100 1 1 100 1 1 100 1 1 100 1 1 1 1 100 1 1 100 1 100 1 1 100 1 8 1 1 12 10 1 1 1 8 1 1 8 1 1 1 8 1 1 1 8 1 1 1 8 1 1 1 8 1 1 1 8 1 1 8 1 1 8 1 1 1 8 1 1 1 8 1 1 1 8 1 1 8 1 1 1 8 1 1 1 8 1 1 1 8 1 1
instanceKlass org/sonar/python/types/protobuf/DescriptorsProtos$DescriptorList$Builder
instanceKlass org/sonar/python/types/protobuf/DescriptorsProtos$VarDescriptor$Builder
instanceKlass org/sonar/python/types/protobuf/DescriptorsProtos$ParameterDescriptor$Builder
instanceKlass org/sonar/python/types/protobuf/DescriptorsProtos$LocationInFile$Builder
instanceKlass org/sonar/python/types/protobuf/DescriptorsProtos$FunctionDescriptor$Builder
instanceKlass org/sonar/python/types/protobuf/DescriptorsProtos$ModuleDescriptor$Builder
instanceKlass com/google/protobuf/JavaFeaturesProto$JavaFeatures$Builder
instanceKlass com/google/protobuf/DescriptorProtos$FeatureSetDefaults$FeatureSetEditionDefault$Builder
instanceKlass com/google/protobuf/DescriptorProtos$FeatureSetDefaults$Builder
instanceKlass com/google/protobuf/DescriptorProtos$EnumDescriptorProto$EnumReservedRange$Builder
instanceKlass com/google/protobuf/DescriptorProtos$FieldOptions$FeatureSupport$Builder
instanceKlass com/google/protobuf/DescriptorProtos$FieldOptions$EditionDefault$Builder
instanceKlass com/google/protobuf/DescriptorProtos$DescriptorProto$ReservedRange$Builder
instanceKlass com/google/protobuf/DescriptorProtos$DescriptorProto$ExtensionRange$Builder
instanceKlass com/google/protobuf/GeneratedMessage$ExtendableBuilder
instanceKlass com/google/protobuf/DescriptorProtos$EnumValueDescriptorProto$Builder
instanceKlass com/google/protobuf/DescriptorProtos$EnumDescriptorProto$Builder
instanceKlass com/google/protobuf/DescriptorProtos$OneofDescriptorProto$Builder
instanceKlass com/google/protobuf/DescriptorProtos$FieldDescriptorProto$Builder
instanceKlass com/google/protobuf/DescriptorProtos$DescriptorProto$Builder
instanceKlass com/google/protobuf/DescriptorProtos$FileDescriptorProto$Builder
instanceKlass org/sonar/python/types/protobuf/SymbolsProtos$VarSymbol$Builder
instanceKlass org/sonar/python/types/protobuf/SymbolsProtos$OverloadedFunctionSymbol$Builder
instanceKlass org/sonar/python/types/protobuf/SymbolsProtos$ParameterSymbol$Builder
instanceKlass org/sonar/python/types/protobuf/SymbolsProtos$Type$Builder
instanceKlass org/sonar/python/types/protobuf/SymbolsProtos$FunctionSymbol$Builder
instanceKlass org/sonar/python/types/protobuf/SymbolsProtos$ClassSymbol$Builder
instanceKlass org/sonar/python/types/protobuf/SymbolsProtos$ModuleSymbol$Builder
ciInstanceKlass com/google/protobuf/GeneratedMessage$Builder 1 1 499 10 7 12 1 1 1 10 7 12 1 1 1 10 7 12 1 1 1 9 12 1 1 9 12 1 1 10 12 1 9 12 1 1 10 12 1 1 11 100 12 1 1 1 10 12 1 10 12 1 1 10 12 1 10 12 1 1 10 100 12 1 1 1 10 100 12 1 1 1 100 1 10 10 100 12 1 1 1 11 100 12 1 1 1 11 12 1 1 100 1 10 12 1 1 10 100 12 1 1 10 12 1 1 10 12 1 1 10 12 1 1 10 12 1 1 11 12 1 10 12 1 1 10 12 1 1 10 12 1 1 11 100 12 1 1 11 12 1 1 11 12 1 1 10 12 1 1 11 100 12 1 1 1 11 12 1 11 11 12 1 10 12 1 1 11 12 1 1 11 12 1 1 11 11 12 1 1 11 12 1 1 11 12 1 1 11 12 1 10 12 1 1 10 12 1 1 10 12 1 1 10 7 12 1 1 10 12 1 1 11 12 1 1 11 100 12 1 1 11 12 1 1 10 12 1 10 12 1 1 9 100 12 1 1 1 11 12 1 10 12 10 100 12 1 1 10 12 1 1 10 12 1 1 10 12 1 1 10 12 1 1 10 12 1 9 12 1 1 7 1 10 12 1 11 7 12 1 1 10 12 1 1 100 1 100 1 10 8 1 10 12 1 1 10 100 12 1 1 1 10 100 12 1 1 1 10 12 1 10 12 1 10 12 1 10 12 1 10 12 1 10 12 1 1 10 12 1 10 12 1 10 12 1 1 10 12 1 1 10 12 1 1 10 12 1 1 1 1 1 1 1 1 1 1 1 1 1 1 1 1 1 1 1 1 1 1 1 1 1 1 1 1 1 1 1 1 1 1 1 1 1 1 1 1 1 1 1 1 1 1 1 1 1 1 1 1 1 1 1 1 1 1 1 1 1 1 1 1 1 1 1 1 1 1 1 100 1 1 1 1 1 1 1 1 1 1 1 1 1 1 1 1 1 1 1 1 1 1 1 1 1 1 1 1 1 100 1 1 1 1 1 1 1 1 100 1 1 100 1 1 100 1 1 100 1 1 1 1 1 1 1 1 100 1 100 1 100 1 100 1 100 1 1 100 1 8 1 1 12 10 1 1 1 8 1 1 8 1
ciInstanceKlass com/google/protobuf/AbstractMessage$BuilderParent 1 0 13 100 1 100 1 1 1 1 1 1 100 1 1
ciInstanceKlass org/sonar/python/types/protobuf/SymbolsProtos$FunctionSymbolOrBuilder 1 0 127 100 1 100 1 100 1 1 1 1 1 1 1 1 1 1 1 1 1 1 1 1 1 1 1 1 1 1 1 1 1 1 1 1 1 1 1 1 1 1 1 1 1 1 1 1 1 1 1 1 1 1 1 100 1 1 1 100 1 1 100 1 1 100 1 1 100 1 1 1 100 1 8 1 1 12 10 1 1 1 8 1 1 1 8 1 1 1 8 1 1 1 8 1 1 1 8 1 1 1 8 1 1 1 8 1 1 1 8 1 1 1 8 1 1 1 8 1 1 1 8 1 1 1 8 1 1
ciInstanceKlass org/sonar/python/types/protobuf/SymbolsProtos$FunctionSymbol 1 1 543 10 7 12 1 1 1 9 12 1 1 10 7 12 1 1 1 8 1 9 12 1 1 9 12 1 9 12 1 10 7 12 1 1 1 9 12 1 1 9 12 1 9 12 1 9 12 1 9 12 1 9 12 1 9 12 1 9 12 1 9 12 1 9 12 1 1 10 12 1 10 7 12 1 1 9 12 1 1 9 7 12 1 1 1 9 12 1 1 7 1 10 100 12 1 1 1 7 1 100 1 10 12 1 1 10 12 1 1 9 12 1 1 9 12 1 1 10 7 12 1 1 1 11 7 12 1 1 1 11 12 1 1 100 1 100 1 10 10 12 1 10 12 1 1 10 12 1 1 10 12 1 1 10 12 1 10 100 12 1 1 1 100 1 10 12 1 1 10 12 1 10 12 1 1 10 7 12 1 1 1 9 12 1 10 12 1 1 10 12 1 1 10 12 1 1 10 12 1 1 10 12 1 1 11 7 1 10 12 1 10 12 1 10 12 1 10 12 1 10 10 12 1 10 12 1 1 10 10 12 1 11 10 12 1 11 10 12 1 10 12 1 10 12 1 10 12 1 10 12 1 10 12 1 10 12 1 10 9 12 1 10 12 1 1 10 7 12 1 1 10 10 10 12 1 11 10 7 12 1 1 1 10 12 1 11 10 12 1 10 9 12 1 1 11 100 12 1 1 1 11 12 1 11 12 1 11 12 1 11 12 1 11 12 1 10 12 1 1 10 12 1 10 12 1 10 12 10 12 1 10 12 1 10 12 1 1 9 12 1 1 10 12 1 10 12 1 1 10 10 12 1 10 12 1 1 10 12 10 12 1 1 9 7 12 1 1 1 10 7 1 10 7 12 1 1 1 10 7 1 10 100 1 1 1 1 5 0 1 3 1 3 1 3 1 3 1 1 1 3 1 3 1 3 1 3 1 3 1 3 1 3 1 3 1 3 1 3 1 1 1 1 1 1 1 1 1 1 1 1 1 1 1 1 1 1 1 1 1 1 1 1 100 1 1 1 1 1 1 1 1 1 1 1 1 1 1 1 1 1 1 100 1 1 1 1 1 1 1 1 100 1 1 1 1 1 1 1 1 1 1 1 1 1 1 1 1 1 1 1 1 1 1 1 1 1 1 1 1 1 1 1 1 1 1 1 100 1 1 1 1 1 1 1 1 1 1 100 1 1 100 1 100 1 1 1 1 1 1 100 1 100 1 1 1 1 1 100 1 100 1 100 1
staticfield org/sonar/python/types/protobuf/SymbolsProtos$FunctionSymbol DEFAULT_INSTANCE Lorg/sonar/python/types/protobuf/SymbolsProtos$FunctionSymbol; org/sonar/python/types/protobuf/SymbolsProtos$FunctionSymbol
staticfield org/sonar/python/types/protobuf/SymbolsProtos$FunctionSymbol PARSER Lcom/google/protobuf/Parser; org/sonar/python/types/protobuf/SymbolsProtos$FunctionSymbol$1
ciInstanceKlass com/google/protobuf/WireFormat 1 1 190 7 1 10 100 12 1 1 1 10 100 12 1 1 1 10 100 12 1 1 1 10 100 12 1 1 1 10 12 1 1 10 100 12 1 1 10 12 1 1 10 100 12 1 1 10 12 1 10 12 1 10 100 12 1 1 10 12 1 10 12 1 10 12 1 1 10 100 12 1 1 10 12 1 1 10 12 1 10 12 1 10 12 1 10 12 1 10 12 1 10 100 12 1 1 1 100 1 8 1 10 12 1 8 1 8 1 100 1 8 1 10 10 12 1 1 9 12 1 1 9 12 1 9 12 1 9 12 1 1 1 3 1 3 1 3 1 3 1 1 3 1 3 1 3 1 3 1 1 1 1 3 1 1 1 1 1 1 1 1 1 1 1 1 1 1 1 1 1 1 1 1 1 1 1 1 1 100 1 1 1 1 1 1 1 100 1 100 1 1
staticfield com/google/protobuf/WireFormat MESSAGE_SET_ITEM_TAG I 11
staticfield com/google/protobuf/WireFormat MESSAGE_SET_ITEM_END_TAG I 12
staticfield com/google/protobuf/WireFormat MESSAGE_SET_TYPE_ID_TAG I 16
staticfield com/google/protobuf/WireFormat MESSAGE_SET_MESSAGE_TAG I 26
ciInstanceKlass com/google/protobuf/Utf8 1 1 222 100 1 10 7 12 1 1 1 10 12 1 10 12 1 10 12 1 1 10 12 1 10 12 1 9 12 1 1 10 7 12 1 1 1 10 12 1 1 100 1 10 12 1 1 10 100 12 1 1 1 10 7 12 1 1 1 10 12 1 1 10 12 1 1 100 1 100 1 10 8 1 10 12 1 1 5 0 10 12 1 10 12 1 1 10 12 1 3 3 10 12 1 1 3 100 1 10 12 1 10 12 1 1 10 12 1 10 12 1 10 12 1 10 12 1 10 12 1 1 10 12 1 10 12 1 10 12 1 1 5 0 10 100 1 10 7 12 1 1 1 10 7 12 1 1 10 100 1 10 1 1 1 1 1 3 1 3 1 3 1 3 1 1 1 1 1 1 1 1 1 1 1 1 1 1 1 1 1 1 1 1 1 1 1 1 1 1 1 1 1 1 1 1 1 1 100 1 1 1 1 1 1 1 1 1 1 1 1 1 1 1 1 1 1 1 1 1 1 100 1 1
staticfield com/google/protobuf/Utf8 processor Lcom/google/protobuf/Utf8$Processor; com/google/protobuf/Utf8$UnsafeProcessor
instanceKlass com/google/protobuf/Utf8$SafeProcessor
instanceKlass com/google/protobuf/Utf8$UnsafeProcessor
ciInstanceKlass com/google/protobuf/Utf8$Processor 1 1 261 100 1 100 1 10 7 12 1 1 1 10 7 12 1 1 1 10 12 1 10 100 12 1 1 1 10 12 1 1 10 12 1 1 10 12 1 10 12 1 10 12 1 10 12 1 1 10 12 1 1 10 12 1 1 10 12 1 10 12 1 10 12 1 1 10 12 1 1 10 12 1 1 10 12 1 10 12 1 100 1 8 1 10 100 12 1 1 1 10 100 12 1 1 1 10 12 1 10 100 12 1 1 1 10 12 1 1 10 12 1 10 100 12 1 1 1 10 12 1 1 10 12 1 10 12 1 1 10 12 1 1 10 12 1 10 12 1 10 12 1 10 12 1 1 10 100 12 1 1 10 12 1 1 10 12 1 10 12 1 10 12 1 1 10 12 1 1 3 3 10 12 1 1 100 1 10 12 1 10 12 1 1 100 1 10 100 12 1 1 100 1 10 8 1 10 12 1 1 10 12 1 8 1 10 12 1 10 12 1 1 1 1 1 1 1 1 1 1 1 1 1 1 1 1 1 1 1 1 1 1 1 1 1 1 1 1 1 1 100 1 1 1 1 1 1 1 1 1 1 1 1 1 1 1 1 1 1 1 1 1
ciInstanceKlass com/google/protobuf/Utf8$UnsafeProcessor 1 1 310 100 1 100 1 10 7 12 1 1 1 10 7 12 1 1 1 10 12 1 100 1 8 1 100 1 10 100 12 1 1 1 10 7 12 1 1 1 10 12 1 10 12 1 1 10 12 1 1 10 12 1 1 10 7 12 1 1 1 10 100 12 1 1 1 8 1 10 12 1 1 10 12 1 10 12 1 9 7 12 1 1 1 10 12 1 3 10 12 1 1 10 12 1 1 10 100 12 1 1 1 10 12 1 1 10 100 12 1 1 1 10 100 12 1 1 1 10 12 1 1 10 12 1 10 12 1 1 10 12 1 10 12 1 1 5 0 10 12 1 1 10 12 1 10 12 1 100 1 10 8 1 10 12 1 1 10 12 1 1 10 12 1 8 1 10 12 1 10 12 1 1 10 12 1 1 3 3 5 0 5 0 10 12 1 1 100 1 10 12 1 10 12 1 1 10 12 1 10 12 1 10 12 1 10 100 12 1 1 9 12 1 1 10 12 1 1 5 0 5 0 5 0 10 12 1 10 12 1 10 12 1 1 10 12 10 12 1 10 12 1 100 1 10 1 1 1 1 1 1 1 1 1 1 1 1 1 1 1 1 1 1 1 1 1 1 1 1 1 1 1 1 1 1 1 1 1 1 1 1 1 1 100 1 1 1 1 1 1 1 1 1 1 1 1 1 1 1 1 1 1 1 1 1 1 1 1 1 1 1
ciInstanceKlass com/google/protobuf/ProtocolStringList 1 0 100 100 1 100 1 100 1 1 1 1 1 1 1 1 1 100 1 8 1 1 12 10 1 1 1 8 1 1 8 1 1 1 8 1 1 8 1 1 1 8 1 1 1 8 1 1 8 1 1 1 8 1 1 8 1 1 8 1 1 1 8 1 1 1 8 1 1 8 1 1 1 8 1 1 8 1 1 1 8 1 1 8 1 1 1 8 1 1 8 1 1 8 1 1 1 8 1 1 8 1
ciInstanceKlass com/google/protobuf/LazyStringList 1 0 131 100 1 100 1 100 1 1 1 1 1 1 1 1 1 1 1 1 1 1 1 1 1 1 1 1 1 1 1 1 1 1 1 1 1 1 1 1 1 1 1 1 100 1 8 1 1 12 10 1 1 1 8 1 1 1 8 1 1 1 8 1 1 1 8 1 1 1 8 1 1 1 8 1 1 8 1 1 1 8 1 1 8 1 1 8 1 1 1 8 1 1 8 1 1 8 1 1 8 1 1 8 1 1 8 1 1 1 8 1 1 8 1 1 8 1 1 1 8 1 1 8 1 1 1 8 1 1 1 8 1
instanceKlass com/google/protobuf/ProtobufArrayList
instanceKlass com/google/protobuf/IntArrayList
instanceKlass com/google/protobuf/LazyStringArrayList
ciInstanceKlass com/google/protobuf/AbstractProtobufList 1 1 137 10 7 12 1 1 1 10 7 12 1 1 9 12 1 1 100 1 100 1 10 12 1 1 10 12 1 1 11 10 12 1 1 11 10 7 1 10 12 1 10 12 1 10 12 1 10 12 1 10 12 1 1 10 12 1 10 12 1 10 12 1 10 12 1 1 10 10 12 1 10 12 1 10 12 1 1 100 1 10 100 1 1 1 1 3 1 1 1 1 1 1 1 1 1 1 1 1 1 1 1 1 1 1 1 1 1 1 1 1 1 1 1 1 1 1 1 1 1 1 1 1 1 1 100 1 1 1 100 1 8 1 1 12 10 1 1
ciInstanceKlass com/google/protobuf/LazyStringArrayList 1 1 329 10 7 12 1 1 1 10 12 1 1 10 12 1 1 10 12 1 10 12 1 1 10 12 1 9 12 1 1 7 1 10 12 1 1 10 12 1 10 7 12 1 1 1 9 12 1 1 7 1 10 10 12 1 10 12 1 11 7 12 1 1 1 10 12 1 1 10 12 1 10 100 1 10 10 11 7 12 1 1 1 7 1 100 1 10 12 1 1 10 12 1 1 11 12 1 1 100 1 10 100 12 1 1 10 12 1 11 10 12 1 10 12 1 1 11 12 1 9 12 1 1 11 12 1 10 12 1 11 12 1 11 11 11 12 1 11 12 1 10 12 1 1 10 12 1 1 10 12 1 1 10 12 1 10 12 1 1 11 12 1 1 11 100 12 1 1 11 12 1 1 10 100 12 1 1 1 100 1 10 12 1 100 1 10 10 12 1 100 1 10 12 1 10 12 1 10 12 1 10 12 1 10 12 10 12 1 10 10 12 1 10 12 1 10 12 1 10 12 1 10 12 1 1 10 12 10 9 12 1 1 100 1 1 1 1 1 1 1 1 1 1 1 1 1 1 1 1 1 1 1 1 1 1 1 1 1 1 1 1 1 1 1 1 1 1 100 1 1 1 1 1 1 1 1 1 1 1 1 1 100 1 1 1 1 1 1 1 1 1 1 1 1 1 1 1 1 1 1 1 1 1 1 1 1 1 1 1 1 1 1 1 1 1 1 1 1 1 1 1 1 1 1 1 1 1 100 1 1
staticfield com/google/protobuf/LazyStringArrayList EMPTY_LIST Lcom/google/protobuf/LazyStringArrayList; com/google/protobuf/LazyStringArrayList
staticfield com/google/protobuf/LazyStringArrayList EMPTY Lcom/google/protobuf/LazyStringList; com/google/protobuf/LazyStringArrayList
ciInstanceKlass org/sonar/python/types/protobuf/SymbolsProtos$TypeOrBuilder 1 0 102 100 1 100 1 100 1 1 1 1 1 1 1 1 1 1 1 1 1 1 1 1 1 1 1 1 1 1 1 1 1 1 1 1 100 1 1 1 100 1 1 100 1 1 1 100 1 8 1 1 12 10 1 1 1 8 1 1 1 8 1 1 1 8 1 1 1 8 1 1 1 8 1 1 1 8 1 1 1 8 1 1 1 8 1 1 1 8 1 1 1 8 1 1 1 8 1 1 1 8 1 1
ciInstanceKlass org/sonar/python/types/protobuf/SymbolsProtos$FunctionSymbol$1 1 1 80 10 7 12 1 1 1 10 7 12 1 1 1 10 7 12 1 1 1 100 1 10 12 1 1 10 12 1 1 100 1 10 12 1 1 100 1 10 12 1 10 7 12 1 1 1 1 1 1 1 1 1 1 1 1 1 1 1 1 1 1 1 100 1 100 1 1 1 1 1 1 1 1 1 1 100 1 1 1 1
ciInstanceKlass org/sonar/python/types/protobuf/SymbolsProtos$FunctionSymbol$Builder 1 1 709 9 7 12 1 1 1 9 12 1 1 7 1 7 1 10 100 12 1 1 1 10 7 12 1 1 1 8 1 9 12 1 1 9 12 1 10 7 12 1 1 1 9 12 1 1 10 7 12 1 1 9 12 1 1 9 12 1 10 12 1 10 12 1 10 12 1 1 10 12 1 1 10 12 1 1 10 12 1 1 9 12 1 1 9 12 1 1 9 12 1 1 10 7 12 1 1 9 12 1 1 10 100 12 1 9 12 1 1 9 12 1 9 12 1 9 12 1 9 12 1 9 12 1 9 12 1 9 12 1 10 12 1 1 10 12 1 10 12 1 10 12 1 1 10 12 1 10 12 1 1 10 12 1 10 12 1 10 12 1 1 9 10 12 1 9 9 10 12 1 7 1 9 9 10 12 1 9 9 9 9 9 9 9 9 9 9 10 12 1 1 10 12 1 10 12 1 1 10 100 12 1 1 10 12 1 10 12 1 10 12 1 10 12 1 1 10 12 1 1 11 7 1 10 12 1 11 12 1 1 10 10 10 12 1 10 12 1 1 10 12 1 10 12 1 1 10 10 12 1 10 10 12 1 10 12 1 10 12 1 10 12 1 10 12 1 10 12 1 10 12 1 10 12 1 10 12 1 10 12 1 10 12 1 10 12 1 10 12 1 10 12 1 10 12 1 10 12 1 1 10 12 1 1 100 1 10 10 7 12 1 1 1 10 12 1 10 12 1 10 12 1 1 10 7 12 1 1 1 10 12 1 11 12 1 1 10 12 1 1 10 12 1 10 12 1 10 12 1 1 100 1 10 12 1 1 100 1 10 12 1 10 12 1 1 10 12 1 1 10 12 1 10 12 10 12 1 10 12 1 1 10 100 12 1 10 12 1 1 10 12 1 10 12 10 12 1 1 100 1 10 10 12 1 1 10 12 1 10 12 1 7 1 10 12 1 10 12 1 11 12 1 10 12 1 11 12 1 1 10 12 1 11 12 1 1 10 12 1 10 100 12 1 1 11 12 1 10 12 10 100 12 1 1 11 12 1 10 12 1 10 12 1 100 1 10 12 1 10 12 1 10 12 10 12 1 1 10 12 1 10 12 1 10 12 1 10 12 1 10 12 1 10 10 12 1 10 12 1 1 10 12 1 10 12 1 10 12 10 12 1 10 12 1 10 12 1 10 12 1 10 12 10 12 1 10 12 1 1 10 12 1 100 1 1 1 1 1 1 1 1 1 1 1 1 1 1 1 1 1 1 1 1 1 1 1 1 1 1 1 1 1 1 1 1 1 1 1 1 100 1 1 100 1 1 1 1 100 1 1 1 1 1 1 1 1 1 1 1 1 1 1 1 1 1 1 1 1 1 1 1 1 1 1 1 1 1 1 1 1 1 1 1 1 1 1 1 1 1 1 1 1 1 1 1 1 1 1 1 1 1 1 1 1 1 1 1 1 1 1 1 1 1 1 1 1 1 1 1 1 1 1 1 1 1 1 1 1 1 1 1 1 1 1 1 1 1 1 1 1 1 1 1 1 1 1 1 100 1 100 1 1 100 1 1 1 1 100 1 100 1 1 1 100 1 100 1 100 1 1 1 100 1 1 1 100 1 100 1
ciInstanceKlass org/sonar/python/types/protobuf/SymbolsProtos$ParameterSymbolOrBuilder 1 0 97 100 1 100 1 100 1 1 1 1 1 1 1 1 1 1 1 1 1 1 1 1 1 1 1 1 100 1 1 1 100 1 1 100 1 1 100 1 1 1 100 1 8 1 1 12 10 1 1 1 8 1 1 1 8 1 1 1 8 1 1 1 8 1 1 1 8 1 1 1 8 1 1 1 8 1 1 1 8 1 1 1 8 1 1 1 8 1 1 1 8 1 1 1 8 1 1
ciInstanceKlass org/sonar/python/types/protobuf/SymbolsProtos$ParameterSymbol 1 1 410 10 7 12 1 1 1 9 12 1 1 10 7 12 1 1 1 8 1 9 12 1 1 9 12 1 1 9 12 1 9 12 1 1 10 12 1 9 7 12 1 1 1 9 12 1 1 7 1 10 100 12 1 1 1 9 12 1 7 1 100 1 10 12 1 1 10 12 1 1 10 7 12 1 1 1 9 12 1 1 9 12 1 1 10 7 12 1 1 1 10 12 1 1 9 12 1 10 12 1 1 10 100 12 1 1 1 10 12 1 10 12 1 1 10 12 1 1 10 12 1 1 10 7 12 1 1 1 9 12 1 10 12 1 1 10 12 1 1 10 12 1 1 10 12 1 1 10 12 1 10 12 1 1 10 12 1 1 10 12 1 10 10 12 1 10 10 12 1 10 9 12 1 10 12 1 1 10 7 12 1 1 10 10 10 7 12 1 1 1 10 9 12 1 1 11 100 12 1 1 1 11 12 1 11 12 1 11 12 1 11 12 1 11 12 1 10 12 1 1 10 12 1 10 12 1 10 12 10 12 1 10 12 1 10 12 1 1 9 12 1 1 10 12 1 10 12 1 1 10 10 12 1 10 12 1 1 10 12 10 12 1 1 9 7 12 1 1 1 10 7 1 10 7 12 1 1 1 10 7 1 10 100 1 1 1 1 5 0 1 3 1 3 1 3 1 3 1 1 1 1 1 1 1 1 1 1 1 1 1 1 1 1 1 1 1 1 1 1 1 1 1 1 1 1 100 1 1 1 1 1 100 1 1 1 1 1 1 1 1 100 1 1 1 1 1 1 1 1 1 1 1 1 1 1 1 1 1 1 1 1 1 1 1 1 1 1 1 1 1 1 1 1 1 1 100 1 1 1 1 1 1 1 100 1 1 100 1 100 1 1 1 1 1 100 1 100 1 1 1 1 1 100 1 100 1 100 1 100 1
staticfield org/sonar/python/types/protobuf/SymbolsProtos$ParameterSymbol DEFAULT_INSTANCE Lorg/sonar/python/types/protobuf/SymbolsProtos$ParameterSymbol; org/sonar/python/types/protobuf/SymbolsProtos$ParameterSymbol
staticfield org/sonar/python/types/protobuf/SymbolsProtos$ParameterSymbol PARSER Lcom/google/protobuf/Parser; org/sonar/python/types/protobuf/SymbolsProtos$ParameterSymbol$1
ciInstanceKlass org/sonar/python/types/protobuf/SymbolsProtos$Type 1 1 438 10 7 12 1 1 1 9 12 1 1 10 7 12 1 1 1 8 1 9 12 1 1 9 12 1 1 9 12 1 9 12 1 9 12 1 1 10 12 1 10 7 12 1 1 1 9 12 1 1 9 7 12 1 1 1 9 12 1 1 7 1 10 100 12 1 1 1 7 1 100 1 10 12 1 1 10 12 1 1 10 7 12 1 1 1 9 12 1 1 11 7 12 1 1 1 11 12 1 1 100 1 9 12 1 10 12 1 1 10 12 1 1 9 12 1 10 12 1 10 100 12 1 1 1 100 1 10 12 1 1 10 12 1 1 10 12 1 1 10 7 12 1 1 1 9 12 1 10 12 1 1 10 12 1 1 10 12 1 1 10 12 1 1 10 12 1 10 12 1 10 12 1 10 10 12 1 11 10 12 1 1 10 12 1 10 12 1 10 9 12 1 10 12 1 1 10 7 12 1 1 10 10 12 1 11 10 7 12 1 1 1 10 9 12 1 1 11 100 12 1 1 1 11 12 1 11 12 1 11 12 1 11 12 1 11 12 1 10 12 1 1 10 12 1 10 12 1 10 12 10 12 1 10 12 1 10 12 1 1 9 12 1 1 10 12 1 10 12 1 1 10 10 12 1 10 12 1 1 10 12 10 12 1 1 9 7 12 1 1 1 10 7 12 1 1 10 7 12 1 1 1 10 7 1 10 1 1 1 5 0 1 3 1 3 1 3 1 1 1 3 1 3 1 1 1 1 1 1 1 1 1 1 1 1 1 1 1 1 1 1 1 1 1 1 1 1 1 1 1 1 1 1 1 1 1 1 1 1 1 1 1 100 1 1 1 1 1 1 1 100 1 1 1 1 1 1 1 1 1 1 1 1 1 1 1 1 1 1 1 1 1 1 1 1 1 1 1 1 1 1 1 1 1 1 1 100 1 1 1 1 1 1 1 1 100 1 1 100 1 100 1 1 1 1 1 100 1 100 1 1 1 100 1 100 1 100 1
staticfield org/sonar/python/types/protobuf/SymbolsProtos$Type DEFAULT_INSTANCE Lorg/sonar/python/types/protobuf/SymbolsProtos$Type; org/sonar/python/types/protobuf/SymbolsProtos$Type
staticfield org/sonar/python/types/protobuf/SymbolsProtos$Type PARSER Lcom/google/protobuf/Parser; org/sonar/python/types/protobuf/SymbolsProtos$Type$1
ciInstanceKlass com/google/protobuf/SingleFieldBuilder 1 1 116 10 7 12 1 1 1 10 7 12 1 1 1 7 1 9 7 12 1 1 1 9 12 1 1 9 12 1 1 9 12 1 1 10 7 12 1 1 1 10 12 1 1 10 12 1 1 10 12 1 1 10 12 1 10 12 1 10 12 1 10 12 1 10 12 1 1 10 11 7 12 1 1 1 1 1 1 1 1 1 1 1 1 1 1 1 1 1 1 1 1 1 1 1 1 1 1 1 1 1 1 100 1 1 1 1 1 1 100 1 1 1 100 1 100 1
ciInstanceKlass com/google/protobuf/GeneratedMessage$Builder$BuilderParentImpl 1 1 48 10 7 12 1 1 1 9 12 1 1 10 7 12 1 1 10 7 12 1 1 100 1 1 1 1 1 1 1 1 1 1 1 1 1 1 1 1 1 100 1 1 1 100 1 1 100 1
ciInstanceKlass org/sonar/python/types/protobuf/SymbolsProtos$Type$Builder 1 1 488 9 7 12 1 1 1 9 12 1 1 7 1 7 1 10 100 12 1 1 1 10 7 12 1 1 1 8 1 9 12 1 1 9 12 1 1 10 7 12 1 1 1 9 12 1 1 9 12 1 10 12 1 10 12 1 1 9 12 1 9 12 1 1 10 100 12 1 9 12 1 1 10 12 1 1 10 12 1 10 12 1 1 10 12 1 1 10 12 1 10 12 1 1 10 12 1 10 12 1 10 12 1 1 9 10 12 1 9 9 9 9 9 10 12 1 1 10 12 1 10 12 1 1 10 100 12 1 1 10 12 1 10 12 1 1 10 12 1 1 11 7 1 10 12 1 11 12 1 1 10 10 12 1 10 12 1 10 12 1 1 10 12 1 1 10 12 1 10 12 1 10 12 1 1 10 12 1 1 10 12 1 1 100 1 10 10 7 12 1 1 10 12 1 10 12 1 10 12 1 1 10 12 1 1 11 12 1 1 10 12 1 1 10 12 1 10 12 1 1 100 1 10 12 1 1 100 1 10 12 1 10 12 1 1 10 12 1 1 10 100 12 1 1 1 9 12 1 1 10 12 1 7 1 10 12 1 10 12 1 11 12 1 10 12 1 11 12 1 1 10 12 1 1 11 12 1 1 10 12 1 1 10 12 11 12 1 10 12 10 100 12 1 1 11 12 1 10 12 1 10 12 1 1 100 1 10 12 1 1 10 12 1 10 12 1 1 10 12 1 10 12 1 10 12 1 1 10 12 1 10 12 1 10 12 1 10 12 1 10 12 1 10 12 1 10 12 1 10 12 1 1 1 1 1 1 1 1 1 1 1 1 1 1 1 1 1 1 1 1 1 1 1 1 1 1 1 1 1 1 1 1 100 1 1 100 1 1 1 1 1 1 100 1 1 1 1 1 1 1 1 1 1 1 1 1 1 1 1 1 1 1 1 1 1 1 1 1 1 1 1 1 1 1 1 1 1 1 1 1 1 1 1 1 1 1 1 1 1 1 1 1 1 1 1 1 1 1 1 1 1 1 1 1 1 1 1 1 1 100 1 100 1 1 100 1 1 1 1 100 1 100 1 1 100 1 1 100 1 1 100 1 100 1 100 1 100 1
ciInstanceKlass org/sonar/python/types/protobuf/SymbolsProtos$ParameterSymbol$1 1 1 80 10 7 12 1 1 1 10 7 12 1 1 1 10 7 12 1 1 1 100 1 10 12 1 1 10 12 1 1 100 1 10 12 1 1 100 1 10 12 1 10 7 12 1 1 1 1 1 1 1 1 1 1 1 1 1 1 1 1 1 1 1 100 1 100 1 1 1 1 1 1 1 1 1 1 100 1 1 1 1
ciInstanceKlass org/sonar/python/types/protobuf/SymbolsProtos$ParameterSymbol$Builder 1 1 391 9 7 12 1 1 1 9 12 1 1 7 1 7 1 10 100 12 1 1 1 10 7 12 1 1 1 8 1 9 12 1 1 9 12 1 1 10 12 1 10 12 1 10 12 1 1 10 12 1 1 10 12 1 1 9 12 1 9 12 1 1 9 12 1 1 10 7 12 1 1 9 12 1 1 10 12 1 1 10 12 1 10 12 1 10 12 1 1 10 12 1 10 12 1 1 10 12 1 9 9 10 12 1 1 7 1 9 9 9 10 12 1 1 10 12 1 10 12 1 10 12 1 10 12 1 1 10 12 1 1 10 12 1 10 12 1 1 10 12 1 1 10 12 1 10 12 1 1 10 12 1 1 10 12 1 1 100 1 10 10 7 12 1 1 10 12 1 1 10 12 1 10 12 1 10 12 1 1 10 12 1 10 12 1 1 100 1 10 12 1 1 100 1 100 1 10 12 1 10 12 1 1 10 12 1 10 12 1 1 10 100 12 1 1 1 9 12 1 1 10 12 1 10 12 10 12 1 10 12 1 1 10 100 12 1 10 12 1 1 10 12 1 10 12 10 12 1 1 100 1 10 10 12 1 1 10 12 1 10 12 1 10 12 1 10 12 1 10 12 1 10 12 10 12 1 100 1 1 1 1 1 1 1 1 1 1 1 1 1 1 1 1 1 1 1 1 1 1 1 1 1 1 1 1 1 1 100 1 1 100 1 1 1 1 1 1 100 1 1 1 1 1 1 1 1 1 1 1 1 1 1 1 1 1 1 1 1 1 1 1 1 1 1 1 1 1 1 1 1 1 1 1 1 1 1 1 1 100 1 100 1 1 100 1 1 1 1 100 1 100 1 1 1 100 1 100 1 100 1 1 1 1 100 1 100 1 100 1 100 1
ciInstanceKlass com/google/protobuf/DescriptorProtos$FileOptions 1 1 726 9 7 12 1 1 1 9 12 1 1 9 12 1 1 9 12 1 9 12 1 9 12 1 9 12 1 9 12 1 9 12 1 9 12 1 1 9 12 1 9 12 1 9 12 1 9 12 1 9 12 1 9 12 1 9 12 1 9 12 1 9 12 1 9 12 1 9 12 1 9 12 1 1 10 12 1 1 10 7 1 8 1 9 12 1 1 10 12 1 10 7 12 1 1 1 10 100 12 1 1 1 10 12 1 1 7 1 10 100 12 1 1 1 100 1 100 1 10 12 1 1 10 12 1 1 10 12 1 1 10 100 12 1 1 1 9 12 1 1 3 3 3 3 3 10 7 12 1 1 1 11 7 12 1 1 1 11 12 1 1 100 1 100 1 10 12 1 10 12 1 10 12 1 10 12 1 10 12 1 1 10 10 12 1 10 12 1 1 10 100 12 1 1 1 10 100 12 1 1 1 10 12 1 1 10 12 1 1 100 1 3 11 100 12 1 1 1 10 12 1 1 10 100 12 1 1 1 9 12 1 10 12 1 1 10 12 1 1 10 12 1 1 10 12 1 1 10 12 1 10 12 1 10 12 1 1 10 12 1 10 12 1 10 10 12 1 10 12 1 10 12 1 10 12 1 10 12 1 10 12 1 10 12 1 10 12 1 10 12 1 10 12 1 10 12 1 10 12 1 10 12 1 10 12 1 10 12 1 10 12 1 10 12 1 10 12 1 10 12 1 10 12 1 10 12 1 10 12 1 10 12 1 10 12 1 10 12 1 10 12 1 10 12 1 10 12 1 10 12 1 10 12 1 10 12 1 10 12 1 10 12 1 10 12 1 10 12 1 10 10 12 1 11 10 10 12 1 1 11 100 1 9 12 1 10 12 1 10 100 12 1 1 10 10 100 12 1 1 1 10 11 10 12 1 1 10 9 12 1 1 11 100 12 1 1 1 11 12 1 11 12 1 11 12 1 11 12 1 11 12 1 10 12 1 1 10 12 1 10 12 1 10 12 10 12 1 10 12 1 10 12 1 1 9 12 1 1 10 12 1 10 12 1 1 10 12 1 10 12 1 10 12 1 1 10 12 1 1 10 12 9 7 12 1 1 1 10 7 12 1 1 10 7 12 1 1 1 10 7 1 10 100 1 1 1 1 5 0 1 3 1 3 1 3 1 3 1 3 1 3 1 3 1 3 1 3 1 3 1 3 1 3 1 3 1 3 1 3 1 3 1 3 1 3 1 3 1 3 1 3 1 1 1 1 1 1 1 1 1 1 1 1 1 1 1 1 1 1 1 1 1 1 1 1 1 1 1 1 1 1 1 1 1 1 1 1 1 1 1 1 100 1 1 1 1 1 1 1 1 1 1 1 1 1 100 1 1 1 1 1 1 1 100 1 1 1 1 1 1 1 1 1 1 1 1 1 1 1 1 1 1 1 1 1 1 1 1 1 1 1 1 1 1 1 1 1 1 1 1 1 1 1 1 1 1 1 1 1 1 1 1 1 1 1 1 1 1 1 1 1 1 1 1 1 1 1 1 1 1 1 1 1 1 1 1 1 1 1 1 1 1 1 1 1 100 1 1 1 100 1 100 1 1 1 1 1 1 1 1 100 1 100 1 100 1 1 1 1 1 100 1 100 1 100 1
staticfield com/google/protobuf/DescriptorProtos$FileOptions DEFAULT_INSTANCE Lcom/google/protobuf/DescriptorProtos$FileOptions; com/google/protobuf/DescriptorProtos$FileOptions
staticfield com/google/protobuf/DescriptorProtos$FileOptions PARSER Lcom/google/protobuf/Parser; com/google/protobuf/DescriptorProtos$FileOptions$1
ciInstanceKlass com/google/protobuf/DescriptorProtos$FileOptions$Builder 1 1 930 10 7 12 1 1 1 10 12 1 10 100 12 1 1 1 10 12 1 1 7 1 10 100 12 1 1 1 10 7 1 8 1 9 12 1 1 9 12 1 9 12 1 1 9 12 1 9 12 1 1 9 12 1 9 12 1 9 12 1 9 12 1 9 12 1 9 12 1 9 12 1 10 7 12 1 1 1 9 12 1 1 10 12 1 10 9 7 12 1 1 10 12 1 1 10 12 1 1 10 12 1 1 9 12 1 9 12 1 9 12 1 9 12 1 9 12 1 9 12 1 9 12 1 9 12 1 9 12 1 1 9 12 1 1 10 100 12 1 1 9 12 1 1 10 100 12 1 3 10 12 1 1 10 12 1 10 12 1 1 10 12 1 1 10 12 1 10 12 1 1 10 12 1 10 12 1 3 10 12 1 1 10 12 1 1 10 12 1 10 12 1 1 10 12 1 10 12 1 1 10 12 1 10 12 1 10 12 1 1 10 12 1 10 12 1 10 12 1 10 12 1 10 12 1 10 12 1 10 12 1 10 12 1 10 12 1 3 10 12 1 3 10 12 1 3 10 12 1 3 10 12 1 3 10 12 1 100 1 10 12 1 1 10 12 1 10 12 1 1 10 12 1 10 12 1 10 12 1 1 10 12 1 10 12 1 10 12 1 10 12 1 10 12 1 10 12 1 1 10 12 1 10 12 1 10 12 1 10 12 1 10 12 1 10 12 1 10 12 1 10 12 1 1 10 12 1 1 10 12 1 10 12 1 10 12 1 10 12 1 10 12 1 10 12 1 10 12 1 10 12 1 10 12 1 10 12 1 10 12 1 10 12 1 10 12 1 10 12 1 10 12 1 10 12 1 10 12 1 10 12 1 10 12 1 10 12 1 10 12 1 10 12 1 10 12 1 10 12 1 10 12 1 10 12 1 10 12 1 10 12 1 10 12 1 10 12 1 10 12 1 10 12 1 10 12 1 1 10 12 1 1 10 12 1 1 11 100 12 1 1 10 12 1 11 12 1 1 10 10 10 12 1 1 10 12 1 1 10 12 1 1 10 12 1 1 10 10 10 10 12 1 1 10 12 1 1 10 100 1 10 12 1 100 1 10 10 7 12 1 1 10 12 1 1 10 12 1 10 7 12 1 1 1 10 12 1 1 10 12 1 10 12 1 1 10 12 1 1 10 12 1 1 10 12 1 11 12 1 1 10 12 1 1 10 12 1 1 100 1 10 12 1 1 100 1 100 1 10 12 1 1 10 12 1 10 12 1 1 10 12 1 10 12 1 9 12 1 1 10 12 1 10 12 1 10 12 1 10 12 1 10 12 1 10 12 1 3 10 12 1 3 10 12 1 3 10 12 1 3 10 12 10 12 1 10 12 1 1 10 100 12 1 10 12 1 1 10 12 1 10 12 3 10 12 1 1 100 1 10 12 1 1 10 12 1 10 12 1 100 1 10 12 1 10 12 1 11 12 1 10 12 1 11 12 1 1 10 12 1 11 12 1 1 10 12 1 10 100 12 1 1 11 12 1 10 12 10 100 12 1 1 11 12 1 10 12 1 10 12 1 100 1 10 12 1 10 12 1 10 12 10 12 1 1 10 12 1 10 12 1 10 12 1 10 12 1 10 12 1 10 12 1 10 12 1 10 12 100 1 1 1 1 1 1 1 1 1 1 1 1 1 1 1 1 1 1 1 1 1 1 1 1 1 1 1 1 1 1 1 1 1 1 1 1 100 1 1 100 1 1 1 1 1 1 100 1 1 1 1 1 1 1 1 1 1 1 1 1 1 1 1 1 1 1 1 1 1 1 1 1 1 1 1 1 1 1 1 1 1 1 1 1 1 1 1 1 1 1 1 1 1 1 1 1 1 1 1 1 1 1 1 1 1 1 1 1 1 1 1 1 1 1 1 1 1 1 1 1 1 1 1 1 1 1 1 1 1 1 1 1 1 1 1 1 1 1 1 1 1 1 1 1 1 1 1 1 1 1 1 1 1 1 1 1 1 1 1 1 1 1 1 1 100 1 100 1 1 100 1 100 1 1 1 1 1 100 1 100 1 1 100 1 1 100 1 1 100 1 100 1 1 100 1 1 1 100 1 100 1
ciInstanceKlass com/google/protobuf/UnknownFieldSet$Builder 1 1 423 10 7 12 1 1 1 10 7 12 1 1 1 7 1 10 9 12 1 1 10 10 100 12 1 1 1 10 12 1 1 100 1 10 100 12 1 1 1 10 12 1 1 10 12 1 1 10 7 12 1 1 1 10 12 1 1 11 100 12 1 1 1 11 100 12 1 1 11 12 1 1 100 1 11 12 1 11 12 1 10 12 1 1 10 12 1 10 12 10 12 10 12 1 100 1 100 1 10 10 12 1 1 8 1 10 12 1 10 12 1 1 10 12 1 10 12 1 1 10 12 1 10 12 1 1 10 12 1 1 10 12 1 1 10 12 1 1 10 12 1 1 10 12 1 1 10 12 1 10 12 1 1 10 12 1 1 10 12 10 100 12 1 1 1 10 12 1 1 10 100 12 1 1 10 12 1 1 10 100 12 1 1 1 10 12 1 10 12 1 1 10 12 1 10 12 1 10 12 1 1 10 100 12 1 1 1 10 12 1 1 10 12 1 1 10 12 1 10 12 1 10 100 12 1 1 1 10 100 12 1 1 1 10 12 1 10 12 1 1 100 1 100 1 8 1 10 12 1 10 12 1 1 8 1 10 12 1 10 100 12 1 1 10 12 1 1 100 1 10 12 1 10 12 1 10 12 1 1 10 12 1 10 12 1 10 12 1 10 12 1 10 12 1 8 1 10 12 10 12 1 10 12 1 10 12 1 10 12 1 10 12 1 10 12 1 10 12 1 10 12 1 10 12 1 100 1 1 1 1 1 1 1 1 1 1 1 1 1 1 1 1 1 1 1 1 1 1 1 1 1 1 1 1 1 1 1 1 1 1 1 1 1 1 1 1 1 1 1 1 1 1 1 1 1 1 1 1 1 1 1 1 1 1 1 1 1 100 1 1 1 1 1 1 1 1 1 1 1 1 1 1 1 1 1 1 1 1 100 1 1 100 1 100 1 100 1 1 100 1 100 1 1
ciMethodData java/lang/Object <init> ()V 2 2644614 orig 80 1 0 0 0 0 0 0 0 0 0 0 0 0 0 0 0 0 0 0 0 0 0 0 0 0 0 0 0 0 0 0 0 0 0 0 0 0 0 0 0 0 0 0 0 0 0 0 0 0 0 0 0 0 0 0 0 0 0 0 0 0 0 0 0 0 0 0 0 0 0 0 0 0 0 0 0 0 0 0 0 data 4 0x0 0x9 0x1 0x0 oops 0 methods 0
ciMethodData java/lang/String isLatin1 ()Z 2 702471 orig 80 0 0 0 0 0 0 0 0 0 0 0 0 0 0 0 0 0 0 0 0 0 0 0 0 0 0 0 0 0 0 0 0 0 0 0 0 0 0 0 0 0 0 0 0 0 0 0 0 0 0 0 0 0 0 0 0 0 0 0 0 0 0 0 0 0 0 0 0 0 0 0 0 0 0 0 0 0 0 0 0 data 18 0x30007 0x0 0x58 0xab808 0xa0007 0xae 0x38 0xab75a 0xe0003 0xab75a 0x18 0x0 0x0 0x0 0x0 0x9 0x1 0x0 oops 0 methods 0
ciMethodData java/util/Objects requireNonNull (Ljava/lang/Object;)Ljava/lang/Object; 2 565009 orig 80 0 0 0 0 0 0 0 0 0 0 0 0 0 0 0 0 0 0 0 0 0 0 0 0 0 0 0 0 0 0 0 0 0 0 0 0 0 0 0 0 0 0 0 0 0 0 0 0 0 0 0 0 0 0 0 0 0 0 0 0 0 0 0 0 0 0 0 0 0 0 0 0 0 0 0 0 0 0 0 0 data 15 0x10007 0x89f12 0x30 0x0 0x80002 0x0 0x0 0x0 0x0 0x0 0x0 0x0 0x9 0x1 0x0 oops 0 methods 0
ciMethodData java/lang/String coder ()B 2 700158 orig 80 0 0 0 0 0 0 0 0 0 0 0 0 0 0 0 0 0 0 0 0 0 0 0 0 0 0 0 0 0 0 0 0 0 0 0 0 0 0 0 0 0 0 0 0 0 0 0 0 0 0 0 0 0 0 0 0 0 0 0 0 0 0 0 0 0 0 0 0 0 0 0 0 0 0 0 0 0 0 0 0 data 14 0x30007 0x0 0x38 0xaaeff 0xa0003 0xaaeff 0x18 0x0 0x0 0x0 0x0 0x9 0x1 0x0 oops 0 methods 0
ciMethodData java/lang/String length ()I 2 516896 orig 80 0 0 0 0 0 0 0 0 0 0 0 0 60 1 0 0 0 0 0 0 0 0 0 0 0 0 0 0 0 0 0 0 0 0 0 0 0 0 0 0 0 0 0 0 0 0 0 0 0 0 0 0 0 0 0 0 0 0 0 0 0 0 0 0 0 0 0 0 0 0 0 0 0 0 0 0 0 0 0 0 data 16 0x60005 0x7e320 0x0 0x0 0x0 0x0 0x0 0x0 0x0 0x0 0x0 0x0 0x0 0x9 0x1 0xffffffffffffffff oops 0 methods 0
ciMethodData java/util/AbstractCollection <init> ()V 2 374331 orig 80 0 0 0 0 0 0 0 0 0 0 0 0 0 0 0 0 0 0 0 0 0 0 0 0 0 0 0 0 0 0 0 0 0 0 0 0 0 0 0 0 0 0 0 0 0 0 0 0 0 0 0 0 0 0 0 0 0 0 0 0 0 0 0 0 0 0 0 0 0 0 0 0 0 0 0 0 0 0 0 0 data 7 0x10002 0x5b63c 0x0 0x0 0x9 0x1 0x0 oops 0 methods 0
ciMethodData java/lang/StringLatin1 canEncode (I)Z 2 21023 orig 80 0 0 0 0 0 0 0 0 0 0 0 0 60 1 0 0 0 0 0 0 0 0 0 0 0 0 0 0 0 0 0 0 0 0 0 0 0 0 0 0 2 0 0 0 0 0 0 0 0 0 0 0 0 0 0 0 0 0 0 0 0 0 0 0 0 0 0 0 0 0 0 0 0 0 0 0 0 0 0 0 data 15 0x8000000300010007 0x0 0x58 0x5221 0x80007 0x18e 0x38 0x5093 0xc0003 0x5093 0x18 0x0 0x9 0x1 0x0 oops 0 methods 0
ciMethodData java/lang/String indexOf (I)I 2 79675 orig 80 1 0 0 0 0 0 0 0 0 0 0 0 60 1 0 0 0 0 0 0 0 0 0 0 0 0 0 0 0 0 0 0 0 0 0 0 0 0 0 0 0 0 0 0 0 0 0 0 0 0 0 0 0 0 0 0 0 0 0 0 0 0 0 0 0 0 0 0 0 0 0 0 0 0 0 0 0 0 0 0 data 17 0x30005 0x1373b 0x0 0x0 0x0 0x0 0x0 0x0 0x0 0x0 0x0 0x0 0x0 0x9 0x2 0xffffffffffffffff 0x0 oops 0 methods 0
ciMethodData java/lang/String indexOf (II)I 2 10529 orig 80 1 0 0 0 0 0 0 0 0 0 0 0 60 1 0 0 0 0 0 0 0 0 0 0 0 0 0 0 0 0 0 0 0 0 0 0 0 0 0 0 0 0 0 0 0 0 0 0 0 0 0 0 0 0 0 0 0 0 0 0 0 0 0 0 0 0 0 0 0 0 0 0 0 0 0 0 0 0 0 0 data 43 0x10005 0x2921 0x0 0x0 0x0 0x0 0x0 0x40007 0x0 0x80 0x2921 0xe0005 0x2921 0x0 0x0 0x0 0x0 0x0 0x110002 0x2921 0x140003 0x2923 0x60 0x1e0005 0x0 0x0 0x0 0x0 0x0 0x0 0x210002 0x0 0x0 0x0 0x0 0x0 0x0 0x0 0x9 0x3 0xffffffffffffffff 0x0 0x0 oops 0 methods 0
ciMethodData java/util/ArrayList <init> (I)V 2 5170 orig 80 0 0 0 0 0 0 0 0 0 0 0 0 60 1 0 0 0 0 0 0 0 0 0 0 0 0 0 0 0 0 0 0 0 0 0 0 0 0 0 0 0 0 0 0 0 0 0 0 0 0 0 0 0 0 0 0 0 0 0 0 0 0 0 0 0 0 0 0 0 0 0 0 0 0 0 0 0 0 0 0 data 51 0x10002 0x1432 0x50007 0x25 0x38 0x140d 0x100003 0x140d 0x118 0x140007 0x0 0x38 0x25 0x1e0003 0x25 0xe0 0x290002 0x0 0x2e0005 0x0 0x0 0x0 0x0 0x0 0x0 0x320005 0x0 0x0 0x0 0x0 0x0 0x0 0x350005 0x0 0x0 0x0 0x0 0x0 0x0 0x380002 0x0 0x0 0x0 0x0 0x0 0x0 0x0 0x9 0x2 0x0 0x0 oops 0 methods 0
ciMethodData java/util/ArrayList add (Ljava/lang/Object;)Z 2 135699 orig 80 0 0 0 0 0 0 0 0 0 0 0 0 60 1 0 0 0 0 0 0 0 0 0 0 0 0 0 0 0 0 0 0 0 0 0 0 0 0 0 0 0 0 0 0 0 0 0 0 0 0 0 0 0 0 0 0 0 0 0 0 0 0 0 0 0 0 0 0 0 0 0 0 0 0 0 0 0 0 0 0 data 17 0x140005 0x21213 0x0 0x0 0x0 0x0 0x0 0x0 0x0 0x0 0x0 0x0 0x0 0x9 0x2 0xe 0x0 oops 0 methods 0
ciMethodData java/util/ArrayList add (Ljava/lang/Object;[Ljava/lang/Object;I)V 2 135711 orig 80 0 0 0 0 0 0 0 0 0 0 0 0 60 1 0 0 0 0 0 0 0 0 0 0 0 0 0 0 0 0 0 0 0 0 0 0 0 0 0 0 0 0 0 0 0 0 0 0 0 0 0 0 0 0 0 0 0 0 0 0 0 0 0 0 0 0 0 0 0 0 0 0 0 0 0 0 0 0 0 0 data 30 0x30007 0xf3b2 0x58 0x11e6c 0x70005 0x11e6c 0x0 0x0 0x0 0x0 0x0 0xe0104 0x0 0x0 0x13ce657a120 0x5 0x13ce00021f8 0x1516 0x0 0x0 0x0 0x0 0x0 0x0 0x9 0x4 0xc 0x0 0xffffffffffffffff 0x0 oops 2 14 jdk/internal/loader/URLClassPath$JarLoader 16 java/lang/Class methods 0
ciMethodData java/util/ArrayList grow ()[Ljava/lang/Object; 2 73331 orig 80 0 0 0 0 0 0 0 0 0 0 0 0 60 1 0 0 0 0 0 0 0 0 0 0 0 0 0 0 0 0 0 0 0 0 0 0 0 0 0 0 0 0 0 0 0 0 0 0 0 0 0 0 0 0 0 0 0 0 0 0 0 0 0 0 0 0 0 0 0 0 0 0 0 0 0 0 0 0 0 0 data 16 0x70005 0x11e73 0x0 0x0 0x0 0x0 0x0 0x0 0x0 0x0 0x0 0x0 0x0 0x9 0x1 0xc oops 0 methods 0
ciMethodData java/util/ArrayList grow (I)[Ljava/lang/Object; 2 6451 orig 80 0 0 0 0 0 0 0 0 0 0 0 0 60 1 0 0 0 0 0 0 0 0 0 0 0 0 0 0 0 0 0 0 0 0 0 0 0 0 0 0 0 0 0 0 0 0 0 0 0 0 0 0 0 0 0 0 0 0 0 0 0 0 0 0 0 0 0 0 0 0 0 0 0 0 0 0 0 0 0 0 data 24 0x70007 0x333 0x40 0x1600 0x110007 0x15b0 0x40 0x50 0x1b0002 0x383 0x250002 0x383 0x310002 0x15b0 0x0 0x0 0x0 0x0 0x0 0x0 0x9 0x2 0xc 0x0 oops 0 methods 0
ciMethodData java/lang/StringLatin1 indexOf ([BIII)I 2 10514 orig 80 0 0 0 0 0 0 0 0 0 0 0 0 60 1 0 0 0 0 0 0 0 0 0 0 0 0 0 0 0 0 0 0 0 0 0 0 0 0 0 0 0 0 0 0 0 0 0 0 0 0 0 0 0 0 0 0 0 0 0 0 0 0 0 0 0 0 0 0 0 0 0 0 0 0 0 0 0 0 0 0 data 28 0x10002 0x2912 0x40007 0x2786 0x20 0x18e 0xb0002 0x2786 0x120002 0x2786 0x180007 0x250c 0x20 0x27a 0x210002 0x250c 0x0 0x0 0x0 0x0 0x0 0x0 0x9 0x4 0x0 0x0 0x0 0x0 oops 0 methods 0
ciMethodData jdk/internal/util/ArraysSupport newLength (III)I 2 2445 orig 80 0 0 0 0 0 0 0 0 0 0 0 0 60 1 0 0 0 0 0 0 0 0 0 0 0 0 0 0 0 0 0 0 0 0 0 0 0 0 0 0 0 0 0 0 0 0 0 0 0 0 0 0 0 0 0 0 0 0 0 0 0 0 0 0 0 0 0 0 0 0 0 0 0 0 0 0 0 0 0 0 data 23 0x30002 0x98d 0xa0007 0x0 0x40 0x98d 0x100007 0x0 0x20 0x98d 0x170002 0x0 0x0 0x0 0x0 0x0 0x0 0x0 0x9 0x3 0x0 0x0 0x0 oops 0 methods 0
ciMethodData java/util/Arrays copyOf ([Ljava/lang/Object;I)[Ljava/lang/Object; 2 129293 orig 80 0 0 0 0 0 0 0 0 0 0 0 0 60 1 0 0 0 0 0 0 0 0 0 0 0 0 0 0 0 0 0 0 0 0 0 0 0 0 0 0 0 0 0 0 0 0 0 0 0 0 0 0 0 0 0 0 0 0 0 0 0 0 0 0 0 0 0 0 0 0 0 0 0 0 0 0 0 0 0 0 data 19 0x30005 0x1f90d 0x0 0x0 0x0 0x0 0x0 0x60002 0x1f90d 0x0 0x0 0x0 0x0 0x0 0x0 0x9 0x2 0xffffffffffffffff 0x0 oops 0 methods 0
ciMethodData jdk/internal/util/Preconditions checkFromIndexSize (IIILjava/util/function/BiFunction;)I 2 108129 orig 80 0 0 0 0 0 0 0 0 0 0 0 0 60 1 0 0 0 0 0 0 0 0 0 0 0 0 0 0 0 0 0 0 0 0 0 0 0 0 0 0 0 0 0 0 0 0 0 0 0 0 0 0 0 0 0 0 0 0 0 0 0 0 0 0 0 0 0 0 0 0 0 0 0 0 0 0 0 0 0 0 data 22 0x50007 0x0 0x40 0x1a661 0xc0007 0x1a661 0x30 0x0 0x130002 0x0 0x0 0x0 0x0 0x0 0x0 0x0 0x9 0x4 0x0 0x0 0x0 0x0 oops 0 methods 0
ciMethodData java/util/AbstractList <init> ()V 2 287531 orig 80 0 0 0 0 0 0 0 0 0 0 0 0 60 1 0 0 0 0 0 0 0 0 0 0 0 0 0 0 0 0 0 0 0 0 0 0 0 0 0 0 0 0 0 0 0 0 0 0 0 0 0 0 0 0 0 0 0 0 0 0 0 0 0 0 0 0 0 0 0 0 0 0 0 0 0 0 0 0 0 0 data 9 0x10002 0x4632b 0x0 0x0 0x0 0x0 0x9 0x1 0x6 oops 0 methods 0
ciMethodData java/lang/String checkBoundsOffCount (III)I 2 72181 orig 80 0 0 0 0 0 0 0 0 0 0 0 0 0 0 0 0 0 0 0 0 0 0 0 0 0 0 0 0 0 0 0 0 0 0 0 0 0 0 0 0 0 0 0 0 0 0 0 0 0 0 0 0 0 0 0 0 0 0 0 0 0 0 0 0 0 0 0 0 0 0 0 0 0 0 0 0 0 0 0 0 data 13 0x60002 0x119f6 0x0 0x0 0x0 0x0 0x0 0x0 0x9 0x3 0x0 0x0 0x0 oops 0 methods 0
ciMethodData java/util/Collections emptyList ()Ljava/util/List; 2 225536 orig 80 0 0 0 0 0 0 0 0 0 0 0 0 60 1 0 0 0 0 0 0 0 0 0 0 0 0 0 0 0 0 0 0 0 0 0 0 0 0 0 0 0 0 0 0 0 0 0 0 0 0 0 0 0 0 0 0 0 0 0 0 0 0 0 0 0 0 0 0 0 0 0 0 0 0 0 0 0 0 0 0 data 4 0x0 0x0 0x9 0x0 oops 0 methods 0
ciMethodData java/util/ArrayList <init> (Ljava/util/Collection;)V 2 9428 orig 80 0 0 0 0 0 0 0 0 0 0 0 0 60 1 0 0 0 0 0 0 0 0 0 0 0 0 0 0 0 0 0 0 0 0 0 0 0 0 0 0 0 0 0 0 0 0 0 0 0 0 0 0 0 0 0 0 0 0 0 0 0 0 0 0 0 0 0 0 0 0 0 0 0 0 0 0 0 0 0 0 data 42 0x10002 0x24d4 0x50005 0x23a5 0x0 0x13ce0005aa8 0x12a 0x13ce8d6bf20 0x5 0x120007 0x20b0 0xb8 0x424 0x160005 0xdc 0x0 0x13ce8d6bfd0 0x2c1 0x13ce0005aa8 0x87 0x1d0007 0x374 0x38 0xb0 0x250003 0xb0 0x40 0x300002 0x374 0x360003 0x374 0x18 0x0 0x0 0x0 0x0 0x0 0x0 0x9 0x2 0xe 0xffffffffffffffff oops 4 5 java/util/ArrayList 7 java/util/ImmutableCollections$List12 16 java/util/LinkedHashSet 18 java/util/ArrayList methods 0
ciMethodData java/lang/String <init> (Ljava/nio/charset/Charset;[BII)V 2 17197 orig 80 0 0 0 0 0 0 0 0 0 0 0 0 60 1 0 0 0 0 0 0 0 0 0 0 0 0 0 0 0 0 0 0 0 0 0 0 0 0 0 0 0 0 0 0 0 0 0 0 0 0 0 0 0 0 0 0 0 0 0 0 0 0 0 0 0 0 0 0 0 0 0 0 0 0 0 0 0 0 0 0 data 370 0x10002 0x432d 0x60007 0x432d 0x38 0x0 0x1b0003 0x0 0xa30 0x220007 0x3bf 0x2b8 0x3f6e 0x280007 0x0 0x230 0x3f6e 0x2f0002 0x3f6e 0x380007 0x2 0x30 0x3f6c 0x420002 0x3f6c 0x540002 0x2 0x610007 0x1 0xf8 0x28 0x700007 0x5 0x38 0x23 0x7e0003 0x23 0xffffffffffffffc0 0x8a0007 0x1 0x88 0x4 0x910007 0x0 0x68 0x4 0x9f0007 0x0 0x48 0x4 0xad0002 0x4 0xb50003 0x4 0xffffffffffffff38 0xbb0003 0x1 0x18 0xc20007 0x1 0x50 0x1 0xca0007 0x0 0x30 0x1 0xd10002 0x1 0xe40002 0x1 0xf10002 0x1 0xff0002 0x1 0x1080007 0x0 0x30 0x1 0x1110002 0x1 0x1210003 0x1 0x7e0 0x1260002 0x0 0x1350002 0x0 0x13e0007 0x0 0x30 0x0 0x1470002 0x0 0x1570003 0x0 0x778 0x15e0007 0x0 0x90 0x3bf 0x1640007 0x0 0x48 0x3bf 0x16e0002 0x3bf 0x1790003 0x3bf 0x710 0x1810002 0x0 0x18c0003 0x0 0x6e8 0x1930007 0x0 0x140 0x0 0x1990007 0x0 0x78 0x0 0x1a00002 0x0 0x1a30007 0x0 0x48 0x0 0x1ad0002 0x0 0x1b80003 0x0 0x650 0x1bd0002 0x0 0x1c90007 0x0 0x80 0x0 0x1dd0007 0x0 0x38 0x0 0x1e30003 0x0 0x18 0x1e80002 0x0 0x1eb0003 0x0 0xffffffffffffff98 0x1f90003 0x0 0x5a8 0x1fd0005 0x0 0x0 0x0 0x0 0x0 0x0 0x2040004 0x0 0x0 0x0 0x0 0x0 0x0 0x2070007 0x0 0x310 0x0 0x20c0004 0x0 0x0 0x0 0x0 0x0 0x0 0x2130005 0x0 0x0 0x0 0x0 0x0 0x0 0x2180007 0x0 0x90 0x0 0x21f0002 0x0 0x2220007 0x0 0x60 0x0 0x2280007 0x0 0x30 0x0 0x2320002 0x0 0x2430002 0x0 0x2520007 0x0 0xb0 0x0 0x2570005 0x0 0x0 0x0 0x0 0x0 0x0 0x25c0007 0x0 0x58 0x0 0x26d0005 0x0 0x0 0x0 0x0 0x0 0x0 0x2830005 0x0 0x0 0x0 0x0 0x0 0x0 0x2860002 0x0 0x2900005 0x0 0x0 0x0 0x0 0x0 0x0 0x2960005 0x0 0x0 0x0 0x0 0x0 0x0 0x2a80005 0x0 0x0 0x0 0x0 0x0 0x0 0x2b20007 0x0 0x40 0x0 0x2ba0002 0x0 0x2c40002 0x0 0x2dc0002 0x0 0x2e70005 0x0 0x0 0x0 0x0 0x0 0x0 0x2ea0002 0x0 0x2f40005 0x0 0x0 0x0 0x0 0x0 0x0 0x2fa0005 0x0 0x0 0x0 0x0 0x0 0x0 0x3050005 0x0 0x0 0x0 0x0 0x0 0x0 0x3080005 0x0 0x0 0x0 0x0 0x0 0x0 0x30b0007 0x0 0x60 0x0 0x30e0002 0x0 0x3110007 0x0 0x30 0x0 0x31a0002 0x0 0x3280002 0x0 0x32d0003 0x0 0x28 0x3380002 0x0 0x33f0007 0x0 0x40 0x0 0x3470002 0x0 0x3510002 0x0 0x3690002 0x0 0x0 0x0 0x0 0x0 0x0 0x0 0x0 0x0 0x0 0x0 0x0 0x0 0x0 0x0 0x0 0x0 0x0 0x0 0x0 0x0 0x0 0x0 0x0 0x0 0x0 0x0 0x0 0x0 0x0 0x0 0x0 0x9 0x5 0x0 0x0 0x0 0x0 0x0 oops 0 methods 0
ciMethodData java/lang/String <init> ([BIILjava/nio/charset/Charset;)V 2 20856 orig 80 0 0 0 0 0 0 0 0 0 0 0 0 60 1 0 0 0 0 0 0 0 0 0 0 0 0 0 0 0 0 0 0 0 0 0 0 0 0 0 0 0 0 0 0 0 0 0 0 0 0 0 0 0 0 0 0 0 0 0 0 0 0 0 0 0 0 0 0 0 0 0 0 0 0 0 0 0 0 0 0 data 26 0x30002 0x5178 0x60004 0x0 0x0 0x13ceac49970 0x3c 0x0 0x0 0xe0002 0x5178 0x120002 0x5178 0x0 0x0 0x0 0x0 0x0 0x0 0x9 0x5 0x0 0x0 0x0 0x0 0x0 oops 1 5 sun/nio/cs/UTF_8 methods 0
ciMethodData java/util/Collections unmodifiableList (Ljava/util/List;)Ljava/util/List; 2 10377 orig 80 0 0 0 0 0 0 0 0 0 0 0 0 60 1 0 0 0 0 0 0 0 0 0 0 0 0 0 0 0 0 0 0 0 0 0 0 0 0 0 0 0 0 0 0 0 0 0 0 0 0 0 0 0 0 0 0 0 0 0 0 0 0 0 0 0 0 0 0 0 0 0 0 0 0 0 0 0 0 0 0 data 49 0x10005 0x108 0x0 0x13ce0005aa8 0x1dc5 0x13cea4f7560 0x9bc 0x80007 0x0 0x78 0x2889 0xc0005 0x108 0x0 0x13ce0005aa8 0x1dc5 0x13cea4f7560 0x9bc 0x130007 0x2889 0x20 0x0 0x190004 0x0 0x0 0x13ce0005aa8 0x1e90 0x13ceab36570 0x16 0x1c0007 0x0 0x48 0x2889 0x240002 0x2889 0x270003 0x2889 0x28 0x2f0002 0x0 0x0 0x0 0x0 0x0 0x0 0x0 0x9 0x1 0x0 oops 6 3 java/util/ArrayList 5 java/util/Collections$EmptyList 14 java/util/ArrayList 16 java/util/Collections$EmptyList 25 java/util/ArrayList 27 java/util/Arrays$ArrayList methods 0
ciMethodData java/util/Collections$UnmodifiableCollection <init> (Ljava/util/Collection;)V 2 11361 orig 80 0 0 0 0 0 0 0 0 0 0 0 0 60 1 0 0 0 0 0 0 0 0 0 0 0 0 0 0 0 0 0 0 0 0 0 0 0 0 0 0 0 0 0 0 0 0 0 0 0 0 0 0 0 0 0 0 0 0 0 0 0 0 0 0 0 0 0 0 0 0 0 0 0 0 0 0 0 0 0 0 data 18 0x10002 0x2c61 0x50007 0x2c61 0x30 0x0 0xc0002 0x0 0x0 0x0 0x0 0x0 0x0 0x0 0x9 0x2 0x6 0x0 oops 0 methods 0
ciMethodData java/util/ArrayList rangeCheckForAdd (I)V 2 8031 orig 80 0 0 0 0 0 0 0 0 0 0 0 0 60 1 0 0 0 0 0 0 0 0 0 0 0 0 0 0 0 0 0 0 0 0 0 0 0 0 0 0 0 0 0 0 0 0 0 0 0 0 0 0 0 0 0 0 0 0 0 0 0 0 0 0 0 0 0 0 0 0 0 0 0 0 0 0 0 0 0 0 data 27 0x50007 0x0 0x40 0x1f5f 0x90007 0x1f5f 0x68 0x0 0x120005 0x0 0x0 0x0 0x0 0x0 0x0 0x150002 0x0 0x0 0x0 0x0 0x0 0x0 0x0 0x9 0x2 0x0 0x0 oops 0 methods 0
ciMethodData java/util/ArrayList addAll (ILjava/util/Collection;)Z 2 8004 orig 80 0 0 0 0 0 0 0 0 0 0 0 0 60 1 0 0 0 0 0 0 0 0 0 0 0 0 0 0 0 0 0 0 0 0 0 0 0 0 0 0 0 0 0 0 0 0 0 0 0 0 0 0 0 0 0 0 0 0 0 0 0 0 0 0 0 0 0 0 0 0 0 0 0 0 0 0 0 0 0 0 data 48 0x20005 0x1f44 0x0 0x0 0x0 0x0 0x0 0x60005 0x0 0x0 0x13ce0005aa8 0x4b5 0x13ceab358b8 0x1a8f 0x1c0007 0x39 0x20 0x1f0b 0x330007 0x4 0x58 0x35 0x3c0005 0x35 0x0 0x0 0x0 0x0 0x0 0x490007 0xe 0x30 0x2b 0x570002 0x2b 0x610002 0x39 0x0 0x0 0x0 0x0 0x0 0x0 0x9 0x3 0x0 0x0 0x0 oops 2 10 java/util/ArrayList 12 java/util/Collections$UnmodifiableRandomAccessList methods 0
ciMethodData java/util/Collections$UnmodifiableRandomAccessList <init> (Ljava/util/List;)V 2 10181 orig 80 0 0 0 0 0 0 0 0 0 0 0 0 60 1 0 0 0 0 0 0 0 0 0 0 0 0 0 0 0 0 0 0 0 0 0 0 0 0 0 0 0 0 0 0 0 0 0 0 0 0 0 0 0 0 0 0 0 0 0 0 0 0 0 0 0 0 0 0 0 0 0 0 0 0 0 0 0 0 0 0 data 8 0x20002 0x27c5 0x0 0x0 0x9 0x2 0x0 0x0 oops 0 methods 0
ciMethodData java/util/Collections$UnmodifiableList <init> (Ljava/util/List;)V 2 10181 orig 80 0 0 0 0 0 0 0 0 0 0 0 0 60 1 0 0 0 0 0 0 0 0 0 0 0 0 0 0 0 0 0 0 0 0 0 0 0 0 0 0 0 0 0 0 0 0 0 0 0 0 0 0 0 0 0 0 0 0 0 0 0 0 0 0 0 0 0 0 0 0 0 0 0 0 0 0 0 0 0 0 data 10 0x20002 0x27c5 0x0 0x0 0x0 0x0 0x9 0x2 0x6 0x0 oops 0 methods 0
ciMethodData java/util/Collections$EmptyList toArray ()[Ljava/lang/Object; 2 4796 orig 80 0 0 0 0 0 0 0 0 0 0 0 0 60 1 0 0 0 0 0 0 0 0 0 0 0 0 0 0 0 0 0 0 0 0 0 0 0 0 0 0 0 0 0 0 0 0 0 0 0 0 0 0 0 0 0 0 0 0 0 0 0 0 0 0 0 0 0 0 0 0 0 0 0 0 0 0 0 0 0 0 data 5 0x0 0x0 0x9 0x1 0x0 oops 0 methods 0
ciMethodData java/util/Collections$UnmodifiableCollection toArray ()[Ljava/lang/Object; 2 6381 orig 80 0 0 0 0 0 0 0 0 0 0 0 0 0 0 0 0 0 0 0 0 0 0 0 0 0 0 0 0 0 0 0 0 0 0 0 0 0 0 0 0 0 0 0 0 0 0 0 0 0 0 0 0 0 0 0 0 0 0 0 0 0 0 0 0 0 0 0 0 0 0 0 0 0 0 0 0 0 0 0 0 data 16 0x40005 0x0 0x0 0x13cea4f7560 0x18ee 0x0 0x0 0x0 0x0 0x0 0x0 0x0 0x0 0x9 0x1 0x0 oops 1 3 java/util/Collections$EmptyList methods 0
ciMethod com/google/protobuf/GeneratedMessage <init> (Lcom/google/protobuf/GeneratedMessage$Builder;)V 1024 0 41336 0 400
ciMethod com/google/protobuf/GeneratedMessage getUnknownFields ()Lcom/google/protobuf/UnknownFieldSet; 884 0 442 0 -1
ciMethod com/google/protobuf/AbstractMessage <init> ()V 1024 0 41370 0 0
ciMethod com/google/protobuf/AbstractMessage newBuilderForType (Lcom/google/protobuf/AbstractMessage$BuilderParent;)Lcom/google/protobuf/Message$Builder; 0 0 1 0 -1
ciMethod com/google/protobuf/AbstractMessageLite <init> ()V 1024 0 41370 0 0
ciMethod com/google/protobuf/MessageLite$Builder mergeFrom (Lcom/google/protobuf/CodedInputStream;Lcom/google/protobuf/ExtensionRegistryLite;)Lcom/google/protobuf/MessageLite$Builder; 0 0 1 0 -1
ciMethod com/google/protobuf/InvalidProtocolBufferException setUnfinishedMessage (Lcom/google/protobuf/MessageLite;)Lcom/google/protobuf/InvalidProtocolBufferException; 0 0 1 0 -1
ciMethod com/google/protobuf/InvalidProtocolBufferException unwrapIOException ()Ljava/io/IOException; 0 0 1 0 -1
ciMethod com/google/protobuf/Parser parsePartialFrom (Lcom/google/protobuf/CodedInputStream;Lcom/google/protobuf/ExtensionRegistryLite;)Ljava/lang/Object; 0 0 1 0 -1
ciMethod com/google/protobuf/UnknownFieldSet getDefaultInstance ()Lcom/google/protobuf/UnknownFieldSet; 1024 0 51358 0 88
ciMethod com/google/protobuf/UnknownFieldSet <init> (Ljava/util/TreeMap;Lcom/google/protobuf/UnknownFieldSet$1;)V 0 0 1 0 -1
ciMethod com/google/protobuf/Internal checkNotNull (Ljava/lang/Object;)Ljava/lang/Object; 1024 0 20440 0 0
ciMethod com/google/protobuf/CodedInputStream checkRecursionLimit ()V 1024 0 32372 0 0
ciMethod com/google/protobuf/CodedInputStream readTag ()I 0 0 1 0 -1
ciMethod com/google/protobuf/CodedInputStream readBool ()Z 0 0 1 0 -1
ciMethod com/google/protobuf/CodedInputStream readStringRequireUtf8 ()Ljava/lang/String; 0 0 1 0 -1
ciMethod com/google/protobuf/CodedInputStream readMessage (Lcom/google/protobuf/MessageLite$Builder;Lcom/google/protobuf/ExtensionRegistryLite;)V 0 0 1 0 -1
ciMethod com/google/protobuf/CodedInputStream readMessage (Lcom/google/protobuf/Parser;Lcom/google/protobuf/ExtensionRegistryLite;)Lcom/google/protobuf/MessageLite; 0 0 1 0 -1
ciMethod com/google/protobuf/CodedInputStream readEnum ()I 0 0 1 0 -1
ciMethod com/google/protobuf/CodedInputStream$StreamDecoder read (Ljava/io/InputStream;[BII)I 10 0 202 0 -1
ciMethod com/google/protobuf/CodedInputStream$StreamDecoder readTag ()I 874 0 39317 0 616
ciMethod com/google/protobuf/CodedInputStream$StreamDecoder checkLastTagWas (I)V 1024 0 32460 0 104
ciMethod com/google/protobuf/CodedInputStream$StreamDecoder readBool ()Z 1024 0 9826 0 0
ciMethod com/google/protobuf/CodedInputStream$StreamDecoder readStringRequireUtf8 ()Ljava/lang/String; 558 0 36152 0 1096
ciMethod com/google/protobuf/CodedInputStream$StreamDecoder readMessage (Lcom/google/protobuf/MessageLite$Builder;Lcom/google/protobuf/ExtensionRegistryLite;)V 1024 0 20145 0 0
ciMethod com/google/protobuf/CodedInputStream$StreamDecoder readMessage (Lcom/google/protobuf/Parser;Lcom/google/protobuf/ExtensionRegistryLite;)Lcom/google/protobuf/MessageLite; 1024 0 11747 0 1240
ciMethod com/google/protobuf/CodedInputStream$StreamDecoder readRawVarint32 ()I 648 0 48440 0 512
ciMethod com/google/protobuf/CodedInputStream$StreamDecoder readRawVarint64 ()J 1024 0 10054 0 0
ciMethod com/google/protobuf/CodedInputStream$StreamDecoder readRawVarint64SlowPath ()J 0 0 169 0 0
ciMethod com/google/protobuf/CodedInputStream$StreamDecoder pushLimit (I)I 1024 0 10677 0 200
ciMethod com/google/protobuf/CodedInputStream$StreamDecoder recomputeBufferSizeAfterLimit ()V 518 0 19112 0 128
ciMethod com/google/protobuf/CodedInputStream$StreamDecoder popLimit (I)V 1024 0 32454 0 128
ciMethod com/google/protobuf/CodedInputStream$StreamDecoder getBytesUntilLimit ()I 1024 0 32454 0 112
ciMethod com/google/protobuf/CodedInputStream$StreamDecoder isAtEnd ()Z 900 0 39317 0 0
ciMethod com/google/protobuf/CodedInputStream$StreamDecoder refillBuffer (I)V 0 0 965 0 0
ciMethod com/google/protobuf/CodedInputStream$StreamDecoder tryRefillBuffer (I)Z 184 0 19213 0 840
ciMethod com/google/protobuf/CodedInputStream$StreamDecoder readRawByte ()B 502 0 240 0 -1
ciMethod com/google/protobuf/CodedInputStream$StreamDecoder readRawBytesSlowPath (IZ)[B 0 0 1 0 -1
ciMethod com/google/protobuf/UninitializedMessageException asInvalidProtocolBufferException ()Lcom/google/protobuf/InvalidProtocolBufferException; 0 0 1 0 -1
ciMethod com/google/protobuf/GeneratedMessage$Builder <init> ()V 1024 0 31173 0 272
ciMethod com/google/protobuf/GeneratedMessage$Builder <init> (Lcom/google/protobuf/AbstractMessage$BuilderParent;)V 1024 0 20178 0 0
ciMethod com/google/protobuf/GeneratedMessage$Builder onBuilt ()V 1024 0 53321 0 0
ciMethod com/google/protobuf/GeneratedMessage$Builder markClean ()V 1024 0 36032 0 88
ciMethod com/google/protobuf/GeneratedMessage$Builder isClean ()Z 1560 0 780 0 0
ciMethod com/google/protobuf/GeneratedMessage$Builder mergeUnknownFields (Lcom/google/protobuf/UnknownFieldSet;)Lcom/google/protobuf/GeneratedMessage$Builder; 0 0 28 0 -1
ciMethod com/google/protobuf/GeneratedMessage$Builder getUnknownFields ()Lcom/google/protobuf/UnknownFieldSet; 1024 0 25303 0 160
ciMethod com/google/protobuf/GeneratedMessage$Builder parseUnknownField (Lcom/google/protobuf/CodedInputStream;Lcom/google/protobuf/ExtensionRegistryLite;I)Z 0 0 1 0 -1
ciMethod com/google/protobuf/GeneratedMessage$Builder getParentForChildren ()Lcom/google/protobuf/AbstractMessage$BuilderParent; 1024 0 20178 0 0
ciMethod com/google/protobuf/GeneratedMessage$Builder onChanged ()V 1024 0 34983 0 352
ciMethod com/google/protobuf/AbstractMessage$Builder <init> ()V 1024 0 51351 0 0
ciMethod com/google/protobuf/AbstractMessage$Builder mergeFrom (Lcom/google/protobuf/Message;)Lcom/google/protobuf/AbstractMessage$Builder; 0 0 1 0 -1
ciMethod com/google/protobuf/AbstractMessage$Builder mergeFrom (Lcom/google/protobuf/CodedInputStream;Lcom/google/protobuf/ExtensionRegistryLite;)Lcom/google/protobuf/MessageLite$Builder; 0 0 1 0 -1
ciMethod com/google/protobuf/AbstractMessageLite$Builder <init> ()V 1024 0 51351 0 0
ciMethod com/google/protobuf/GeneratedMessage$Builder buildPartial ()Lcom/google/protobuf/Message; 0 0 1 0 -1
ciMethod com/google/protobuf/AbstractMessage$BuilderParent markDirty ()V 0 0 1 0 -1
ciMethod com/google/protobuf/WireFormat getTagFieldNumber (I)I 766 0 32992 0 88
ciMethod com/google/protobuf/Utf8 decodeUtf8 ([BII)Ljava/lang/String; 558 0 36202 0 392
ciMethod com/google/protobuf/Utf8$Processor decodeUtf8 ([BII)Ljava/lang/String; 0 0 1 0 -1
ciMethod com/google/protobuf/Utf8$UnsafeProcessor decodeUtf8 ([BII)Ljava/lang/String; 558 0 20714 0 392
ciMethod com/google/protobuf/LazyStringList getUnderlyingElements ()Ljava/util/List; 0 0 1 0 -1
ciMethod com/google/protobuf/LazyStringList size ()I 0 0 1 0 -1
ciMethod com/google/protobuf/LazyStringArrayList <init> (Lcom/google/protobuf/LazyStringList;)V 562 0 6758 0 0
ciMethod com/google/protobuf/LazyStringArrayList size ()I 1024 0 26800 0 144
ciMethod com/google/protobuf/LazyStringArrayList add (Ljava/lang/String;)Z 1024 0 45233 0 2112
ciMethod com/google/protobuf/LazyStringArrayList addAll (Ljava/util/Collection;)Z 570 0 6758 0 0
ciMethod com/google/protobuf/LazyStringArrayList addAll (ILjava/util/Collection;)Z 572 0 6758 0 0
ciMethod com/google/protobuf/LazyStringArrayList getUnderlyingElements ()Ljava/util/List; 1024 0 6758 0 0
ciMethod com/google/protobuf/LazyStringArrayList isModifiable ()Z 694 0 32351 0 0
ciMethod com/google/protobuf/AbstractProtobufList <init> ()V 562 0 6758 0 0
ciMethod com/google/protobuf/AbstractProtobufList <init> (Z)V 564 0 6768 0 0
ciMethod com/google/protobuf/AbstractProtobufList isModifiable ()Z 280 0 140 0 0
ciMethod com/google/protobuf/AbstractProtobufList ensureIsMutable ()V 798 0 52011 0 0
ciMethod org/sonar/python/types/protobuf/SymbolsProtos$FunctionSymbol$Builder mergeFrom (Lcom/google/protobuf/CodedInputStream;Lcom/google/protobuf/ExtensionRegistryLite;)Lorg/sonar/python/types/protobuf/SymbolsProtos$FunctionSymbol$Builder; 686 8192 4501 0 -1
ciMethod org/sonar/python/types/protobuf/SymbolsProtos$FunctionSymbol$Builder getReturnAnnotation ()Lorg/sonar/python/types/protobuf/SymbolsProtos$Type; 1024 0 5310 0 0
ciMethod org/sonar/python/types/protobuf/SymbolsProtos$FunctionSymbol$Builder getReturnAnnotationFieldBuilder ()Lcom/google/protobuf/SingleFieldBuilder; 1024 0 5310 0 0
ciMethod org/sonar/python/types/protobuf/SymbolsProtos$FunctionSymbol$Builder ensureParametersIsMutable ()V 1024 0 12226 0 1448
ciMethod org/sonar/python/types/protobuf/SymbolsProtos$FunctionSymbol$Builder ensureResolvedDecoratorNamesIsMutable ()V 430 0 1507 0 0
ciMethod org/sonar/python/types/protobuf/SymbolsProtos$FunctionSymbol$Builder ensureValidForIsMutable ()V 1024 0 8008 0 2192
ciMethod org/sonar/python/types/protobuf/SymbolsProtos$ParameterSymbol <init> (Lcom/google/protobuf/GeneratedMessage$Builder;)V 1024 0 19452 0 0
ciMethod org/sonar/python/types/protobuf/SymbolsProtos$ParameterSymbol newBuilder ()Lorg/sonar/python/types/protobuf/SymbolsProtos$ParameterSymbol$Builder; 1024 0 13648 0 0
ciMethod org/sonar/python/types/protobuf/SymbolsProtos$ParameterSymbol toBuilder ()Lorg/sonar/python/types/protobuf/SymbolsProtos$ParameterSymbol$Builder; 1024 0 13648 0 0
ciMethod org/sonar/python/types/protobuf/SymbolsProtos$ParameterSymbol parser ()Lcom/google/protobuf/Parser; 1024 0 13648 0 0
ciMethod org/sonar/python/types/protobuf/SymbolsProtos$ParameterSymbol access$300 ()Z 1024 0 13648 0 0
ciMethod org/sonar/python/types/protobuf/SymbolsProtos$Type <init> (Lcom/google/protobuf/GeneratedMessage$Builder;)V 1024 0 13426 0 -1
ciMethod org/sonar/python/types/protobuf/SymbolsProtos$Type getPrettyPrintedName ()Ljava/lang/String; 0 0 11378 0 -1
ciMethod org/sonar/python/types/protobuf/SymbolsProtos$Type getKindValue ()I 0 0 1 0 -1
ciMethod org/sonar/python/types/protobuf/SymbolsProtos$Type hasFullyQualifiedName ()Z 0 0 34440 0 -1
ciMethod org/sonar/python/types/protobuf/SymbolsProtos$Type getIsSelf ()Z 258 0 129 0 -1
ciMethod org/sonar/python/types/protobuf/SymbolsProtos$Type newBuilderForType (Lcom/google/protobuf/AbstractMessage$BuilderParent;)Lorg/sonar/python/types/protobuf/SymbolsProtos$Type$Builder; 1024 0 20145 0 0
ciMethod org/sonar/python/types/protobuf/SymbolsProtos$Type getDefaultInstance ()Lorg/sonar/python/types/protobuf/SymbolsProtos$Type; 1024 0 40523 0 88
ciMethod org/sonar/python/types/protobuf/SymbolsProtos$Type newBuilderForType (Lcom/google/protobuf/AbstractMessage$BuilderParent;)Lcom/google/protobuf/Message$Builder; 1024 0 20145 0 0
ciMethod com/google/protobuf/SingleFieldBuilder <init> (Lcom/google/protobuf/GeneratedMessage;Lcom/google/protobuf/AbstractMessage$BuilderParent;Z)V 1024 0 20178 0 0
ciMethod com/google/protobuf/SingleFieldBuilder getMessage ()Lcom/google/protobuf/GeneratedMessage; 1024 0 26270 0 0
ciMethod com/google/protobuf/SingleFieldBuilder build ()Lcom/google/protobuf/GeneratedMessage; 1024 0 26270 0 0
ciMethod com/google/protobuf/SingleFieldBuilder getBuilder ()Lcom/google/protobuf/GeneratedMessage$Builder; 1024 0 20178 0 0
ciMethod com/google/protobuf/GeneratedMessage$Builder$BuilderParentImpl <init> (Lcom/google/protobuf/GeneratedMessage$Builder;)V 1024 0 26267 0 -1
ciMethod com/google/protobuf/GeneratedMessage$Builder$BuilderParentImpl <init> (Lcom/google/protobuf/GeneratedMessage$Builder;Lcom/google/protobuf/GeneratedMessage$1;)V 1024 0 26267 0 -1
ciMethod org/sonar/python/types/protobuf/SymbolsProtos$Type$Builder <init> (Lcom/google/protobuf/AbstractMessage$BuilderParent;)V 1024 0 20145 0 0
ciMethod org/sonar/python/types/protobuf/SymbolsProtos$Type$Builder buildPartial ()Lorg/sonar/python/types/protobuf/SymbolsProtos$Type; 1024 0 24069 0 -1
ciMethod org/sonar/python/types/protobuf/SymbolsProtos$Type$Builder buildPartialRepeatedFields (Lorg/sonar/python/types/protobuf/SymbolsProtos$Type;)V 1024 0 13426 0 -1
ciMethod org/sonar/python/types/protobuf/SymbolsProtos$Type$Builder buildPartial0 (Lorg/sonar/python/types/protobuf/SymbolsProtos$Type;)V 1024 0 13384 0 -1
ciMethod org/sonar/python/types/protobuf/SymbolsProtos$Type$Builder mergeFrom (Lcom/google/protobuf/Message;)Lorg/sonar/python/types/protobuf/SymbolsProtos$Type$Builder; 1024 0 20145 0 0
ciMethod org/sonar/python/types/protobuf/SymbolsProtos$Type$Builder mergeFrom (Lorg/sonar/python/types/protobuf/SymbolsProtos$Type;)Lorg/sonar/python/types/protobuf/SymbolsProtos$Type$Builder; 1024 0 20145 0 0
ciMethod org/sonar/python/types/protobuf/SymbolsProtos$Type$Builder mergeFrom (Lcom/google/protobuf/CodedInputStream;Lcom/google/protobuf/ExtensionRegistryLite;)Lorg/sonar/python/types/protobuf/SymbolsProtos$Type$Builder; 1024 3514 13426 0 -1
ciMethod org/sonar/python/types/protobuf/SymbolsProtos$Type$Builder setKindValue (I)Lorg/sonar/python/types/protobuf/SymbolsProtos$Type$Builder; 0 0 1 0 -1
ciMethod org/sonar/python/types/protobuf/SymbolsProtos$Type$Builder ensureArgsIsMutable ()V 674 0 8248 0 -1
ciMethod org/sonar/python/types/protobuf/SymbolsProtos$Type$Builder setIsSelf (Z)Lorg/sonar/python/types/protobuf/SymbolsProtos$Type$Builder; 0 0 1 0 -1
ciMethod org/sonar/python/types/protobuf/SymbolsProtos$Type$Builder mergeFrom (Lcom/google/protobuf/Message;)Lcom/google/protobuf/AbstractMessage$Builder; 1024 0 20145 0 0
ciMethod org/sonar/python/types/protobuf/SymbolsProtos$Type$Builder buildPartial ()Lcom/google/protobuf/Message; 1024 0 15821 0 2624
ciMethod org/sonar/python/types/protobuf/SymbolsProtos$Type$Builder mergeFrom (Lcom/google/protobuf/CodedInputStream;Lcom/google/protobuf/ExtensionRegistryLite;)Lcom/google/protobuf/MessageLite$Builder; 1024 0 20145 0 0
ciMethod org/sonar/python/types/protobuf/SymbolsProtos$ParameterSymbol$1 parsePartialFrom (Lcom/google/protobuf/CodedInputStream;Lcom/google/protobuf/ExtensionRegistryLite;)Lorg/sonar/python/types/protobuf/SymbolsProtos$ParameterSymbol; 1024 0 13648 0 0
ciMethod org/sonar/python/types/protobuf/SymbolsProtos$ParameterSymbol$1 parsePartialFrom (Lcom/google/protobuf/CodedInputStream;Lcom/google/protobuf/ExtensionRegistryLite;)Ljava/lang/Object; 1024 0 13648 0 0
ciMethod org/sonar/python/types/protobuf/SymbolsProtos$ParameterSymbol$Builder <init> ()V 1024 0 13648 0 0
ciMethod org/sonar/python/types/protobuf/SymbolsProtos$ParameterSymbol$Builder maybeForceBuilderInitialization ()V 1024 0 13648 0 0
ciMethod org/sonar/python/types/protobuf/SymbolsProtos$ParameterSymbol$Builder buildPartial ()Lorg/sonar/python/types/protobuf/SymbolsProtos$ParameterSymbol; 1024 0 19452 0 0
ciMethod org/sonar/python/types/protobuf/SymbolsProtos$ParameterSymbol$Builder buildPartial0 (Lorg/sonar/python/types/protobuf/SymbolsProtos$ParameterSymbol;)V 1024 0 19407 0 0
ciMethod org/sonar/python/types/protobuf/SymbolsProtos$ParameterSymbol$Builder mergeFrom (Lorg/sonar/python/types/protobuf/SymbolsProtos$ParameterSymbol;)Lorg/sonar/python/types/protobuf/SymbolsProtos$ParameterSymbol$Builder; 0 0 1 0 -1
ciMethod org/sonar/python/types/protobuf/SymbolsProtos$ParameterSymbol$Builder mergeFrom (Lcom/google/protobuf/CodedInputStream;Lcom/google/protobuf/ExtensionRegistryLite;)Lorg/sonar/python/types/protobuf/SymbolsProtos$ParameterSymbol$Builder; 1024 2944 13200 0 7568
ciMethod org/sonar/python/types/protobuf/SymbolsProtos$ParameterSymbol$Builder getTypeAnnotationFieldBuilder ()Lcom/google/protobuf/SingleFieldBuilder; 1024 0 13003 0 -1
ciMethodData com/google/protobuf/CodedInputStream$StreamDecoder readRawVarint32 ()I 2 48116 orig 80 0 0 0 0 0 0 0 0 0 0 0 0 60 1 0 0 0 0 0 0 0 0 0 0 0 0 0 0 0 0 0 0 0 0 0 0 0 0 0 0 0 0 0 0 0 0 0 0 0 0 0 0 0 0 0 0 0 0 0 0 0 0 0 0 0 0 0 0 0 0 0 0 0 0 0 0 0 0 0 0 data 84 0xa0007 0xbbee 0x38 0x6 0xd0003 0x6 0x1f0 0x1d0007 0x6dd 0x20 0xb511 0x2f0007 0x6db 0x38 0x2 0x320003 0x2 0x198 0x420007 0x5 0x38 0x6d6 0x4a0003 0x6d6 0x160 0x5a0007 0x0 0x38 0x5 0x630003 0x5 0x128 0x730007 0x0 0x38 0x0 0x7c0003 0x0 0xf0 0x970007 0x0 0xd8 0x0 0xa00007 0x0 0xb8 0x0 0xa90007 0x0 0x98 0x0 0xb20007 0x0 0x78 0x0 0xbb0007 0x0 0x58 0x0 0xc40007 0x0 0x38 0x0 0xc70003 0x0 0x18 0xd20005 0x8 0x0 0x0 0x0 0x0 0x0 0x0 0x0 0x0 0x0 0x0 0x0 0x0 0x0 0x9 0x1 0x0 oops 0 methods 0
ciMethodData com/google/protobuf/CodedInputStream$StreamDecoder readRawVarint64SlowPath ()J 1 169 orig 80 0 0 0 0 0 0 0 0 0 0 0 0 60 1 0 0 0 0 0 0 0 0 0 0 0 0 0 0 0 0 0 0 0 0 0 0 0 0 0 0 0 0 0 0 0 0 0 0 0 0 0 0 0 0 0 0 0 0 0 0 0 0 0 0 0 0 0 0 0 0 0 0 0 0 0 0 0 0 0 0 data 29 0x70007 0x0 0x90 0xf0 0xb0005 0xf0 0x0 0x0 0x0 0x0 0x0 0x210007 0x47 0x20 0xa9 0x290003 0x47 0xffffffffffffff88 0x2c0002 0x0 0x0 0x0 0x0 0x0 0x0 0x0 0x9 0x1 0xffffffffffffffff oops 0 methods 0
ciMethodData com/google/protobuf/CodedInputStream$StreamDecoder readTag ()I 2 38880 orig 80 0 0 0 0 0 0 0 0 0 0 0 0 60 1 0 0 0 0 0 0 0 0 0 0 0 0 0 0 0 0 0 0 0 0 0 0 0 0 0 0 0 0 0 0 0 0 0 0 0 0 0 0 0 0 0 0 0 0 0 0 0 0 0 0 0 0 0 0 0 0 0 0 0 0 0 0 0 0 0 0 data 35 0x10005 0x97e0 0x0 0x0 0x0 0x0 0x0 0x40007 0x7774 0x20 0x206c 0x100005 0x7774 0x0 0x0 0x0 0x0 0x0 0x1a0002 0x7774 0x1d0007 0x7774 0x30 0x0 0x200002 0x0 0x0 0x0 0x0 0x0 0x0 0x0 0x9 0x1 0x0 oops 0 methods 0
ciMethodData com/google/protobuf/CodedInputStream$StreamDecoder isAtEnd ()Z 2 38867 orig 80 0 0 0 0 0 0 0 0 0 0 0 0 60 1 0 0 0 0 0 0 0 0 0 0 0 0 0 0 0 0 0 0 0 0 0 0 0 0 0 0 0 0 0 0 0 0 0 0 0 0 0 0 0 0 0 0 0 0 0 0 0 0 0 0 0 0 0 0 0 0 0 0 0 0 0 0 0 0 0 0 data 20 0x80007 0x7769 0x68 0x206a 0xd0002 0x206a 0x100007 0x1 0x38 0x2069 0x140003 0x2069 0x18 0x0 0x0 0x0 0x0 0x9 0x1 0x0 oops 0 methods 0
ciMethodData com/google/protobuf/CodedInputStream$StreamDecoder tryRefillBuffer (I)Z 2 19121 orig 80 1 0 0 0 0 0 0 0 0 0 0 0 60 1 0 0 0 0 0 0 0 0 0 0 0 0 0 0 0 0 0 0 0 0 0 0 0 0 0 1 0 0 0 0 0 0 0 0 0 0 0 0 0 0 0 0 0 0 0 0 0 0 0 0 0 0 0 0 0 0 0 0 0 0 0 0 0 0 0 0 data 170 0xa0007 0x4ab1 0x120 0x0 0x150002 0x0 0x1b0005 0x0 0x0 0x0 0x0 0x0 0x0 0x1f0005 0x0 0x0 0x0 0x0 0x0 0x0 0x250005 0x0 0x0 0x0 0x0 0x0 0x0 0x280005 0x0 0x0 0x0 0x0 0x0 0x0 0x2b0002 0x0 0x3e0007 0x4ab1 0x20 0x0 0x520007 0xc8 0x20 0x49e9 0x5b0007 0xc8 0x58 0x0 0x620005 0x0 0x0 0x0 0x0 0x0 0x0 0x80000006006d0007 0x1 0x50 0xc8 0x750007 0x24 0x30 0xa4 0x880002 0xa4 0xc80002 0xc9 0xcb0002 0xc9 0xd00007 0x0 0x60 0xc9 0xd50007 0x0 0x40 0xc9 0xde0007 0xc9 0x190 0x0 0xe90002 0x0 0xf00005 0x0 0x0 0x0 0x0 0x0 0x0 0xf30005 0x0 0x0 0x0 0x0 0x0 0x0 0xf90005 0x0 0x0 0x0 0x0 0x0 0x0 0xfd0005 0x0 0x0 0x0 0x0 0x0 0x0 0x1030005 0x0 0x0 0x0 0x0 0x0 0x0 0x1060005 0x0 0x0 0x0 0x0 0x0 0x0 0x1090002 0x0 0x10e0007 0x2 0x78 0xc7 0x11c0002 0xc7 0x1240007 0x0 0x38 0xc7 0x1280003 0xc7 0x28 0x12d0002 0x0 0x0 0x0 0x0 0x0 0x0 0x0 0x0 0x0 0x0 0x0 0x0 0x0 0x0 0x0 0x0 0x0 0x0 0x0 0x0 0x0 0x0 0x0 0x0 0x0 0x9 0x2 0x0 0x0 oops 0 methods 0
ciMethodData com/google/protobuf/WireFormat getTagFieldNumber (I)I 2 32609 orig 80 0 0 0 0 0 0 0 0 0 0 0 0 60 1 0 0 0 0 0 0 0 0 0 0 0 0 0 0 0 0 0 0 0 0 0 0 0 0 0 0 0 0 0 0 0 0 0 0 0 0 0 0 0 0 0 0 0 0 0 0 0 0 0 0 0 0 0 0 0 0 0 0 0 0 0 0 0 0 0 0 data 4 0x0 0x9 0x1 0x0 oops 0 methods 0
ciMethodData com/google/protobuf/CodedInputStream$StreamDecoder readStringRequireUtf8 ()Ljava/lang/String; 2 35873 orig 80 1 0 0 0 0 0 0 0 0 0 0 0 60 1 0 0 0 0 0 0 0 0 0 0 0 0 0 0 0 0 0 0 0 0 0 0 0 0 0 2 0 0 0 0 0 0 0 0 0 0 0 0 0 0 0 0 0 0 0 0 0 0 0 0 0 0 0 0 0 0 0 0 0 0 0 0 0 0 0 0 data 50 0x10005 0x8c21 0x0 0x0 0x0 0x0 0x0 0x110007 0x6a 0x58 0x8bb7 0x8000000600150007 0x2 0x38 0x8bb7 0x270003 0x8bb7 0xc0 0x2b0007 0x6a 0x20 0x2 0x320007 0x6a 0x30 0x0 0x350002 0x0 0x3e0007 0x0 0x48 0x6a 0x430002 0x6a 0x560003 0x6a 0x28 0x5c0002 0x0 0x670002 0x8c21 0x0 0x0 0x0 0x0 0x0 0x0 0x9 0x1 0xffffffffffffffff oops 0 methods 0
ciMethodData com/google/protobuf/CodedInputStream$StreamDecoder refillBuffer (I)V 1 965 orig 80 0 0 0 0 0 0 0 0 0 0 0 0 60 1 0 0 0 0 0 0 0 0 0 0 0 0 0 0 0 0 0 0 0 0 0 0 0 0 0 0 0 0 0 0 0 0 0 0 0 0 0 0 0 0 0 0 0 0 0 0 0 0 0 0 0 0 0 0 0 0 0 0 0 0 0 0 0 0 0 0 data 24 0x20002 0x3c5 0x50007 0x3c5 0x60 0x0 0x170007 0x0 0x30 0x0 0x1a0002 0x0 0x1e0002 0x0 0x0 0x0 0x0 0x0 0x0 0x0 0x9 0x2 0xffffffffffffffff 0x0 oops 0 methods 0
ciMethodData com/google/protobuf/Utf8 decodeUtf8 ([BII)Ljava/lang/String; 2 35923 orig 80 0 0 0 0 0 0 0 0 0 0 0 0 60 1 0 0 0 0 0 0 0 0 0 0 0 0 0 0 0 0 0 0 0 0 0 0 0 0 0 0 0 0 0 0 0 0 0 0 0 0 0 0 0 0 0 0 0 0 0 0 0 0 0 0 0 0 0 0 0 0 0 0 0 0 0 0 0 0 0 0 data 18 0x60005 0x8b91 0x0 0x13ce783f110 0xc2 0x0 0x0 0x0 0x0 0x0 0x0 0x0 0x0 0x9 0x3 0xffffffffffffffff 0x0 0x0 oops 1 3 com/google/protobuf/Utf8$UnsafeProcessor methods 0
ciMethodData com/google/protobuf/Utf8$UnsafeProcessor decodeUtf8 ([BII)Ljava/lang/String; 2 20435 orig 80 0 0 0 0 0 0 0 0 0 0 0 0 60 1 0 0 0 0 0 0 0 0 0 0 0 0 0 0 0 0 0 0 0 0 0 0 0 0 0 0 0 0 0 0 0 0 0 0 0 0 0 0 0 0 0 0 0 0 0 0 0 0 0 0 0 0 0 0 0 0 0 0 0 0 0 0 0 0 0 0 data 42 0xa0002 0x4fd3 0x130005 0x4fd3 0x0 0x0 0x0 0x0 0x0 0x160007 0x0 0x20 0x4fd3 0x210005 0x0 0x0 0x0 0x0 0x0 0x0 0x290002 0x0 0x2c0002 0x0 0x2f0007 0x0 0x20 0x0 0x350002 0x0 0x0 0x0 0x0 0x0 0x0 0x0 0x9 0x4 0x0 0x0 0x0 0x0 oops 0 methods 0
ciMethodData com/google/protobuf/CodedInputStream$StreamDecoder recomputeBufferSizeAfterLimit ()V 2 18853 orig 80 0 0 0 0 0 0 0 0 0 0 0 0 60 1 0 0 0 0 0 0 0 0 0 0 0 0 0 0 0 0 0 0 0 0 0 0 0 0 0 0 0 0 0 0 0 0 0 0 0 0 0 0 0 0 0 0 0 0 0 0 0 0 0 0 0 0 0 0 0 0 0 0 0 0 0 0 0 0 0 0 data 16 0x1c0007 0x53c 0x38 0x4469 0x360003 0x4469 0x18 0x0 0x0 0x0 0x0 0x0 0x0 0x9 0x1 0x30 oops 0 methods 0
ciMethodData com/google/protobuf/AbstractProtobufList ensureIsMutable ()V 2 51612 orig 80 0 0 0 0 0 0 0 0 0 0 0 0 60 1 0 0 0 0 0 0 0 0 0 0 0 0 0 0 0 0 0 0 0 0 0 0 0 0 0 0 0 0 0 0 0 0 0 0 0 0 0 0 0 0 0 0 0 0 0 0 0 0 0 0 0 0 0 0 0 0 0 0 0 0 0 0 0 0 0 0 data 13 0x40007 0xc99c 0x30 0x0 0xb0002 0x0 0x0 0x0 0x0 0x0 0x9 0x1 0x0 oops 0 methods 0
ciMethodData com/google/protobuf/LazyStringArrayList isModifiable ()Z 2 32004 orig 80 0 0 0 0 0 0 0 0 0 0 0 0 60 1 0 0 0 0 0 0 0 0 0 0 0 0 0 0 0 0 0 0 0 0 0 0 0 0 0 0 0 0 0 0 0 0 0 0 0 0 0 0 0 0 0 0 0 0 0 0 0 0 0 0 0 0 0 0 0 0 0 0 0 0 0 0 0 0 0 0 data 7 0x10002 0x7d04 0x0 0x0 0x9 0x1 0x0 oops 0 methods 0
ciMethodData com/google/protobuf/LazyStringArrayList add (Ljava/lang/String;)Z 2 44721 orig 80 1 0 0 0 0 0 0 0 0 0 0 0 0 0 0 0 0 0 0 0 0 0 0 0 0 0 0 0 0 0 0 0 0 0 0 0 0 0 0 0 0 0 0 0 0 0 0 0 0 0 0 0 0 0 0 0 0 0 0 0 0 0 0 0 0 0 0 0 0 0 0 0 0 0 0 0 0 0 0 0 data 24 0x10005 0x0 0x0 0x13ce90e5dc0 0xaeb2 0x0 0x0 0x90005 0x0 0x0 0x13ce0005aa8 0xaeb2 0x0 0x0 0x0 0x0 0x0 0x0 0x0 0x0 0x9 0x2 0x0 0x0 oops 2 3 com/google/protobuf/LazyStringArrayList 10 java/util/ArrayList methods 0
ciMethodData com/google/protobuf/UnknownFieldSet getDefaultInstance ()Lcom/google/protobuf/UnknownFieldSet; 2 50846 orig 80 0 0 0 0 0 0 0 0 0 0 0 0 0 0 0 0 0 0 0 0 0 0 0 0 0 0 0 0 0 0 0 0 0 0 0 0 0 0 0 0 0 0 0 0 0 0 0 0 0 0 0 0 0 0 0 0 0 0 0 0 0 0 0 0 0 0 0 0 0 0 0 0 0 0 0 0 0 0 0 0 data 4 0x0 0x0 0x9 0x0 oops 0 methods 0
ciMethodData com/google/protobuf/AbstractMessage <init> ()V 2 40858 orig 80 0 0 0 0 0 0 0 0 0 0 0 0 0 0 0 0 0 0 0 0 0 0 0 0 0 0 0 0 0 0 0 0 0 0 0 0 0 0 0 0 0 0 0 0 0 0 0 0 0 0 0 0 0 0 0 0 0 0 0 0 0 0 0 0 0 0 0 0 0 0 0 0 0 0 0 0 0 0 0 0 data 9 0x10002 0x9f9b 0x0 0x0 0x0 0x0 0x9 0x1 0x6 oops 0 methods 0
ciMethodData com/google/protobuf/AbstractMessageLite <init> ()V 2 40858 orig 80 0 0 0 0 0 0 0 0 0 0 0 0 0 0 0 0 0 0 0 0 0 0 0 0 0 0 0 0 0 0 0 0 0 0 0 0 0 0 0 0 0 0 0 0 0 0 0 0 0 0 0 0 0 0 0 0 0 0 0 0 0 0 0 0 0 0 0 0 0 0 0 0 0 0 0 0 0 0 0 0 data 9 0x10002 0x9f9b 0x0 0x0 0x0 0x0 0x9 0x1 0x6 oops 0 methods 0
ciMethodData com/google/protobuf/AbstractMessage$Builder <init> ()V 2 50839 orig 80 0 0 0 0 0 0 0 0 0 0 0 0 0 0 0 0 0 0 0 0 0 0 0 0 0 0 0 0 0 0 0 0 0 0 0 0 0 0 0 0 0 0 0 0 0 0 0 0 0 0 0 0 0 0 0 0 0 0 0 0 0 0 0 0 0 0 0 0 0 0 0 0 0 0 0 0 0 0 0 0 data 7 0x10002 0xc698 0x0 0x0 0x9 0x1 0x0 oops 0 methods 0
ciMethodData com/google/protobuf/AbstractMessageLite$Builder <init> ()V 2 50839 orig 80 0 0 0 0 0 0 0 0 0 0 0 0 0 0 0 0 0 0 0 0 0 0 0 0 0 0 0 0 0 0 0 0 0 0 0 0 0 0 0 0 0 0 0 0 0 0 0 0 0 0 0 0 0 0 0 0 0 0 0 0 0 0 0 0 0 0 0 0 0 0 0 0 0 0 0 0 0 0 0 0 data 7 0x10002 0xc698 0x0 0x0 0x9 0x1 0x0 oops 0 methods 0
ciMethodData com/google/protobuf/CodedInputStream checkRecursionLimit ()V 2 31860 orig 80 0 0 0 0 0 0 0 0 0 0 0 0 0 0 0 0 0 0 0 0 0 0 0 0 0 0 0 0 0 0 0 0 0 0 0 0 0 0 0 0 0 0 0 0 0 0 0 0 0 0 0 0 0 0 0 0 0 0 0 0 0 0 0 0 0 0 0 0 0 0 0 0 0 0 0 0 0 0 0 0 data 15 0x80007 0x7c75 0x30 0x0 0xb0002 0x0 0x0 0x0 0x0 0x0 0x0 0x0 0x9 0x1 0x0 oops 0 methods 0
ciMethodData com/google/protobuf/CodedInputStream$StreamDecoder pushLimit (I)I 2 10165 orig 80 0 0 0 0 0 0 0 0 0 0 0 0 0 0 0 0 0 0 0 0 0 0 0 0 0 0 0 0 0 0 0 0 0 0 0 0 0 0 0 0 0 0 0 0 0 0 0 0 0 0 0 0 0 0 0 0 0 0 0 0 0 0 0 0 0 0 0 0 0 0 0 0 0 0 0 0 0 0 0 0 data 30 0x10007 0x27b6 0x30 0x0 0x40002 0x0 0x150007 0x27b6 0x30 0x0 0x180002 0x0 0x230007 0x27b6 0x30 0x0 0x260002 0x0 0x300002 0x27b6 0x0 0x0 0x0 0x0 0x0 0x0 0x9 0x2 0x0 0x0 oops 0 methods 0
ciMethodData com/google/protobuf/GeneratedMessage$Builder onChanged ()V 2 34471 orig 80 0 0 0 0 0 0 0 0 0 0 0 0 0 0 0 0 0 0 0 0 0 0 0 0 0 0 0 0 0 0 0 0 0 0 0 0 0 0 0 0 0 0 0 0 0 0 0 0 0 0 0 0 0 0 0 0 0 0 0 0 0 0 0 0 0 0 0 0 0 0 0 0 0 0 0 0 0 0 0 0 data 24 0x40007 0x720f 0x78 0x1499 0xb0007 0x0 0x58 0x1499 0x120005 0x0 0x0 0x13ce90e5c60 0x1499 0x0 0x0 0x0 0x0 0x0 0x0 0x0 0x0 0x9 0x1 0x6 oops 1 11 com/google/protobuf/SingleFieldBuilder methods 0
ciMethodData com/google/protobuf/CodedInputStream$StreamDecoder checkLastTagWas (I)V 2 31948 orig 80 0 0 0 0 0 0 0 0 0 0 0 0 0 0 0 0 0 0 0 0 0 0 0 0 0 0 0 0 0 0 0 0 0 0 0 0 0 0 0 0 0 0 0 0 0 0 0 0 0 0 0 0 0 0 0 0 0 0 0 0 0 0 0 0 0 0 0 0 0 0 0 0 0 0 0 0 0 0 0 0 data 16 0x50007 0x7ccd 0x30 0x0 0x80002 0x0 0x0 0x0 0x0 0x0 0x0 0x0 0x9 0x2 0x0 0x0 oops 0 methods 0
ciMethodData com/google/protobuf/CodedInputStream$StreamDecoder getBytesUntilLimit ()I 2 31942 orig 80 0 0 0 0 0 0 0 0 0 0 0 0 0 0 0 0 0 0 0 0 0 0 0 0 0 0 0 0 0 0 0 0 0 0 0 0 0 0 0 0 0 0 0 0 0 0 0 0 0 0 0 0 0 0 0 0 0 0 0 0 0 0 0 0 0 0 0 0 0 0 0 0 0 0 0 0 0 0 0 0 data 11 0x60007 0x7cc7 0x20 0x0 0x0 0x0 0x0 0x0 0x9 0x1 0x0 oops 0 methods 0
ciMethodData com/google/protobuf/CodedInputStream$StreamDecoder popLimit (I)V 2 31942 orig 80 0 0 0 0 0 0 0 0 0 0 0 0 0 0 0 0 0 0 0 0 0 0 0 0 0 0 0 0 0 0 0 0 0 0 0 0 0 0 0 0 0 0 0 0 0 0 0 0 0 0 0 0 0 0 0 0 0 0 0 0 0 0 0 0 0 0 0 0 0 0 0 0 0 0 0 0 0 0 0 0 data 10 0x60002 0x7cc7 0x0 0x0 0x0 0x0 0x9 0x2 0xf0 0x0 oops 0 methods 0
ciMethodData com/google/protobuf/GeneratedMessage <init> (Lcom/google/protobuf/GeneratedMessage$Builder;)V 2 40824 orig 80 0 0 0 0 0 0 0 0 0 0 0 0 0 0 0 0 0 0 0 0 0 0 0 0 0 0 0 0 0 0 0 0 0 0 0 0 0 0 0 0 0 0 0 0 0 0 0 0 0 0 0 0 0 0 0 0 0 0 0 0 0 0 0 0 0 0 0 0 0 0 0 0 0 0 0 0 0 0 0 0 data 19 0x10002 0x9f79 0x60005 0x9f79 0x0 0x0 0x0 0x0 0x0 0x0 0x0 0x0 0x0 0x0 0x0 0x9 0x2 0xe 0x0 oops 0 methods 0
ciMethodData com/google/protobuf/GeneratedMessage$Builder getUnknownFields ()Lcom/google/protobuf/UnknownFieldSet; 2 24791 orig 80 0 0 0 0 0 0 0 0 0 0 0 0 0 0 0 0 0 0 0 0 0 0 0 0 0 0 0 0 0 0 0 0 0 0 0 0 0 0 0 0 0 0 0 0 0 0 0 0 0 0 0 0 0 0 0 0 0 0 0 0 0 0 0 0 0 0 0 0 0 0 0 0 0 0 0 0 0 0 0 0 data 41 0x40004 0xfffffffffffffffa 0x0 0x13cea913250 0x60d2 0x0 0x0 0x70007 0x6 0x58 0x60d2 0xe0004 0x0 0x0 0x13cea913250 0x60d2 0x0 0x0 0x160004 0x0 0x0 0x13cea76bd98 0x6 0x0 0x0 0x190005 0x0 0x0 0x0 0x0 0x0 0x0 0x0 0x0 0x0 0x0 0x0 0x0 0x9 0x1 0x0 oops 3 3 com/google/protobuf/UnknownFieldSet 14 com/google/protobuf/UnknownFieldSet 21 com/google/protobuf/UnknownFieldSet$Builder methods 0
ciMethodData com/google/protobuf/GeneratedMessage$Builder onBuilt ()V 2 52809 orig 80 0 0 0 0 0 0 0 0 0 0 0 0 0 0 0 0 0 0 0 0 0 0 0 0 0 0 0 0 0 0 0 0 0 0 0 0 0 0 0 0 0 0 0 0 0 0 0 0 0 0 0 0 0 0 0 0 0 0 0 0 0 0 0 0 0 0 0 0 0 0 0 0 0 0 0 0 0 0 0 0 data 20 0x40007 0x911b 0x58 0x3d2f 0x80005 0x1e 0x0 0x13ce7ba8bb0 0x3d0e 0x13ce7ba8c60 0x3 0x0 0x0 0x0 0x0 0x0 0x0 0x9 0x1 0x0 oops 2 7 org/sonar/python/types/protobuf/SymbolsProtos$Type$Builder 9 com/google/protobuf/DescriptorProtos$FileOptions$Builder methods 0
ciMethodData org/sonar/python/types/protobuf/SymbolsProtos$Type getDefaultInstance ()Lorg/sonar/python/types/protobuf/SymbolsProtos$Type; 2 40011 orig 80 0 0 0 0 0 0 0 0 0 0 0 0 0 0 0 0 0 0 0 0 0 0 0 0 0 0 0 0 0 0 0 0 0 0 0 0 0 0 0 0 0 0 0 0 0 0 0 0 0 0 0 0 0 0 0 0 0 0 0 0 0 0 0 0 0 0 0 0 0 0 0 0 0 0 0 0 0 0 0 0 data 4 0x0 0x0 0x9 0x0 oops 0 methods 0
ciMethodData com/google/protobuf/GeneratedMessage$Builder markClean ()V 2 35520 orig 80 0 0 0 0 0 0 0 0 0 0 0 0 0 0 0 0 0 0 0 0 0 0 0 0 0 0 0 0 0 0 0 0 0 0 0 0 0 0 0 0 0 0 0 0 0 0 0 0 0 0 0 0 0 0 0 0 0 0 0 0 0 0 0 0 0 0 0 0 0 0 0 0 0 0 0 0 0 0 0 0 data 6 0x0 0x0 0x0 0x9 0x1 0x6 oops 0 methods 0
ciMethodData org/sonar/python/types/protobuf/SymbolsProtos$FunctionSymbol$Builder ensureValidForIsMutable ()V 2 7496 orig 80 0 0 0 0 0 0 0 0 0 0 0 0 0 0 0 0 0 0 0 0 0 0 0 0 0 0 0 0 0 0 0 0 0 0 0 0 0 0 0 0 0 0 0 0 0 0 0 0 0 0 0 0 0 0 0 0 0 0 0 0 0 0 0 0 0 0 0 0 0 0 0 0 0 0 0 0 0 0 0 0 data 22 0x40005 0x0 0x0 0x13ce90e5dc0 0x1d49 0x0 0x0 0x70007 0x18ff 0x30 0x44a 0x130002 0x44a 0x0 0x0 0x0 0x0 0x0 0x0 0x9 0x1 0x0 oops 1 3 com/google/protobuf/LazyStringArrayList methods 0
ciMethodData com/google/protobuf/GeneratedMessage$Builder <init> ()V 2 30661 orig 80 0 0 0 0 0 0 0 0 0 0 0 0 0 0 0 0 0 0 0 0 0 0 0 0 0 0 0 0 0 0 0 0 0 0 0 0 0 0 0 0 0 0 0 0 0 0 0 0 0 0 0 0 0 0 0 0 0 0 0 0 0 0 0 0 0 0 0 0 0 0 0 0 0 0 0 0 0 0 0 0 data 13 0x10002 0x77c6 0x50002 0x77c6 0x0 0x0 0x0 0x0 0x0 0x0 0x9 0x1 0x0 oops 0 methods 0
ciMethodData com/google/protobuf/CodedInputStream$StreamDecoder readMessage (Lcom/google/protobuf/Parser;Lcom/google/protobuf/ExtensionRegistryLite;)Lcom/google/protobuf/MessageLite; 2 11235 orig 80 0 0 0 0 0 0 0 0 0 0 0 0 0 0 0 0 0 0 0 0 0 0 0 0 0 0 0 0 0 0 0 0 0 0 0 0 0 0 0 0 0 0 0 0 0 0 0 0 0 0 0 0 0 0 0 0 0 0 0 0 0 0 0 0 0 0 0 0 0 0 0 0 0 0 0 0 0 0 0 0 data 73 0x10005 0x2be4 0x0 0x0 0x0 0x0 0x0 0x60005 0x0 0x0 0x13ce90e5bb0 0x2be4 0x0 0x0 0xb0005 0x2be4 0x0 0x0 0x0 0x0 0x0 0x1d0005 0x1b3a 0x0 0x13ce699bb38 0xb4e 0x13ce984fac8 0x55c 0x220004 0x0 0x0 0x13ce90e5d10 0xb4e 0x13ce984fb78 0x55c 0x290005 0x2be4 0x0 0x0 0x0 0x0 0x0 0x370005 0x2be4 0x0 0x0 0x0 0x0 0x0 0x3a0007 0x2be4 0x30 0x0 0x3d0002 0x0 0x440005 0x2be4 0x0 0x0 0x0 0x0 0x0 0x0 0x0 0x0 0x0 0x0 0x0 0x9 0x3 0x0 0x0 0x0 oops 5 10 com/google/protobuf/CodedInputStream$StreamDecoder 24 org/sonar/python/types/protobuf/SymbolsProtos$ParameterSymbol$1 26 org/sonar/python/types/protobuf/SymbolsProtos$FunctionSymbol$1 31 org/sonar/python/types/protobuf/SymbolsProtos$ParameterSymbol 33 org/sonar/python/types/protobuf/SymbolsProtos$FunctionSymbol methods 0
ciMethodData org/sonar/python/types/protobuf/SymbolsProtos$Type$Builder buildPartial ()Lorg/sonar/python/types/protobuf/SymbolsProtos$Type; 2 23557 orig 80 0 0 0 0 0 0 0 0 0 0 0 0 0 0 0 0 0 0 0 0 0 0 0 0 0 0 0 0 0 0 0 0 0 0 0 0 0 0 0 0 0 0 0 0 0 0 0 0 0 0 0 0 0 0 0 0 0 0 0 0 0 0 0 0 0 0 0 0 0 0 0 0 0 0 0 0 0 0 0 0 data 36 0x50002 0x5c06 0xb0005 0x5c06 0x0 0x0 0x0 0x0 0x0 0x120007 0x1d 0x58 0x5be9 0x170005 0x5be9 0x0 0x0 0x0 0x0 0x0 0x1b0005 0x0 0x0 0x13ce7ba8bb0 0x5c06 0x0 0x0 0x0 0x0 0x0 0x0 0x0 0x0 0x9 0x1 0x0 oops 1 23 org/sonar/python/types/protobuf/SymbolsProtos$Type$Builder methods 0
ciMethodData org/sonar/python/types/protobuf/SymbolsProtos$Type <init> (Lcom/google/protobuf/GeneratedMessage$Builder;)V 2 12914 orig 80 0 0 0 0 0 0 0 0 0 0 0 0 0 0 0 0 0 0 0 0 0 0 0 0 0 0 0 0 0 0 0 0 0 0 0 0 0 0 0 0 0 0 0 0 0 0 0 0 0 0 0 0 0 0 0 0 0 0 0 0 0 0 0 0 0 0 0 0 0 0 0 0 0 0 0 0 0 0 0 0 data 10 0x20002 0x3273 0x0 0x0 0x0 0x0 0x9 0x2 0x7e 0x0 oops 0 methods 0
ciMethodData org/sonar/python/types/protobuf/SymbolsProtos$Type$Builder mergeFrom (Lcom/google/protobuf/CodedInputStream;Lcom/google/protobuf/ExtensionRegistryLite;)Lorg/sonar/python/types/protobuf/SymbolsProtos$Type$Builder; 2 12914 orig 80 0 0 0 0 0 0 0 0 0 0 0 0 0 0 0 0 0 0 0 0 0 0 0 0 0 0 0 0 0 0 0 0 0 0 0 0 0 0 0 0 0 0 0 0 0 0 0 0 0 0 0 0 0 0 0 0 0 0 0 0 0 0 0 0 0 0 0 0 0 0 0 0 0 0 0 0 0 0 0 0 data 171 0x10007 0x3273 0x30 0x0 0x80002 0x0 0xf0007 0x3273 0x3f0 0xbecb 0x130005 0x0 0x0 0x13ce90e5bb0 0xbecb 0x0 0x0 0x1a0008 0xe 0x0 0x350 0x3273 0x80 0x3256 0x98 0x13df 0xe8 0x1f7a 0x138 0x260a 0x2b0 0x9f 0x300 0x560003 0x3273 0x300 0x5b0005 0x0 0x0 0x13ce90e5bb0 0x3256 0x0 0x0 0x6b0003 0x3256 0x2b0 0x700005 0x0 0x0 0x13ce90e5bb0 0x13df 0x0 0x0 0x800003 0x13df 0x260 0x840002 0x1f7a 0x880005 0x0 0x0 0x13ce90e5bb0 0x1f7a 0x0 0x0 0x8b0004 0x0 0x0 0x13ce7ba4ee8 0x1f7a 0x0 0x0 0x940007 0x0 0xa8 0x1f7a 0x980005 0x1f7a 0x0 0x0 0x0 0x0 0x0 0xa10005 0x0 0x0 0x13ce0005aa8 0x1f7a 0x0 0x0 0xa70003 0x1f7a 0x138 0xb00005 0x0 0x0 0x0 0x0 0x0 0x0 0xb40003 0x0 0xe8 0xb90005 0x0 0x0 0x13ce90e5bb0 0x260a 0x0 0x0 0xca0003 0x260a 0x98 0xcf0005 0x0 0x0 0x13ce90e5bb0 0x9f 0x0 0x0 0xe00003 0x9f 0x48 0xe80002 0x0 0xeb0007 0x0 0x20 0x0 0xf00003 0xbecb 0xfffffffffffffc28 0xf40005 0x3273 0x0 0x0 0x0 0x0 0x0 0xf70003 0x3273 0x88 0xfc0005 0x0 0x0 0x0 0x0 0x0 0x0 0x1030005 0x0 0x0 0x0 0x0 0x0 0x0 0x0 0x0 0x0 0x0 0x0 0x0 0x0 0x0 0x0 0x0 0x9 0x3 0x0 0x0 0x0 oops 8 13 com/google/protobuf/CodedInputStream$StreamDecoder 39 com/google/protobuf/CodedInputStream$StreamDecoder 49 com/google/protobuf/CodedInputStream$StreamDecoder 61 com/google/protobuf/CodedInputStream$StreamDecoder 68 org/sonar/python/types/protobuf/SymbolsProtos$Type 86 java/util/ArrayList 106 com/google/protobuf/CodedInputStream$StreamDecoder 116 com/google/protobuf/CodedInputStream$StreamDecoder methods 0
ciMethodData org/sonar/python/types/protobuf/SymbolsProtos$Type$Builder buildPartialRepeatedFields (Lorg/sonar/python/types/protobuf/SymbolsProtos$Type;)V 2 12914 orig 80 0 0 0 0 0 0 0 0 0 0 0 0 0 0 0 0 0 0 0 0 0 0 0 0 0 0 0 0 0 0 0 0 0 0 0 0 0 0 0 0 0 0 0 0 0 0 0 0 0 0 0 0 0 0 0 0 0 0 0 0 0 0 0 0 0 0 0 0 0 0 0 0 0 0 0 0 0 0 0 0 data 30 0x40007 0x0 0x68 0x3273 0xd0007 0x1d7a 0x30 0x14f9 0x150002 0x14f9 0x2e0003 0x3273 0x50 0x360005 0x0 0x0 0x0 0x0 0x0 0x0 0x0 0x0 0x0 0x0 0x0 0x0 0x9 0x2 0x38 0x20 oops 0 methods 0
ciMethodData org/sonar/python/types/protobuf/SymbolsProtos$Type$Builder buildPartial0 (Lorg/sonar/python/types/protobuf/SymbolsProtos$Type;)V 2 12872 orig 80 0 0 0 0 0 0 0 0 0 0 0 0 0 0 0 0 0 0 0 0 0 0 0 0 0 0 0 0 0 0 0 0 0 0 0 0 0 0 0 0 0 0 0 0 0 0 0 0 0 0 0 0 0 0 0 0 0 0 0 0 0 0 0 0 0 0 0 0 0 0 0 0 0 0 0 0 0 0 0 0 data 25 0x80007 0x0 0x20 0x3249 0x160007 0x1e6a 0x20 0x13df 0x270007 0xc4c 0x20 0x25fd 0x3a0007 0x31aa 0x20 0x9f 0x0 0x0 0x0 0x0 0x0 0x9 0x2 0x0 0x78 oops 0 methods 0
ciMethodData com/google/protobuf/GeneratedMessage$Builder getParentForChildren ()Lcom/google/protobuf/AbstractMessage$BuilderParent; 2 19666 orig 80 0 0 0 0 0 0 0 0 0 0 0 0 0 0 0 0 0 0 0 0 0 0 0 0 0 0 0 0 0 0 0 0 0 0 0 0 0 0 0 0 0 0 0 0 0 0 0 0 0 0 0 0 0 0 0 0 0 0 0 0 0 0 0 0 0 0 0 0 0 0 0 0 0 0 0 0 0 0 0 0 data 15 0x40007 0x3 0x30 0x4cd0 0xe0002 0x4cd0 0x0 0x0 0x0 0x0 0x0 0x0 0x9 0x1 0xc oops 0 methods 0
ciMethodData com/google/protobuf/GeneratedMessage$Builder$BuilderParentImpl <init> (Lcom/google/protobuf/GeneratedMessage$Builder;Lcom/google/protobuf/GeneratedMessage$1;)V 2 25755 orig 80 0 0 0 0 0 0 0 0 0 0 0 0 0 0 0 0 0 0 0 0 0 0 0 0 0 0 0 0 0 0 0 0 0 0 0 0 0 0 0 0 0 0 0 0 0 0 0 0 0 0 0 0 0 0 0 0 0 0 0 0 0 0 0 0 0 0 0 0 0 0 0 0 0 0 0 0 0 0 0 0 data 9 0x20002 0x649c 0x0 0x0 0x9 0x3 0x6 0x0 0x0 oops 0 methods 0
ciMethodData com/google/protobuf/SingleFieldBuilder <init> (Lcom/google/protobuf/GeneratedMessage;Lcom/google/protobuf/AbstractMessage$BuilderParent;Z)V 2 19666 orig 80 0 0 0 0 0 0 0 0 0 0 0 0 0 0 0 0 0 0 0 0 0 0 0 0 0 0 0 0 0 0 0 0 0 0 0 0 0 0 0 0 0 0 0 0 0 0 0 0 0 0 0 0 0 0 0 0 0 0 0 0 0 0 0 0 0 0 0 0 0 0 0 0 0 0 0 0 0 0 0 0 data 23 0x10002 0x4cd3 0x60002 0x4cd3 0x90004 0x0 0x0 0x13ce7ba4ee8 0x181 0x0 0x0 0x0 0x0 0x0 0x0 0x0 0x0 0x9 0x4 0x0 0x0 0x0 0x0 oops 1 7 org/sonar/python/types/protobuf/SymbolsProtos$Type methods 0
ciMethodData com/google/protobuf/Internal checkNotNull (Ljava/lang/Object;)Ljava/lang/Object; 2 19928 orig 80 0 0 0 0 0 0 0 0 0 0 0 0 0 0 0 0 0 0 0 0 0 0 0 0 0 0 0 0 0 0 0 0 0 0 0 0 0 0 0 0 0 0 0 0 0 0 0 0 0 0 0 0 0 0 0 0 0 0 0 0 0 0 0 0 0 0 0 0 0 0 0 0 0 0 0 0 0 0 0 0 data 15 0x10007 0x4dd9 0x30 0x0 0x80002 0x0 0x0 0x0 0x0 0x0 0x0 0x0 0x9 0x1 0x0 oops 0 methods 0
ciMethodData com/google/protobuf/SingleFieldBuilder getBuilder ()Lcom/google/protobuf/GeneratedMessage$Builder; 2 19666 orig 80 0 0 0 0 0 0 0 0 0 0 0 0 0 0 0 0 0 0 0 0 0 0 0 0 0 0 0 0 0 0 0 0 0 0 0 0 0 0 0 0 0 0 0 0 0 0 0 0 0 0 0 0 0 0 0 0 0 0 0 0 0 0 0 0 0 0 0 0 0 0 0 0 0 0 0 0 0 0 0 0 data 41 0x40007 0x0 0x100 0x4cd3 0xd0005 0x1e 0x0 0x13ce7ba4ee8 0x4cb2 0x13ce7ba8d10 0x3 0x100004 0x0 0x0 0x13ce7ba8bb0 0x4cb2 0x13ce7ba8c60 0x3 0x1e0005 0x1e 0x0 0x13ce7ba8bb0 0x4cb2 0x13ce7ba8c60 0x3 0x260005 0x1e 0x0 0x13ce7ba8bb0 0x4cb2 0x13ce7ba8c60 0x3 0x0 0x0 0x0 0x0 0x0 0x0 0x9 0x1 0xffffffffffffffff oops 8 7 org/sonar/python/types/protobuf/SymbolsProtos$Type 9 com/google/protobuf/DescriptorProtos$FileOptions 14 org/sonar/python/types/protobuf/SymbolsProtos$Type$Builder 16 com/google/protobuf/DescriptorProtos$FileOptions$Builder 21 org/sonar/python/types/protobuf/SymbolsProtos$Type$Builder 23 com/google/protobuf/DescriptorProtos$FileOptions$Builder 28 org/sonar/python/types/protobuf/SymbolsProtos$Type$Builder 30 com/google/protobuf/DescriptorProtos$FileOptions$Builder methods 0
ciMethodData org/sonar/python/types/protobuf/SymbolsProtos$Type newBuilderForType (Lcom/google/protobuf/AbstractMessage$BuilderParent;)Lcom/google/protobuf/Message$Builder; 2 19633 orig 80 0 0 0 0 0 0 0 0 0 0 0 0 0 0 0 0 0 0 0 0 0 0 0 0 0 0 0 0 0 0 0 0 0 0 0 0 0 0 0 0 0 0 0 0 0 0 0 0 0 0 0 0 0 0 0 0 0 0 0 0 0 0 0 0 0 0 0 0 0 0 0 0 0 0 0 0 0 0 0 0 data 17 0x20005 0x4cb2 0x0 0x0 0x0 0x0 0x0 0x0 0x0 0x0 0x0 0x0 0x0 0x9 0x2 0x0 0x0 oops 0 methods 0
ciMethodData org/sonar/python/types/protobuf/SymbolsProtos$Type newBuilderForType (Lcom/google/protobuf/AbstractMessage$BuilderParent;)Lorg/sonar/python/types/protobuf/SymbolsProtos$Type$Builder; 2 19633 orig 80 0 0 0 0 0 0 0 0 0 0 0 0 0 0 0 0 0 0 0 0 0 0 0 0 0 0 0 0 0 0 0 0 0 0 0 0 0 0 0 0 0 0 0 0 0 0 0 0 0 0 0 0 0 0 0 0 0 0 0 0 0 0 0 0 0 0 0 0 0 0 0 0 0 0 0 0 0 0 0 0 data 8 0x50002 0x4cb2 0x0 0x0 0x9 0x2 0x0 0x0 oops 0 methods 0
ciMethodData org/sonar/python/types/protobuf/SymbolsProtos$Type$Builder <init> (Lcom/google/protobuf/AbstractMessage$BuilderParent;)V 2 19633 orig 80 0 0 0 0 0 0 0 0 0 0 0 0 0 0 0 0 0 0 0 0 0 0 0 0 0 0 0 0 0 0 0 0 0 0 0 0 0 0 0 0 0 0 0 0 0 0 0 0 0 0 0 0 0 0 0 0 0 0 0 0 0 0 0 0 0 0 0 0 0 0 0 0 0 0 0 0 0 0 0 0 data 14 0x20002 0x4cb2 0x110002 0x4cb2 0x0 0x0 0x0 0x0 0x0 0x0 0x9 0x2 0x0 0x0 oops 0 methods 0
ciMethodData com/google/protobuf/GeneratedMessage$Builder <init> (Lcom/google/protobuf/AbstractMessage$BuilderParent;)V 2 19666 orig 80 0 0 0 0 0 0 0 0 0 0 0 0 0 0 0 0 0 0 0 0 0 0 0 0 0 0 0 0 0 0 0 0 0 0 0 0 0 0 0 0 0 0 0 0 0 0 0 0 0 0 0 0 0 0 0 0 0 0 0 0 0 0 0 0 0 0 0 0 0 0 0 0 0 0 0 0 0 0 0 0 data 14 0x10002 0x4cd3 0x50002 0x4cd3 0x0 0x0 0x0 0x0 0x0 0x0 0x9 0x2 0x0 0x0 oops 0 methods 0
ciMethodData org/sonar/python/types/protobuf/SymbolsProtos$Type$Builder mergeFrom (Lcom/google/protobuf/Message;)Lcom/google/protobuf/AbstractMessage$Builder; 2 19633 orig 80 0 0 0 0 0 0 0 0 0 0 0 0 0 0 0 0 0 0 0 0 0 0 0 0 0 0 0 0 0 0 0 0 0 0 0 0 0 0 0 0 0 0 0 0 0 0 0 0 0 0 0 0 0 0 0 0 0 0 0 0 0 0 0 0 0 0 0 0 0 0 0 0 0 0 0 0 0 0 0 0 data 17 0x20005 0x4cb2 0x0 0x0 0x0 0x0 0x0 0x0 0x0 0x0 0x0 0x0 0x0 0x9 0x2 0x0 0x0 oops 0 methods 0
ciMethodData org/sonar/python/types/protobuf/SymbolsProtos$Type$Builder mergeFrom (Lcom/google/protobuf/Message;)Lorg/sonar/python/types/protobuf/SymbolsProtos$Type$Builder; 2 19633 orig 80 0 0 0 0 0 0 0 0 0 0 0 0 0 0 0 0 0 0 0 0 0 0 0 0 0 0 0 0 0 0 0 0 0 0 0 0 0 0 0 0 0 0 0 0 0 0 0 0 0 0 0 0 0 0 0 0 0 0 0 0 0 0 0 0 0 0 0 0 0 0 0 0 0 0 0 0 0 0 0 0 data 37 0x10004 0x0 0x0 0x13ce7ba4ee8 0x4cb2 0x0 0x0 0x40007 0x0 0x90 0x4cb2 0x90004 0x0 0x0 0x13ce7ba4ee8 0x4cb2 0x0 0x0 0xc0005 0x4cb2 0x0 0x0 0x0 0x0 0x0 0x120002 0x0 0x0 0x0 0x0 0x0 0x0 0x0 0x9 0x2 0x0 0x0 oops 2 3 org/sonar/python/types/protobuf/SymbolsProtos$Type 14 org/sonar/python/types/protobuf/SymbolsProtos$Type methods 0
ciMethodData org/sonar/python/types/protobuf/SymbolsProtos$Type$Builder mergeFrom (Lorg/sonar/python/types/protobuf/SymbolsProtos$Type;)Lorg/sonar/python/types/protobuf/SymbolsProtos$Type$Builder; 2 19633 orig 80 0 0 0 0 0 0 0 0 0 0 0 0 0 0 0 0 0 0 0 0 0 0 0 0 0 0 0 0 0 0 0 0 0 0 0 0 0 0 0 0 0 0 0 0 0 0 0 0 0 0 0 0 0 0 0 0 0 0 0 0 0 0 0 0 0 0 0 0 0 0 0 0 0 0 0 0 0 0 0 0 data 243 0x10002 0x4cb2 0x40007 0x0 0x20 0x4cb2 0xa0005 0x0 0x0 0x0 0x0 0x0 0x0 0xd0005 0x0 0x0 0x0 0x0 0x0 0x0 0x100007 0x0 0x58 0x0 0x260005 0x0 0x0 0x0 0x0 0x0 0x0 0x2d0007 0x0 0x90 0x0 0x320005 0x0 0x0 0x0 0x0 0x0 0x0 0x350005 0x0 0x0 0x0 0x0 0x0 0x0 0x3d0007 0x0 0x1a8 0x0 0x440005 0x0 0x0 0x0 0x0 0x0 0x0 0x490007 0x0 0x308 0x0 0x500005 0x0 0x0 0x0 0x0 0x0 0x0 0x550007 0x0 0x38 0x0 0x6b0003 0x0 0x88 0x6f0005 0x0 0x0 0x0 0x0 0x0 0x0 0x7a0005 0x0 0x0 0x0 0x0 0x0 0x0 0x810005 0x0 0x0 0x0 0x0 0x0 0x0 0x840003 0x0 0x1d0 0x8b0005 0x0 0x0 0x0 0x0 0x0 0x0 0x900007 0x0 0x180 0x0 0x970005 0x0 0x0 0x0 0x0 0x0 0x0 0x9a0007 0x0 0xf0 0x0 0xa10005 0x0 0x0 0x0 0x0 0x0 0x0 0xbd0002 0x0 0xc00007 0x0 0x70 0x0 0xc40005 0x0 0x0 0x0 0x0 0x0 0x0 0xc70003 0x0 0x18 0xce0003 0x0 0x50 0xd90005 0x0 0x0 0x0 0x0 0x0 0x0 0xde0005 0x0 0x0 0x0 0x0 0x0 0x0 0xe10007 0x0 0x58 0x0 0xf80005 0x0 0x0 0x0 0x0 0x0 0x0 0xfc0005 0x0 0x0 0x0 0x0 0x0 0x0 0xff0007 0x0 0x90 0x0 0x1040005 0x0 0x0 0x0 0x0 0x0 0x0 0x1070005 0x0 0x0 0x0 0x0 0x0 0x0 0x10d0005 0x0 0x0 0x0 0x0 0x0 0x0 0x1100005 0x0 0x0 0x0 0x0 0x0 0x0 0x1150005 0x0 0x0 0x0 0x0 0x0 0x0 0x0 0x0 0x0 0x0 0x0 0x0 0x0 0x0 0x0 0x0 0x0 0x0 0x0 0x0 0x0 0x0 0x0 0x0 0x9 0x2 0x0 0x0 oops 0 methods 0
ciMethodData com/google/protobuf/CodedInputStream$StreamDecoder readMessage (Lcom/google/protobuf/MessageLite$Builder;Lcom/google/protobuf/ExtensionRegistryLite;)V 2 19633 orig 80 0 0 0 0 0 0 0 0 0 0 0 0 0 0 0 0 0 0 0 0 0 0 0 0 0 0 0 0 0 0 0 0 0 0 0 0 0 0 0 0 0 0 0 0 0 0 0 0 0 0 0 0 0 0 0 0 0 0 0 0 0 0 0 0 0 0 0 0 0 0 0 0 0 0 0 0 0 0 0 0 data 66 0x10005 0x4cb2 0x0 0x0 0x0 0x0 0x0 0x60005 0x0 0x0 0x13ce90e5bb0 0x4cb2 0x0 0x0 0xb0005 0x4cb2 0x0 0x0 0x0 0x0 0x0 0x1d0005 0x0 0x0 0x13ce7ba8bb0 0x4cb2 0x0 0x0 0x250005 0x4cb2 0x0 0x0 0x0 0x0 0x0 0x330005 0x4cb2 0x0 0x0 0x0 0x0 0x0 0x360007 0x4cb2 0x30 0x0 0x390002 0x0 0x400005 0x4cb2 0x0 0x0 0x0 0x0 0x0 0x0 0x0 0x0 0x0 0x0 0x0 0x9 0x3 0xffffffffffffffff 0xffffffffffffffff 0xffffffffffffffff oops 2 10 com/google/protobuf/CodedInputStream$StreamDecoder 24 org/sonar/python/types/protobuf/SymbolsProtos$Type$Builder methods 0
ciMethodData org/sonar/python/types/protobuf/SymbolsProtos$Type$Builder mergeFrom (Lcom/google/protobuf/CodedInputStream;Lcom/google/protobuf/ExtensionRegistryLite;)Lcom/google/protobuf/MessageLite$Builder; 2 19633 orig 80 0 0 0 0 0 0 0 0 0 0 0 0 0 0 0 0 0 0 0 0 0 0 0 0 0 0 0 0 0 0 0 0 0 0 0 0 0 0 0 0 0 0 0 0 0 0 0 0 0 0 0 0 0 0 0 0 0 0 0 0 0 0 0 0 0 0 0 0 0 0 0 0 0 0 0 0 0 0 0 0 data 18 0x30005 0x4cb2 0x0 0x0 0x0 0x0 0x0 0x0 0x0 0x0 0x0 0x0 0x0 0x9 0x3 0xffffffffffffffff 0xffffffffffffffff 0xffffffffffffffff oops 0 methods 0
ciMethodData com/google/protobuf/SingleFieldBuilder build ()Lcom/google/protobuf/GeneratedMessage; 2 25758 orig 80 0 0 0 0 0 0 0 0 0 0 0 0 0 0 0 0 0 0 0 0 0 0 0 0 0 0 0 0 0 0 0 0 0 0 0 0 0 0 0 0 0 0 0 0 0 0 0 0 0 0 0 0 0 0 0 0 0 0 0 0 0 0 0 0 0 0 0 0 0 0 0 0 0 0 0 0 0 0 0 0 data 16 0x60005 0x0 0x0 0x13ce90e5c60 0x649f 0x0 0x0 0x0 0x0 0x0 0x0 0x0 0x0 0x9 0x1 0x0 oops 1 3 com/google/protobuf/SingleFieldBuilder methods 0
ciMethodData com/google/protobuf/SingleFieldBuilder getMessage ()Lcom/google/protobuf/GeneratedMessage; 2 25758 orig 80 0 0 0 0 0 0 0 0 0 0 0 0 0 0 0 0 0 0 0 0 0 0 0 0 0 0 0 0 0 0 0 0 0 0 0 0 0 0 0 0 0 0 0 0 0 0 0 0 0 0 0 0 0 0 0 0 0 0 0 0 0 0 0 0 0 0 0 0 0 0 0 0 0 0 0 0 0 0 0 0 data 27 0x40007 0x0 0x90 0x649f 0xc0005 0x1e 0x0 0x13ce7ba8bb0 0x647e 0x13ce7ba8c60 0x3 0xf0004 0x0 0x0 0x13ce7ba4ee8 0x647e 0x13ce7ba8d10 0x3 0x0 0x0 0x0 0x0 0x0 0x0 0x9 0x1 0x0 oops 4 7 org/sonar/python/types/protobuf/SymbolsProtos$Type$Builder 9 com/google/protobuf/DescriptorProtos$FileOptions$Builder 14 org/sonar/python/types/protobuf/SymbolsProtos$Type 16 com/google/protobuf/DescriptorProtos$FileOptions methods 0
ciMethodData org/sonar/python/types/protobuf/SymbolsProtos$Type$Builder buildPartial ()Lcom/google/protobuf/Message; 2 15309 orig 80 0 0 0 0 0 0 0 0 0 0 0 0 0 0 0 0 0 0 0 0 0 0 0 0 0 0 0 0 0 0 0 0 0 0 0 0 0 0 0 0 0 0 0 0 0 0 0 0 0 0 0 0 0 0 0 0 0 0 0 0 0 0 0 0 0 0 0 0 0 0 0 0 0 0 0 0 0 0 0 0 data 16 0x10005 0x3bce 0x0 0x0 0x0 0x0 0x0 0x0 0x0 0x0 0x0 0x0 0x0 0x9 0x1 0x0 oops 0 methods 0
ciMethodData com/google/protobuf/LazyStringArrayList size ()I 2 26288 orig 80 0 0 0 0 0 0 0 0 0 0 0 0 0 0 0 0 0 0 0 0 0 0 0 0 0 0 0 0 0 0 0 0 0 0 0 0 0 0 0 0 0 0 0 0 0 0 0 0 0 0 0 0 0 0 0 0 0 0 0 0 0 0 0 0 0 0 0 0 0 0 0 0 0 0 0 0 0 0 0 0 data 16 0x40005 0x0 0x0 0x13ce0005aa8 0x4576 0x13cea4f7560 0x213b 0x0 0x0 0x0 0x0 0x0 0x0 0x9 0x1 0x0 oops 2 3 java/util/ArrayList 5 java/util/Collections$EmptyList methods 0
ciMethodData com/google/protobuf/LazyStringArrayList <init> (Lcom/google/protobuf/LazyStringList;)V 2 6477 orig 80 0 0 0 0 0 0 0 0 0 0 0 0 60 1 0 0 0 0 0 0 0 0 0 0 0 0 0 0 0 0 0 0 0 0 0 0 0 0 0 0 0 0 0 0 0 0 0 0 0 0 0 0 0 0 0 0 0 0 0 0 0 0 0 0 0 0 0 0 0 0 0 0 0 0 0 0 0 0 0 0 data 28 0x10002 0x194d 0xa0005 0x0 0x0 0x13ce90e5dc0 0x194d 0x0 0x0 0xf0002 0x194d 0x170005 0x0 0x0 0x13ce90e5dc0 0x194d 0x0 0x0 0x0 0x0 0x0 0x0 0x0 0x0 0x9 0x2 0x0 0x0 oops 2 5 com/google/protobuf/LazyStringArrayList 14 com/google/protobuf/LazyStringArrayList methods 0
ciMethodData com/google/protobuf/AbstractProtobufList <init> ()V 2 6477 orig 80 0 0 0 0 0 0 0 0 0 0 0 0 60 1 0 0 0 0 0 0 0 0 0 0 0 0 0 0 0 0 0 0 0 0 0 0 0 0 0 0 0 0 0 0 0 0 0 0 0 0 0 0 0 0 0 0 0 0 0 0 0 0 0 0 0 0 0 0 0 0 0 0 0 0 0 0 0 0 0 0 data 7 0x20002 0x194d 0x0 0x0 0x9 0x1 0x6 oops 0 methods 0
ciMethodData com/google/protobuf/AbstractProtobufList <init> (Z)V 2 6486 orig 80 0 0 0 0 0 0 0 0 0 0 0 0 60 1 0 0 0 0 0 0 0 0 0 0 0 0 0 0 0 0 0 0 0 0 0 0 0 0 0 0 0 0 0 0 0 0 0 0 0 0 0 0 0 0 0 0 0 0 0 0 0 0 0 0 0 0 0 0 0 0 0 0 0 0 0 0 0 0 0 0 data 10 0x10002 0x1956 0x0 0x0 0x0 0x0 0x9 0x2 0x6 0x0 oops 0 methods 0
ciMethodData com/google/protobuf/LazyStringArrayList addAll (Ljava/util/Collection;)Z 2 6473 orig 80 0 0 0 0 0 0 0 0 0 0 0 0 60 1 0 0 0 0 0 0 0 0 0 0 0 0 0 0 0 0 0 0 0 0 0 0 0 0 0 0 0 0 0 0 0 0 0 0 0 0 0 0 0 0 0 0 0 0 0 0 0 0 0 0 0 0 0 0 0 0 0 0 0 0 0 0 0 0 0 0 data 24 0x20005 0x0 0x0 0x13ce90e5dc0 0x1949 0x0 0x0 0x60005 0x0 0x0 0x13ce90e5dc0 0x1949 0x0 0x0 0x0 0x0 0x0 0x0 0x0 0x0 0x9 0x2 0x0 0x0 oops 2 3 com/google/protobuf/LazyStringArrayList 10 com/google/protobuf/LazyStringArrayList methods 0
ciMethodData com/google/protobuf/LazyStringArrayList addAll (ILjava/util/Collection;)Z 2 6472 orig 80 0 0 0 0 0 0 0 0 0 0 0 0 60 1 0 0 0 0 0 0 0 0 0 0 0 0 0 0 0 0 0 0 0 0 0 0 0 0 0 0 0 0 0 0 0 0 0 0 0 0 0 0 0 0 0 0 0 0 0 0 0 0 0 0 0 0 0 0 0 0 0 0 0 0 0 0 0 0 0 0 data 53 0x10005 0x0 0x0 0x13ce90e5dc0 0x1948 0x0 0x0 0x50004 0x0 0x0 0x13ce90e5dc0 0x1948 0x0 0x0 0x80007 0x0 0xa8 0x1948 0xc0004 0x0 0x0 0x13ce90e5dc0 0x1948 0x0 0x0 0xf0005 0x0 0x0 0x13ce90e5dc0 0x1948 0x0 0x0 0x140003 0x1948 0x18 0x1f0005 0x0 0x0 0x13ce0005aa8 0x1948 0x0 0x0 0x0 0x0 0x0 0x0 0x0 0x0 0x9 0x3 0x0 0x0 0x0 oops 5 3 com/google/protobuf/LazyStringArrayList 10 com/google/protobuf/LazyStringArrayList 21 com/google/protobuf/LazyStringArrayList 28 com/google/protobuf/LazyStringArrayList 38 java/util/ArrayList methods 0
ciMethodData org/sonar/python/types/protobuf/SymbolsProtos$ParameterSymbol parser ()Lcom/google/protobuf/Parser; 2 13136 orig 80 0 0 0 0 0 0 0 0 0 0 0 0 0 0 0 0 0 0 0 0 0 0 0 0 0 0 0 0 0 0 0 0 0 0 0 0 0 0 0 0 0 0 0 0 0 0 0 0 0 0 0 0 0 0 0 0 0 0 0 0 0 0 0 0 0 0 0 0 0 0 0 0 0 0 0 0 0 0 0 0 data 4 0x0 0x0 0x9 0x0 oops 0 methods 0
ciMethodData org/sonar/python/types/protobuf/SymbolsProtos$ParameterSymbol$1 parsePartialFrom (Lcom/google/protobuf/CodedInputStream;Lcom/google/protobuf/ExtensionRegistryLite;)Ljava/lang/Object; 2 13136 orig 80 0 0 0 0 0 0 0 0 0 0 0 0 0 0 0 0 0 0 0 0 0 0 0 0 0 0 0 0 0 0 0 0 0 0 0 0 0 0 0 0 0 0 0 0 0 0 0 0 0 0 0 0 0 0 0 0 0 0 0 0 0 0 0 0 0 0 0 0 0 0 0 0 0 0 0 0 0 0 0 0 data 18 0x30005 0x0 0x0 0x13ce699bb38 0x3351 0x0 0x0 0x0 0x0 0x0 0x0 0x0 0x0 0x9 0x3 0x0 0x0 0x0 oops 1 3 org/sonar/python/types/protobuf/SymbolsProtos$ParameterSymbol$1 methods 0
ciMethodData org/sonar/python/types/protobuf/SymbolsProtos$ParameterSymbol$1 parsePartialFrom (Lcom/google/protobuf/CodedInputStream;Lcom/google/protobuf/ExtensionRegistryLite;)Lorg/sonar/python/types/protobuf/SymbolsProtos$ParameterSymbol; 2 13136 orig 80 0 0 0 0 0 0 0 0 0 0 0 0 0 0 0 0 0 0 0 0 0 0 0 0 0 0 0 0 0 0 0 0 0 0 0 0 0 0 0 0 0 0 0 0 0 0 0 0 0 0 0 0 0 0 0 0 0 0 0 0 0 0 0 0 0 0 0 0 0 0 0 0 0 0 0 0 0 0 0 0 data 81 0x2 0x3351 0x70005 0x3351 0x0 0x0 0x0 0x0 0x0 0xb0003 0x3351 0x1b0 0x130005 0x0 0x0 0x0 0x0 0x0 0x0 0x160005 0x0 0x0 0x0 0x0 0x0 0x0 0x1e0005 0x0 0x0 0x0 0x0 0x0 0x0 0x220005 0x0 0x0 0x0 0x0 0x0 0x0 0x250005 0x0 0x0 0x0 0x0 0x0 0x0 0x310002 0x0 0x350005 0x0 0x0 0x0 0x0 0x0 0x0 0x380005 0x0 0x0 0x0 0x0 0x0 0x0 0x3d0005 0x3351 0x0 0x0 0x0 0x0 0x0 0x0 0x0 0x0 0x0 0x0 0x0 0x9 0x3 0x0 0x0 0x0 oops 0 methods 0
ciMethodData org/sonar/python/types/protobuf/SymbolsProtos$ParameterSymbol newBuilder ()Lorg/sonar/python/types/protobuf/SymbolsProtos$ParameterSymbol$Builder; 2 13136 orig 80 0 0 0 0 0 0 0 0 0 0 0 0 0 0 0 0 0 0 0 0 0 0 0 0 0 0 0 0 0 0 0 0 0 0 0 0 0 0 0 0 0 0 0 0 0 0 0 0 0 0 0 0 0 0 0 0 0 0 0 0 0 0 0 0 0 0 0 0 0 0 0 0 0 0 0 0 0 0 0 0 data 15 0x30005 0x3351 0x0 0x0 0x0 0x0 0x0 0x0 0x0 0x0 0x0 0x0 0x0 0x9 0x0 oops 0 methods 0
ciMethodData org/sonar/python/types/protobuf/SymbolsProtos$ParameterSymbol toBuilder ()Lorg/sonar/python/types/protobuf/SymbolsProtos$ParameterSymbol$Builder; 2 13136 orig 80 0 0 0 0 0 0 0 0 0 0 0 0 0 0 0 0 0 0 0 0 0 0 0 0 0 0 0 0 0 0 0 0 0 0 0 0 0 0 0 0 0 0 0 0 0 0 0 0 0 0 0 0 0 0 0 0 0 0 0 0 0 0 0 0 0 0 0 0 0 0 0 0 0 0 0 0 0 0 0 0 data 27 0x40007 0x0 0x48 0x3351 0xb0002 0x3351 0xe0003 0x3351 0x60 0x150002 0x0 0x190005 0x0 0x0 0x0 0x0 0x0 0x0 0x0 0x0 0x0 0x0 0x0 0x0 0x9 0x1 0x0 oops 0 methods 0
ciMethodData org/sonar/python/types/protobuf/SymbolsProtos$ParameterSymbol$Builder <init> ()V 2 13136 orig 80 0 0 0 0 0 0 0 0 0 0 0 0 0 0 0 0 0 0 0 0 0 0 0 0 0 0 0 0 0 0 0 0 0 0 0 0 0 0 0 0 0 0 0 0 0 0 0 0 0 0 0 0 0 0 0 0 0 0 0 0 0 0 0 0 0 0 0 0 0 0 0 0 0 0 0 0 0 0 0 0 data 18 0x10002 0x3351 0x100005 0x3351 0x0 0x0 0x0 0x0 0x0 0x0 0x0 0x0 0x0 0x0 0x0 0x9 0x1 0x0 oops 0 methods 0
ciMethodData org/sonar/python/types/protobuf/SymbolsProtos$ParameterSymbol$Builder maybeForceBuilderInitialization ()V 2 13136 orig 80 0 0 0 0 0 0 0 0 0 0 0 0 0 0 0 0 0 0 0 0 0 0 0 0 0 0 0 0 0 0 0 0 0 0 0 0 0 0 0 0 0 0 0 0 0 0 0 0 0 0 0 0 0 0 0 0 0 0 0 0 0 0 0 0 0 0 0 0 0 0 0 0 0 0 0 0 0 0 0 0 data 22 0x2 0x3351 0x30007 0x3351 0x58 0x0 0x70005 0x0 0x0 0x0 0x0 0x0 0x0 0x0 0x0 0x0 0x0 0x0 0x0 0x9 0x1 0x0 oops 0 methods 0
ciMethodData org/sonar/python/types/protobuf/SymbolsProtos$ParameterSymbol access$300 ()Z 2 13136 orig 80 0 0 0 0 0 0 0 0 0 0 0 0 0 0 0 0 0 0 0 0 0 0 0 0 0 0 0 0 0 0 0 0 0 0 0 0 0 0 0 0 0 0 0 0 0 0 0 0 0 0 0 0 0 0 0 0 0 0 0 0 0 0 0 0 0 0 0 0 0 0 0 0 0 0 0 0 0 0 0 0 data 4 0x0 0x0 0x9 0x0 oops 0 methods 0
ciMethodData org/sonar/python/types/protobuf/SymbolsProtos$ParameterSymbol$Builder mergeFrom (Lcom/google/protobuf/CodedInputStream;Lcom/google/protobuf/ExtensionRegistryLite;)Lorg/sonar/python/types/protobuf/SymbolsProtos$ParameterSymbol$Builder; 2 12688 orig 80 0 0 0 0 0 0 0 0 0 0 0 0 0 0 0 0 0 0 0 0 0 0 0 0 0 0 0 0 0 0 0 0 0 0 0 0 0 0 0 0 0 0 0 0 0 0 0 0 0 0 0 0 0 0 0 0 0 0 0 0 0 0 0 0 0 0 0 0 0 0 0 0 0 0 0 0 0 0 0 0 data 134 0x10007 0x3191 0x30 0x0 0x80002 0x0 0xf0007 0x3191 0x2d8 0xc3de 0x130005 0x0 0x0 0x13ce90e5bb0 0xc3de 0x0 0x0 0x1a0008 0xc 0x0 0x238 0x3191 0x70 0x2576 0x88 0x2579 0xd8 0x30cc 0x128 0x1692 0x1e8 0x4e0003 0x3191 0x1f8 0x530005 0x0 0x0 0x13ce90e5bb0 0x2576 0x0 0x0 0x630003 0x2576 0x1a8 0x680005 0x0 0x0 0x13ce90e5bb0 0x2579 0x0 0x0 0x780003 0x2579 0x158 0x7d0005 0x30cc 0x0 0x0 0x0 0x0 0x0 0x800005 0x0 0x0 0x13ce90e5c60 0x30cc 0x0 0x0 0x840005 0x0 0x0 0x13ce90e5bb0 0x30cc 0x0 0x0 0x910003 0x30cc 0x98 0x960005 0x0 0x0 0x13ce90e5bb0 0x1692 0x0 0x0 0xa70003 0x1692 0x48 0xaf0002 0x0 0xb20007 0x0 0x20 0x0 0xb70003 0xc3de 0xfffffffffffffd40 0xbb0005 0x3191 0x0 0x0 0x0 0x0 0x0 0xbe0003 0x3191 0x88 0xc30005 0x0 0x0 0x0 0x0 0x0 0x0 0xca0005 0x0 0x0 0x0 0x0 0x0 0x0 0x0 0x0 0x0 0x0 0x0 0x0 0x0 0x0 0x9 0x3 0x0 0x0 0x0 oops 6 13 com/google/protobuf/CodedInputStream$StreamDecoder 37 com/google/protobuf/CodedInputStream$StreamDecoder 47 com/google/protobuf/CodedInputStream$StreamDecoder 64 com/google/protobuf/SingleFieldBuilder 71 com/google/protobuf/CodedInputStream$StreamDecoder 81 com/google/protobuf/CodedInputStream$StreamDecoder methods 0
ciMethodData org/sonar/python/types/protobuf/SymbolsProtos$ParameterSymbol$Builder buildPartial ()Lorg/sonar/python/types/protobuf/SymbolsProtos$ParameterSymbol; 2 18940 orig 80 0 0 0 0 0 0 0 0 0 0 0 0 0 0 0 0 0 0 0 0 0 0 0 0 0 0 0 0 0 0 0 0 0 0 0 0 0 0 0 0 0 0 0 0 0 0 0 0 0 0 0 0 0 0 0 0 0 0 0 0 0 0 0 0 0 0 0 0 0 0 0 0 0 0 0 0 0 0 0 0 data 29 0x50002 0x49fd 0xd0007 0x2d 0x58 0x49d0 0x120005 0x49d0 0x0 0x0 0x0 0x0 0x0 0x160005 0x0 0x0 0x13cea90d298 0x49fd 0x0 0x0 0x0 0x0 0x0 0x0 0x0 0x0 0x9 0x1 0x0 oops 1 16 org/sonar/python/types/protobuf/SymbolsProtos$ParameterSymbol$Builder methods 0
ciMethodData org/sonar/python/types/protobuf/SymbolsProtos$ParameterSymbol <init> (Lcom/google/protobuf/GeneratedMessage$Builder;)V 2 18940 orig 80 0 0 0 0 0 0 0 0 0 0 0 0 0 0 0 0 0 0 0 0 0 0 0 0 0 0 0 0 0 0 0 0 0 0 0 0 0 0 0 0 0 0 0 0 0 0 0 0 0 0 0 0 0 0 0 0 0 0 0 0 0 0 0 0 0 0 0 0 0 0 0 0 0 0 0 0 0 0 0 0 data 10 0x20002 0x49fd 0x0 0x0 0x0 0x0 0x9 0x2 0x3e 0x0 oops 0 methods 0
ciMethodData org/sonar/python/types/protobuf/SymbolsProtos$ParameterSymbol$Builder buildPartial0 (Lorg/sonar/python/types/protobuf/SymbolsProtos$ParameterSymbol;)V 2 18895 orig 80 0 0 0 0 0 0 0 0 0 0 0 0 0 0 0 0 0 0 0 0 0 0 0 0 0 0 0 0 0 0 0 0 0 0 0 0 0 0 0 0 0 0 0 0 0 0 0 0 0 0 0 0 0 0 0 0 0 0 0 0 0 0 0 0 0 0 0 0 0 0 0 0 0 0 0 0 0 0 0 0 data 47 0xa0007 0xd43 0x20 0x3c8d 0x1c0007 0xd3e 0x20 0x3c92 0x2a0007 0x138 0xc8 0x4898 0x320007 0x4898 0x38 0x0 0x390003 0x0 0x88 0x400005 0x0 0x0 0x13ce90e5c60 0x4898 0x0 0x0 0x430004 0x0 0x0 0x13ce7ba4ee8 0x4898 0x0 0x0 0x510007 0x22cf 0x20 0x2701 0x0 0x0 0x0 0x0 0x0 0x0 0x9 0x2 0x0 0x38 oops 2 22 com/google/protobuf/SingleFieldBuilder 29 org/sonar/python/types/protobuf/SymbolsProtos$Type methods 0
ciMethodData org/sonar/python/types/protobuf/SymbolsProtos$FunctionSymbol$Builder ensureParametersIsMutable ()V 2 11714 orig 80 0 0 0 0 0 0 0 0 0 0 0 0 0 0 0 0 0 0 0 0 0 0 0 0 0 0 0 0 0 0 0 0 0 0 0 0 0 0 0 0 0 0 0 0 0 0 0 0 0 0 0 0 0 0 0 0 0 0 0 0 0 0 0 0 0 0 0 0 0 0 0 0 0 0 0 0 0 0 0 0 data 13 0x70007 0x2062 0x30 0xd61 0x130002 0xd61 0x0 0x0 0x0 0x0 0x9 0x1 0x98 oops 0 methods 0
ciMethodData org/sonar/python/types/protobuf/SymbolsProtos$FunctionSymbol$Builder mergeFrom (Lcom/google/protobuf/CodedInputStream;Lcom/google/protobuf/ExtensionRegistryLite;)Lorg/sonar/python/types/protobuf/SymbolsProtos$FunctionSymbol$Builder; 2 4158 orig 80 1 0 0 0 0 0 0 0 0 0 0 0 0 0 0 0 0 0 0 0 0 0 0 0 0 0 0 0 0 0 0 0 0 0 0 0 0 0 0 0 0 0 0 0 0 0 0 0 0 0 0 0 0 0 0 0 0 0 0 0 0 0 0 0 0 0 0 0 0 0 0 0 0 0 0 0 0 0 0 0 data 333 0x10007 0x103e 0x30 0x0 0x80002 0x0 0xf0007 0x1040 0x8a0 0xd75a 0x130005 0x0 0x0 0x13ce90e5bb0 0xd75a 0x0 0x0 0x1a0008 0x20 0x0 0x800 0x1040 0x110 0x103e 0x128 0x103e 0x178 0xfdd 0x1c8 0x32bb 0x288 0x53c 0x400 0x559 0x450 0x55 0x510 0x2 0x560 0x0 0x5b0 0x3e8 0x600 0xec 0x650 0x6 0x6a0 0x43 0x6f0 0x53fd 0x740 0x9e0003 0x1040 0x720 0xa30005 0x0 0x0 0x13ce90e5bb0 0x103e 0x0 0x0 0xb30003 0x103e 0x6d0 0xb80005 0x0 0x0 0x13ce90e5bb0 0x103e 0x0 0x0 0xc80003 0x103e 0x680 0xcd0005 0xfdd 0x0 0x0 0x0 0x0 0x0 0xd00005 0x0 0x0 0x13ce90e5c60 0xfdd 0x0 0x0 0xd40005 0x0 0x0 0x13ce90e5bb0 0xfdd 0x0 0x0 0xe10003 0xfdd 0x5c0 0xe50002 0x32bb 0xe90005 0x0 0x0 0x13ce90e5bb0 0x32bb 0x0 0x0 0xec0004 0x0 0x0 0x13ce90e5d10 0x32bb 0x0 0x0 0xf50007 0x0 0xa8 0x32bb 0xf90005 0x32bb 0x0 0x0 0x0 0x0 0x0 0x1020005 0x0 0x0 0x13ce0005aa8 0x32bb 0x0 0x0 0x1080003 0x32bb 0x498 0x1110005 0x0 0x0 0x0 0x0 0x0 0x0 0x1150003 0x0 0x448 0x11a0005 0x0 0x0 0x13ce90e5bb0 0x53c 0x0 0x0 0x12b0003 0x53c 0x3f8 0x12f0005 0x0 0x0 0x13ce90e5bb0 0x559 0x0 0x0 0x1350005 0x55a 0x0 0x0 0x0 0x0 0x0 0x13e0005 0x0 0x0 0x13ce90e5dc0 0x55a 0x0 0x0 0x1420003 0x55a 0x338 0x1470005 0x0 0x0 0x13ce90e5bb0 0x55 0x0 0x0 0x1580003 0x55 0x2e8 0x15d0005 0x0 0x0 0x13ce90e5bb0 0x2 0x0 0x0 0x16f0003 0x2 0x298 0x1740005 0x0 0x0 0x0 0x0 0x0 0x0 0x1860003 0x0 0x248 0x18b0005 0x0 0x0 0x13ce90e5bb0 0x3e8 0x0 0x0 0x19d0003 0x3e8 0x1f8 0x1a20005 0x0 0x0 0x13ce90e5bb0 0xec 0x0 0x0 0x1b40003 0xec 0x1a8 0x1b90005 0x0 0x0 0x13ce90e5bb0 0x6 0x0 0x0 0x1cb0003 0x6 0x158 0x1d00005 0x0 0x0 0x13ce90e5bb0 0x43 0x0 0x0 0x1e20003 0x43 0x108 0x1e60005 0x0 0x0 0x13ce90e5bb0 0x53fd 0x0 0x0 0x1ec0005 0x53fd 0x0 0x0 0x0 0x0 0x0 0x1f50005 0x0 0x0 0x13ce90e5dc0 0x53fd 0x0 0x0 0x1f90003 0x53fd 0x48 0x2010002 0x0 0x2040007 0x0 0x20 0x0 0x2090003 0xd75b 0xfffffffffffff778 0x20d0005 0x1040 0x0 0x0 0x0 0x0 0x0 0x2100003 0x1040 0x88 0x2150005 0x0 0x0 0x0 0x0 0x0 0x0 0x21c0005 0x0 0x0 0x0 0x0 0x0 0x0 0x0 0x0 0x0 0x0 0x0 0x0 0x0 0x0 0x0 0x0 0x0 0x0 0x0 0x0 0x0 0x0 0x0 0x0 0x0 0x0 0x0 0x0 0x9 0x3 0x0 0x0 0x0 oops 19 13 com/google/protobuf/CodedInputStream$StreamDecoder 57 com/google/protobuf/CodedInputStream$StreamDecoder 67 com/google/protobuf/CodedInputStream$StreamDecoder 84 com/google/protobuf/SingleFieldBuilder 91 com/google/protobuf/CodedInputStream$StreamDecoder 103 com/google/protobuf/CodedInputStream$StreamDecoder 110 org/sonar/python/types/protobuf/SymbolsProtos$ParameterSymbol 128 java/util/ArrayList 148 com/google/protobuf/CodedInputStream$StreamDecoder 158 com/google/protobuf/CodedInputStream$StreamDecoder 172 com/google/protobuf/LazyStringArrayList 182 com/google/protobuf/CodedInputStream$StreamDecoder 192 com/google/protobuf/CodedInputStream$StreamDecoder 212 com/google/protobuf/CodedInputStream$StreamDecoder 222 com/google/protobuf/CodedInputStream$StreamDecoder 232 com/google/protobuf/CodedInputStream$StreamDecoder 242 com/google/protobuf/CodedInputStream$StreamDecoder 252 com/google/protobuf/CodedInputStream$StreamDecoder 266 com/google/protobuf/LazyStringArrayList methods 0
ciMethodData com/google/protobuf/LazyStringArrayList getUnderlyingElements ()Ljava/util/List; 2 6246 orig 80 0 0 0 0 0 0 0 0 0 0 0 0 0 0 0 0 0 0 0 0 0 0 0 0 0 0 0 0 0 0 0 0 0 0 0 0 0 0 0 0 0 0 0 0 0 0 0 0 0 0 0 0 0 0 0 0 0 0 0 0 0 0 0 0 0 0 0 0 0 0 0 0 0 0 0 0 0 0 0 0 data 11 0x40002 0x1867 0x0 0x0 0x0 0x0 0x0 0x0 0x9 0x1 0x0 oops 0 methods 0
ciMethodData com/google/protobuf/CodedInputStream$StreamDecoder readBool ()Z 2 9314 orig 80 0 0 0 0 0 0 0 0 0 0 0 0 0 0 0 0 0 0 0 0 0 0 0 0 0 0 0 0 0 0 0 0 0 0 0 0 0 0 0 0 0 0 0 0 0 0 0 0 0 0 0 0 0 0 0 0 0 0 0 0 0 0 0 0 0 0 0 0 0 0 0 0 0 0 0 0 0 0 0 0 data 23 0x10005 0x2463 0x0 0x0 0x0 0x0 0x0 0x60007 0x0 0x38 0x2463 0xa0003 0x2463 0x18 0x0 0x0 0x0 0x0 0x0 0x0 0x9 0x1 0xffffffffffffffff oops 0 methods 0
ciMethodData com/google/protobuf/CodedInputStream$StreamDecoder readRawVarint64 ()J 2 9542 orig 80 0 0 0 0 0 0 0 0 0 0 0 0 0 0 0 0 0 0 0 0 0 0 0 0 0 0 0 0 0 0 0 0 0 0 0 0 0 0 0 0 0 0 0 0 0 0 0 0 0 0 0 0 0 0 0 0 0 0 0 0 0 0 0 0 0 0 0 0 0 0 0 0 0 0 0 0 0 0 0 0 data 97 0xa0007 0x2540 0x38 0x7 0xd0003 0x7 0x250 0x1e0007 0x0 0x20 0x2540 0x320007 0x0 0x38 0x0 0x350003 0x0 0x1f8 0x470007 0x0 0x38 0x0 0x510003 0x0 0x1c0 0x630007 0x0 0x38 0x0 0x6e0003 0x0 0x188 0x800007 0x0 0x38 0x0 0x8b0003 0x0 0x150 0xa00007 0x0 0x38 0x0 0xa90003 0x0 0x118 0xbc0007 0x0 0x38 0x0 0xc50003 0x0 0xe0 0xd80007 0x0 0x38 0x0 0xe10003 0x0 0xa8 0xf40007 0x0 0x38 0x0 0xfd0003 0x0 0x70 0x1160007 0x0 0x58 0x0 0x1220007 0x0 0x38 0x0 0x1250003 0x0 0x18 0x1300005 0x7 0x0 0x0 0x0 0x0 0x0 0x0 0x0 0x0 0x0 0x0 0x0 0x0 0x0 0x0 0x9 0x1 0x0 oops 0 methods 0
ciMethodData org/sonar/python/types/protobuf/SymbolsProtos$FunctionSymbol$Builder getReturnAnnotationFieldBuilder ()Lcom/google/protobuf/SingleFieldBuilder; 2 4798 orig 80 0 0 0 0 0 0 0 0 0 0 0 0 0 0 0 0 0 0 0 0 0 0 0 0 0 0 0 0 0 0 0 0 0 0 0 0 0 0 0 0 0 0 0 0 0 0 0 0 0 0 0 0 0 0 0 0 0 0 0 0 0 0 0 0 0 0 0 0 0 0 0 0 0 0 0 0 0 0 0 0 data 36 0x40007 0x0 0xd8 0x12bf 0xd0005 0x12bf 0x0 0x0 0x0 0x0 0x0 0x110005 0x0 0x0 0x13ce90e4cd0 0x12bf 0x0 0x0 0x150005 0x0 0x0 0x13ce90e4cd0 0x12bf 0x0 0x0 0x180002 0x12bf 0x0 0x0 0x0 0x0 0x0 0x0 0x9 0x1 0xcc oops 2 14 org/sonar/python/types/protobuf/SymbolsProtos$FunctionSymbol$Builder 21 org/sonar/python/types/protobuf/SymbolsProtos$FunctionSymbol$Builder methods 0
ciMethodData org/sonar/python/types/protobuf/SymbolsProtos$FunctionSymbol$Builder getReturnAnnotation ()Lorg/sonar/python/types/protobuf/SymbolsProtos$Type; 2 4798 orig 80 0 0 0 0 0 0 0 0 0 0 0 0 0 0 0 0 0 0 0 0 0 0 0 0 0 0 0 0 0 0 0 0 0 0 0 0 0 0 0 0 0 0 0 0 0 0 0 0 0 0 0 0 0 0 0 0 0 0 0 0 0 0 0 0 0 0 0 0 0 0 0 0 0 0 0 0 0 0 0 0 data 36 0x40007 0x0 0x68 0x12bf 0xb0007 0x0 0x48 0x12bf 0xe0002 0x12bf 0x110003 0x12bf 0x18 0x1d0005 0x0 0x0 0x0 0x0 0x0 0x0 0x200004 0x0 0x0 0x0 0x0 0x0 0x0 0x0 0x0 0x0 0x0 0x0 0x0 0x9 0x1 0x0 oops 0 methods 0
ciMethodData org/sonar/python/types/protobuf/SymbolsProtos$FunctionSymbol$Builder ensureResolvedDecoratorNamesIsMutable ()V 2 1292 orig 80 0 0 0 0 0 0 0 0 0 0 0 0 60 1 0 0 0 0 0 0 0 0 0 0 0 0 0 0 0 0 0 0 0 0 0 0 0 0 0 0 0 0 0 0 0 0 0 0 0 0 0 0 0 0 0 0 0 0 0 0 0 0 0 0 0 0 0 0 0 0 0 0 0 0 0 0 0 0 0 0 data 22 0x40005 0x0 0x0 0x13ce90e5dc0 0x50c 0x0 0x0 0x70007 0x1b 0x30 0x4f1 0x130002 0x4f1 0x0 0x0 0x0 0x0 0x0 0x0 0x9 0x1 0x0 oops 1 3 com/google/protobuf/LazyStringArrayList methods 0
ciMethod com/google/protobuf/UnknownFieldSet$Builder build ()Lcom/google/protobuf/UnknownFieldSet; 12 0 6 0 0
ciMethod com/google/protobuf/UnknownFieldSet$Builder buildPartial ()Lcom/google/protobuf/UnknownFieldSet; 12 0 6 0 0
ciMethodData com/google/protobuf/UnknownFieldSet$Builder buildPartial ()Lcom/google/protobuf/UnknownFieldSet; 1 0 orig 80 0 0 0 0 0 0 0 0 0 0 0 0 60 1 0 0 0 0 0 0 0 0 0 0 0 0 0 0 0 0 0 0 0 0 0 0 0 0 0 0 0 0 0 0 0 0 0 0 0 0 0 0 0 0 0 0 0 0 0 0 0 0 0 0 0 0 0 0 0 0 0 0 0 0 0 0 0 0 0 0 data 16 0x10005 0x0 0x0 0x0 0x0 0x0 0x0 0x0 0x0 0x0 0x0 0x0 0x0 0x9 0x1 0x0 oops 0 methods 0
ciMethodData com/google/protobuf/UnknownFieldSet$Builder build ()Lcom/google/protobuf/UnknownFieldSet; 1 0 orig 80 0 0 0 0 0 0 0 0 0 0 0 0 60 1 0 0 0 0 0 0 0 0 0 0 0 0 0 0 0 0 0 0 0 0 0 0 0 0 0 0 0 0 0 0 0 0 0 0 0 0 0 0 0 0 0 0 0 0 0 0 0 0 0 0 0 0 0 0 0 0 0 0 0 0 0 0 0 0 0 0 data 113 0x40005 0x0 0x0 0x0 0x0 0x0 0x0 0x70007 0x0 0x48 0x0 0xa0002 0x0 0xe0003 0x0 0x2d8 0x150002 0x0 0x1d0005 0x0 0x0 0x0 0x0 0x0 0x0 0x200005 0x0 0x0 0x0 0x0 0x0 0x0 0x270005 0x0 0x0 0x0 0x0 0x0 0x0 0x2c0007 0x0 0x1f8 0x0 0x300005 0x0 0x0 0x0 0x0 0x0 0x0 0x350004 0x0 0x0 0x0 0x0 0x0 0x0 0x3d0005 0x0 0x0 0x0 0x0 0x0 0x0 0x420004 0x0 0x0 0x0 0x0 0x0 0x0 0x470005 0x0 0x0 0x0 0x0 0x0 0x0 0x4c0004 0x0 0x0 0x0 0x0 0x0 0x0 0x4f0005 0x0 0x0 0x0 0x0 0x0 0x0 0x520005 0x0 0x0 0x0 0x0 0x0 0x0 0x560003 0x0 0xfffffffffffffde8 0x5f0002 0x0 0x0 0x0 0x0 0x0 0x0 0x0 0x9 0x1 0x0 oops 0 methods 0
compile org/sonar/python/types/protobuf/SymbolsProtos$FunctionSymbol$Builder mergeFrom (Lcom/google/protobuf/CodedInputStream;Lcom/google/protobuf/ExtensionRegistryLite;)Lorg/sonar/python/types/protobuf/SymbolsProtos$FunctionSymbol$Builder; -1 4 inline 199 0 -1 0 org/sonar/python/types/protobuf/SymbolsProtos$FunctionSymbol$Builder mergeFrom (Lcom/google/protobuf/CodedInputStream;Lcom/google/protobuf/ExtensionRegistryLite;)Lorg/sonar/python/types/protobuf/SymbolsProtos$FunctionSymbol$Builder; 1 19 0 com/google/protobuf/CodedInputStream$StreamDecoder readTag ()I 2 1 0 com/google/protobuf/CodedInputStream$StreamDecoder isAtEnd ()Z 2 16 0 com/google/protobuf/CodedInputStream$StreamDecoder readRawVarint32 ()I 2 26 0 com/google/protobuf/WireFormat getTagFieldNumber (I)I 1 486 0 com/google/protobuf/CodedInputStream$StreamDecoder readStringRequireUtf8 ()Ljava/lang/String; 2 1 0 com/google/protobuf/CodedInputStream$StreamDecoder readRawVarint32 ()I 2 103 0 com/google/protobuf/Utf8 decodeUtf8 ([BII)Ljava/lang/String; 3 6 0 com/google/protobuf/Utf8$UnsafeProcessor decodeUtf8 ([BII)Ljava/lang/String; 4 10 0 java/lang/String <init> ([BIILjava/nio/charset/Charset;)V 5 3 0 java/util/Objects requireNonNull (Ljava/lang/Object;)Ljava/lang/Object; 5 14 0 java/lang/String checkBoundsOffCount (III)I 6 6 0 jdk/internal/util/Preconditions checkFromIndexSize (IIILjava/util/function/BiFunction;)I 4 19 0 java/lang/String indexOf (I)I 5 3 0 java/lang/String indexOf (II)I 6 1 0 java/lang/String isLatin1 ()Z 6 14 0 java/lang/String length ()I 7 6 0 java/lang/String coder ()B 6 17 0 java/lang/StringLatin1 indexOf ([BIII)I 7 1 0 java/lang/StringLatin1 canEncode (I)Z 1 492 0 org/sonar/python/types/protobuf/SymbolsProtos$FunctionSymbol$Builder ensureValidForIsMutable ()V 2 4 0 com/google/protobuf/LazyStringArrayList isModifiable ()Z 3 1 0 com/google/protobuf/AbstractProtobufList isModifiable ()Z 2 19 0 com/google/protobuf/LazyStringArrayList <init> (Lcom/google/protobuf/LazyStringList;)V 3 1 0 com/google/protobuf/AbstractProtobufList <init> ()V 4 2 0 com/google/protobuf/AbstractProtobufList <init> (Z)V 5 1 0 java/util/AbstractList <init> ()V 6 1 0 java/util/AbstractCollection <init> ()V 7 1 0 java/lang/Object <init> ()V 3 10 0 com/google/protobuf/LazyStringArrayList size ()I 4 4 0 java/util/ArrayList size ()I 4 4 0 java/util/Collections$EmptyList size ()I 3 15 0 java/util/ArrayList <init> (I)V 4 1 0 java/util/AbstractList <init> ()V 5 1 0 java/util/AbstractCollection <init> ()V 6 1 0 java/lang/Object <init> ()V 3 23 0 com/google/protobuf/LazyStringArrayList addAll (Ljava/util/Collection;)Z 4 2 0 com/google/protobuf/LazyStringArrayList size ()I 5 4 0 java/util/ArrayList size ()I 5 4 0 java/util/Collections$EmptyList size ()I 4 6 0 com/google/protobuf/LazyStringArrayList addAll (ILjava/util/Collection;)Z 5 1 0 com/google/protobuf/AbstractProtobufList ensureIsMutable ()V 5 15 0 com/google/protobuf/LazyStringArrayList getUnderlyingElements ()Ljava/util/List; 6 4 0 java/util/Collections unmodifiableList (Ljava/util/List;)Ljava/util/List; 7 36 0 java/util/Collections$UnmodifiableRandomAccessList <init> (Ljava/util/List;)V 8 2 0 java/util/Collections$UnmodifiableList <init> (Ljava/util/List;)V 9 2 0 java/util/Collections$UnmodifiableCollection <init> (Ljava/util/Collection;)V 10 1 0 java/lang/Object <init> ()V 5 31 0 java/util/ArrayList addAll (ILjava/util/Collection;)Z 6 2 0 java/util/ArrayList rangeCheckForAdd (I)V 6 6 0 java/util/Collections$UnmodifiableCollection toArray ()[Ljava/lang/Object; 7 4 0 java/util/Collections$EmptyList toArray ()[Ljava/lang/Object; 1 501 0 com/google/protobuf/LazyStringArrayList add (Ljava/lang/String;)Z 2 1 0 com/google/protobuf/AbstractProtobufList ensureIsMutable ()V 2 9 0 java/util/ArrayList add (Ljava/lang/Object;)Z 3 20 0 java/util/ArrayList add (Ljava/lang/Object;[Ljava/lang/Object;I)V 4 7 0 java/util/ArrayList grow ()[Ljava/lang/Object; 5 7 0 java/util/ArrayList grow (I)[Ljava/lang/Object; 6 27 0 jdk/internal/util/ArraysSupport newLength (III)I 6 37 0 java/util/Arrays copyOf ([Ljava/lang/Object;I)[Ljava/lang/Object; 1 464 0 com/google/protobuf/CodedInputStream$StreamDecoder readBool ()Z 2 1 0 com/google/protobuf/CodedInputStream$StreamDecoder readRawVarint64 ()J 1 418 0 com/google/protobuf/CodedInputStream$StreamDecoder readBool ()Z 2 1 0 com/google/protobuf/CodedInputStream$StreamDecoder readRawVarint64 ()J 1 395 0 com/google/protobuf/CodedInputStream$StreamDecoder readBool ()Z 2 1 0 com/google/protobuf/CodedInputStream$StreamDecoder readRawVarint64 ()J 1 327 0 com/google/protobuf/CodedInputStream$StreamDecoder readBool ()Z 2 1 0 com/google/protobuf/CodedInputStream$StreamDecoder readRawVarint64 ()J 1 303 0 com/google/protobuf/CodedInputStream$StreamDecoder readStringRequireUtf8 ()Ljava/lang/String; 2 1 0 com/google/protobuf/CodedInputStream$StreamDecoder readRawVarint32 ()I 2 103 0 com/google/protobuf/Utf8 decodeUtf8 ([BII)Ljava/lang/String; 3 6 0 com/google/protobuf/Utf8$UnsafeProcessor decodeUtf8 ([BII)Ljava/lang/String; 4 10 0 java/lang/String <init> ([BIILjava/nio/charset/Charset;)V 5 3 0 java/util/Objects requireNonNull (Ljava/lang/Object;)Ljava/lang/Object; 5 14 0 java/lang/String checkBoundsOffCount (III)I 6 6 0 jdk/internal/util/Preconditions checkFromIndexSize (IIILjava/util/function/BiFunction;)I 4 19 0 java/lang/String indexOf (I)I 5 3 0 java/lang/String indexOf (II)I 6 1 0 java/lang/String isLatin1 ()Z 6 14 0 java/lang/String length ()I 7 6 0 java/lang/String coder ()B 6 17 0 java/lang/StringLatin1 indexOf ([BIII)I 7 1 0 java/lang/StringLatin1 canEncode (I)Z 1 309 0 org/sonar/python/types/protobuf/SymbolsProtos$FunctionSymbol$Builder ensureResolvedDecoratorNamesIsMutable ()V 2 4 0 com/google/protobuf/LazyStringArrayList isModifiable ()Z 3 1 0 com/google/protobuf/AbstractProtobufList isModifiable ()Z 2 19 0 com/google/protobuf/LazyStringArrayList <init> (Lcom/google/protobuf/LazyStringList;)V 3 1 0 com/google/protobuf/AbstractProtobufList <init> ()V 4 2 0 com/google/protobuf/AbstractProtobufList <init> (Z)V 5 1 0 java/util/AbstractList <init> ()V 6 1 0 java/util/AbstractCollection <init> ()V 7 1 0 java/lang/Object <init> ()V 3 10 0 com/google/protobuf/LazyStringArrayList size ()I 4 4 0 java/util/ArrayList size ()I 4 4 0 java/util/Collections$EmptyList size ()I 3 15 0 java/util/ArrayList <init> (I)V 4 1 0 java/util/AbstractList <init> ()V 5 1 0 java/util/AbstractCollection <init> ()V 6 1 0 java/lang/Object <init> ()V 3 23 0 com/google/protobuf/LazyStringArrayList addAll (Ljava/util/Collection;)Z 4 2 0 com/google/protobuf/LazyStringArrayList size ()I 5 4 0 java/util/ArrayList size ()I 5 4 0 java/util/Collections$EmptyList size ()I 4 6 0 com/google/protobuf/LazyStringArrayList addAll (ILjava/util/Collection;)Z 5 1 0 com/google/protobuf/AbstractProtobufList ensureIsMutable ()V 5 15 0 com/google/protobuf/LazyStringArrayList getUnderlyingElements ()Ljava/util/List; 6 4 0 java/util/Collections unmodifiableList (Ljava/util/List;)Ljava/util/List; 7 36 0 java/util/Collections$UnmodifiableRandomAccessList <init> (Ljava/util/List;)V 8 2 0 java/util/Collections$UnmodifiableList <init> (Ljava/util/List;)V 9 2 0 java/util/Collections$UnmodifiableCollection <init> (Ljava/util/Collection;)V 10 1 0 java/lang/Object <init> ()V 5 31 0 java/util/ArrayList addAll (ILjava/util/Collection;)Z 6 2 0 java/util/ArrayList rangeCheckForAdd (I)V 6 6 0 java/util/Collections$UnmodifiableCollection toArray ()[Ljava/lang/Object; 7 4 0 java/util/Collections$EmptyList toArray ()[Ljava/lang/Object; 1 318 0 com/google/protobuf/LazyStringArrayList add (Ljava/lang/String;)Z 2 1 0 com/google/protobuf/AbstractProtobufList ensureIsMutable ()V 2 9 0 java/util/ArrayList add (Ljava/lang/Object;)Z 3 20 0 java/util/ArrayList add (Ljava/lang/Object;[Ljava/lang/Object;I)V 4 7 0 java/util/ArrayList grow ()[Ljava/lang/Object; 5 7 0 java/util/ArrayList grow (I)[Ljava/lang/Object; 6 27 0 jdk/internal/util/ArraysSupport newLength (III)I 6 37 0 java/util/Arrays copyOf ([Ljava/lang/Object;I)[Ljava/lang/Object; 1 282 0 com/google/protobuf/CodedInputStream$StreamDecoder readBool ()Z 2 1 0 com/google/protobuf/CodedInputStream$StreamDecoder readRawVarint64 ()J 1 229 0 org/sonar/python/types/protobuf/SymbolsProtos$ParameterSymbol parser ()Lcom/google/protobuf/Parser; 1 233 0 com/google/protobuf/CodedInputStream$StreamDecoder readMessage (Lcom/google/protobuf/Parser;Lcom/google/protobuf/ExtensionRegistryLite;)Lcom/google/protobuf/MessageLite; 2 1 0 com/google/protobuf/CodedInputStream$StreamDecoder readRawVarint32 ()I 2 6 0 com/google/protobuf/CodedInputStream checkRecursionLimit ()V 2 11 0 com/google/protobuf/CodedInputStream$StreamDecoder pushLimit (I)I 3 48 0 com/google/protobuf/CodedInputStream$StreamDecoder recomputeBufferSizeAfterLimit ()V 2 29 0 org/sonar/python/types/protobuf/SymbolsProtos$ParameterSymbol$1 parsePartialFrom (Lcom/google/protobuf/CodedInputStream;Lcom/google/protobuf/ExtensionRegistryLite;)Ljava/lang/Object; 3 3 0 org/sonar/python/types/protobuf/SymbolsProtos$ParameterSymbol$1 parsePartialFrom (Lcom/google/protobuf/CodedInputStream;Lcom/google/protobuf/ExtensionRegistryLite;)Lorg/sonar/python/types/protobuf/SymbolsProtos$ParameterSymbol; 4 0 0 org/sonar/python/types/protobuf/SymbolsProtos$ParameterSymbol newBuilder ()Lorg/sonar/python/types/protobuf/SymbolsProtos$ParameterSymbol$Builder; 5 3 0 org/sonar/python/types/protobuf/SymbolsProtos$ParameterSymbol toBuilder ()Lorg/sonar/python/types/protobuf/SymbolsProtos$ParameterSymbol$Builder; 6 11 0 org/sonar/python/types/protobuf/SymbolsProtos$ParameterSymbol$Builder <init> ()V 7 1 0 com/google/protobuf/GeneratedMessage$Builder <init> ()V 8 1 0 com/google/protobuf/AbstractMessage$Builder <init> ()V 9 1 0 com/google/protobuf/AbstractMessageLite$Builder <init> ()V 10 1 0 java/lang/Object <init> ()V 8 5 0 com/google/protobuf/UnknownFieldSet getDefaultInstance ()Lcom/google/protobuf/UnknownFieldSet; 7 16 0 org/sonar/python/types/protobuf/SymbolsProtos$ParameterSymbol$Builder maybeForceBuilderInitialization ()V 8 0 0 org/sonar/python/types/protobuf/SymbolsProtos$ParameterSymbol access$300 ()Z 4 61 0 org/sonar/python/types/protobuf/SymbolsProtos$ParameterSymbol$Builder buildPartial ()Lorg/sonar/python/types/protobuf/SymbolsProtos$ParameterSymbol; 5 5 0 org/sonar/python/types/protobuf/SymbolsProtos$ParameterSymbol <init> (Lcom/google/protobuf/GeneratedMessage$Builder;)V 6 2 0 com/google/protobuf/GeneratedMessage <init> (Lcom/google/protobuf/GeneratedMessage$Builder;)V 7 1 0 com/google/protobuf/AbstractMessage <init> ()V 8 1 0 com/google/protobuf/AbstractMessageLite <init> ()V 9 1 0 java/lang/Object <init> ()V 7 6 0 com/google/protobuf/GeneratedMessage$Builder getUnknownFields ()Lcom/google/protobuf/UnknownFieldSet; 8 25 0 com/google/protobuf/UnknownFieldSet$Builder buildPartial ()Lcom/google/protobuf/UnknownFieldSet; 5 18 0 org/sonar/python/types/protobuf/SymbolsProtos$ParameterSymbol$Builder buildPartial0 (Lorg/sonar/python/types/protobuf/SymbolsProtos$ParameterSymbol;)V 6 64 0 com/google/protobuf/SingleFieldBuilder build ()Lcom/google/protobuf/GeneratedMessage; 7 6 0 com/google/protobuf/SingleFieldBuilder getMessage ()Lcom/google/protobuf/GeneratedMessage; 5 22 0 com/google/protobuf/GeneratedMessage$Builder onBuilt ()V 6 8 0 com/google/protobuf/GeneratedMessage$Builder markClean ()V 2 41 0 com/google/protobuf/CodedInputStream$StreamDecoder checkLastTagWas (I)V 2 55 0 com/google/protobuf/CodedInputStream$StreamDecoder getBytesUntilLimit ()I 2 68 0 com/google/protobuf/CodedInputStream$StreamDecoder popLimit (I)V 3 6 0 com/google/protobuf/CodedInputStream$StreamDecoder recomputeBufferSizeAfterLimit ()V 1 249 0 org/sonar/python/types/protobuf/SymbolsProtos$FunctionSymbol$Builder ensureParametersIsMutable ()V 2 19 0 java/util/ArrayList <init> (Ljava/util/Collection;)V 3 1 0 java/util/AbstractList <init> ()V 4 1 0 java/util/AbstractCollection <init> ()V 5 1 0 java/lang/Object <init> ()V 1 258 0 java/util/ArrayList add (Ljava/lang/Object;)Z 2 20 0 java/util/ArrayList add (Ljava/lang/Object;[Ljava/lang/Object;I)V 3 7 0 java/util/ArrayList grow ()[Ljava/lang/Object; 4 7 0 java/util/ArrayList grow (I)[Ljava/lang/Object; 5 27 0 jdk/internal/util/ArraysSupport newLength (III)I 5 37 0 java/util/Arrays copyOf ([Ljava/lang/Object;I)[Ljava/lang/Object; 1 205 0 org/sonar/python/types/protobuf/SymbolsProtos$FunctionSymbol$Builder getReturnAnnotationFieldBuilder ()Lcom/google/protobuf/SingleFieldBuilder; 2 13 0 org/sonar/python/types/protobuf/SymbolsProtos$FunctionSymbol$Builder getReturnAnnotation ()Lorg/sonar/python/types/protobuf/SymbolsProtos$Type; 3 14 0 org/sonar/python/types/protobuf/SymbolsProtos$Type getDefaultInstance ()Lorg/sonar/python/types/protobuf/SymbolsProtos$Type; 2 17 0 com/google/protobuf/GeneratedMessage$Builder getParentForChildren ()Lcom/google/protobuf/AbstractMessage$BuilderParent; 2 21 0 com/google/protobuf/GeneratedMessage$Builder isClean ()Z 2 24 0 com/google/protobuf/SingleFieldBuilder <init> (Lcom/google/protobuf/GeneratedMessage;Lcom/google/protobuf/AbstractMessage$BuilderParent;Z)V 3 1 0 java/lang/Object <init> ()V 3 6 0 com/google/protobuf/Internal checkNotNull (Ljava/lang/Object;)Ljava/lang/Object; 1 208 0 com/google/protobuf/SingleFieldBuilder getBuilder ()Lcom/google/protobuf/GeneratedMessage$Builder; 2 13 0 org/sonar/python/types/protobuf/SymbolsProtos$Type newBuilderForType (Lcom/google/protobuf/AbstractMessage$BuilderParent;)Lcom/google/protobuf/Message$Builder; 3 2 0 org/sonar/python/types/protobuf/SymbolsProtos$Type newBuilderForType (Lcom/google/protobuf/AbstractMessage$BuilderParent;)Lorg/sonar/python/types/protobuf/SymbolsProtos$Type$Builder; 4 5 0 org/sonar/python/types/protobuf/SymbolsProtos$Type$Builder <init> (Lcom/google/protobuf/AbstractMessage$BuilderParent;)V 5 2 0 com/google/protobuf/GeneratedMessage$Builder <init> (Lcom/google/protobuf/AbstractMessage$BuilderParent;)V 6 1 0 com/google/protobuf/AbstractMessage$Builder <init> ()V 7 1 0 com/google/protobuf/AbstractMessageLite$Builder <init> ()V 8 1 0 java/lang/Object <init> ()V 6 5 0 com/google/protobuf/UnknownFieldSet getDefaultInstance ()Lcom/google/protobuf/UnknownFieldSet; 5 17 0 java/util/Collections emptyList ()Ljava/util/List; 2 30 0 org/sonar/python/types/protobuf/SymbolsProtos$Type$Builder mergeFrom (Lcom/google/protobuf/Message;)Lcom/google/protobuf/AbstractMessage$Builder; 3 2 0 org/sonar/python/types/protobuf/SymbolsProtos$Type$Builder mergeFrom (Lcom/google/protobuf/Message;)Lorg/sonar/python/types/protobuf/SymbolsProtos$Type$Builder; 4 12 0 org/sonar/python/types/protobuf/SymbolsProtos$Type$Builder mergeFrom (Lorg/sonar/python/types/protobuf/SymbolsProtos$Type;)Lorg/sonar/python/types/protobuf/SymbolsProtos$Type$Builder; 5 1 0 org/sonar/python/types/protobuf/SymbolsProtos$Type getDefaultInstance ()Lorg/sonar/python/types/protobuf/SymbolsProtos$Type; 2 38 0 com/google/protobuf/GeneratedMessage$Builder markClean ()V 1 212 0 com/google/protobuf/CodedInputStream$StreamDecoder readMessage (Lcom/google/protobuf/MessageLite$Builder;Lcom/google/protobuf/ExtensionRegistryLite;)V 2 1 0 com/google/protobuf/CodedInputStream$StreamDecoder readRawVarint32 ()I 2 6 0 com/google/protobuf/CodedInputStream checkRecursionLimit ()V 2 11 0 com/google/protobuf/CodedInputStream$StreamDecoder pushLimit (I)I 3 48 0 com/google/protobuf/CodedInputStream$StreamDecoder recomputeBufferSizeAfterLimit ()V
